ilan_no,mahalle,ilce,il,fiyat,brut_m2,net_m2,oda_sayisi,banyo_sayisi,kat_sayisi,bulundugu_kat,bina_yasi,isinma,esya_durumu,kullanim_durumu,tapu_durumu,cephe,aidat,url
120082-1262,İkizçay,Edremit,Balıkesir,9.250.000 TL,150,115,3 + 1,1,1 Katlı,,24 Yaşında,Klima,Eşyalı Değil,Boş,Kat İrtifakı,"Güney, Batı",,https://www.hepsiemlak.com/balikesir-edremit-ikizcay-satilik/villa/120082-1262
70496-3136,Efeler,Didim,Aydın,7.200.000 TL,180,100,3 + 1,2,2 Katlı,1. Kat,15 Yaşında,Klima,Eşyalı,Boş,Kat Mülkiyeti,"Kuzey, Güney",1.000 TL,https://www.hepsiemlak.com/aydin-didim-efeler-satilik/daire/70496-3136
169654-7,Turgutlar,Turgutlu,Manisa,3.700.000 TL,130,119,3 + 1,1,4 Katlı,En Üst Kat,8 Yaşında,Kombi,Eşyalı Değil,,Kat Mülkiyeti,Güney,1 TL,https://www.hepsiemlak.com/manisa-turgutlu-turgutlar-satilik/daire/169654-7
124024-632,Camikebir,Seferihisar,İzmir,8.250.000 TL,220,180,3 + 1,3,4 Katlı,4. Kat,3 Yaşında,Kombi,Eşyalı Değil,Boş,Kat İrtifakı,"Güney, Doğu, Batı",500 TL,https://www.hepsiemlak.com/izmir-seferihisar-camikebir-satilik/daire/124024-632
111753-2679,Cumhuriyet,Beylikdüzü,İstanbul,4.200.000 TL,145,130,3 + 1,2,10 Katlı,4. Kat,9 Yaşında,Kombi,Eşyalı Değil,Boş,Yabancıdan,"Güney, Doğu",,https://www.hepsiemlak.com/istanbul-beylikduzu-cumhuriyet-satilik/daire/111753-2679
111753-2696,Güzelyurt,Esenyurt,İstanbul,3.500.000 TL,110,100,2 + 1,1,5 Katlı,1. Kat,Sıfır Bina,Kombi,Eşyalı Değil,Boş,Kat Mülkiyeti,"Güney, Doğu",,https://www.hepsiemlak.com/istanbul-esenyurt-guzelyurt-satilik/daire/111753-2696
104775-6023,Fahri Korutürk,Mamak,Ankara,3.199.000 TL,110,105,2 + 1,1,3 Katlı,Yüksek Giriş,16 Yaşında,Kombi,Eşyalı Değil,Mülk Sahibi,Kat Mülkiyeti,"Güney, Doğu",150 TL,https://www.hepsiemlak.com/ankara-mamak-fahri-koruturk-satilik/daire/104775-6023
124996-603,Güzelçamlı,Kuşadası,Aydın,15.250.000 TL,192,110,3 + 1,2,2 Katlı,,2 Yaşında,Yerden Isıtma,Eşyalı,Boş,Kat Mülkiyeti,"Kuzey, Güney, Doğu, Batı",2.500 TL,https://www.hepsiemlak.com/aydin-kusadasi-guzelcamli-satilik/villa/124996-603
165223-133,Güzelyurt,Esenyurt,İstanbul,4.850.000 TL,100,90,2 + 1,1,5 Katlı,2. Kat,6 Yaşında,Kombi,Eşyalı Değil,Boş,Kat Mülkiyeti,,,https://www.hepsiemlak.com/istanbul-esenyurt-guzelyurt-satilik/daire/165223-133
165223-132,Mevlana,Esenyurt,İstanbul,2.300.000 TL,100,95,2 + 1,1,3 Katlı,Bahçe Katı,5 Yaşında,Kombi,Eşyalı Değil,Kiracılı,Kat Mülkiyeti,"Kuzey, Güney, Doğu, Batı",,https://www.hepsiemlak.com/istanbul-esenyurt-mevlana-satilik/daire/165223-132
168870-20,Ören,Milas,Muğla,6.950.000 TL,75,70,2 + 1,1,1 Katlı,1. Kat,3 Yaşında,Klima,Eşyalı,Boş,Kat Mülkiyeti,Doğu,1 TL,https://www.hepsiemlak.com/mugla-milas-oren-satilik/daire/168870-20
160865-5,Akşemsettin,Mamak,Ankara,13.500.000 TL,222,205,4 + 1,3,23 Katlı,20. Kat,Sıfır Bina,Yerden Isıtma,Eşyalı Değil,Boş,Kooperatiften H...,Kuzey,,https://www.hepsiemlak.com/ankara-mamak-aksemsettin-satilik/daire/160865-5
2168-2340,Bosna Hersek,Selçuklu,Konya,3.200.000 TL,125,105,3 + 1,1,3 Katlı,3. Kat,10 Yaşında,Kombi,Eşyalı Değil,Boş,Kat Mülkiyeti,"Kuzey, Güney, Batı",500 TL,https://www.hepsiemlak.com/konya-selcuklu-bosna-hersek-satilik/daire/2168-2340
148194-195,Celal Bayar,Çeşme,İzmir,65.000.000 TL,150,120,2 + 1,1,10 Katlı,3. Kat,1 Yaşında,VRV,Eşyalı,Mülk Sahibi,Hisseli Tapu,"Kuzey, Güney",,https://www.hepsiemlak.com/izmir-cesme-celal-bayar-satilik/daire/148194-195
54537-3948,Aziziye,Karasu,Sakarya,1.500.000 TL,85,75,2 + 1,1,3 Katlı,2. Kat,Sıfır Bina,Kombi,Eşyalı Değil,Boş,Kat Mülkiyeti,,,https://www.hepsiemlak.com/sakarya-karasu-aziziye-satilik/daire/54537-3948
137998-275,Adnan Kahveci,Beylikdüzü,İstanbul,7.430.000 TL,150,145,3 + 1,2,5 Katlı,3. Kat,Sıfır Bina,Kombi,Eşyalı Değil,Boş,Yabancıdan,"Kuzey, Güney, Doğu, Batı",,https://www.hepsiemlak.com/istanbul-beylikduzu-adnan-kahveci-satilik/daire/137998-275
137998-333,Kavaklı,Beylikdüzü,İstanbul,4.699.000 TL,125,115,2 + 1,2,4 Katlı,2. Kat,5 Yaşında,Kombi,Eşyalı Değil,Kiracılı,Yabancıdan,"Güney, Doğu",2.500 TL,https://www.hepsiemlak.com/istanbul-beylikduzu-kavakli-satilik/daire/137998-333
137998-328,Adnan Kahveci,Beylikdüzü,İstanbul,7.600.000 TL,155,140,3 + 1,2,3 Katlı,2. Kat,Sıfır Bina,Kombi,Eşyalı Değil,Boş,Yabancıdan,"Kuzey, Güney, Doğu, Batı",,https://www.hepsiemlak.com/istanbul-beylikduzu-adnan-kahveci-satilik/daire/137998-328
137998-292,Adnan Kahveci,Beylikdüzü,İstanbul,5.320.000 TL,120,100,2 + 1,1,3 Katlı,2. Kat,6 Yaşında,Kombi,Eşyalı Değil,Boş,Yabancıdan,"Kuzey, Güney, Doğu, Batı",,https://www.hepsiemlak.com/istanbul-beylikduzu-adnan-kahveci-satilik/daire/137998-292
137998-315,Adnan Kahveci,Beylikdüzü,İstanbul,5.400.000 TL,100,85,2 + 1,2,3 Katlı,1. Kat,6 Yaşında,Kombi,Eşyalı Değil,Boş,Yabancıdan,"Kuzey, Güney, Doğu, Batı",,https://www.hepsiemlak.com/istanbul-beylikduzu-adnan-kahveci-satilik/daire/137998-315
49109-4178,Güzelçamlı,Kuşadası,Aydın,4.250.000 TL,120,100,3 + 1,1,4 Katlı,4. Kat,18 Yaşında,Klima,Eşyalı Değil,Boş,Kat Mülkiyeti,"Kuzey, Doğu, Batı",250 TL,https://www.hepsiemlak.com/aydin-kusadasi-guzelcamli-satilik/daire/49109-4178
160488-187,Tepeköy,Torbalı,İzmir,2.890.000 TL,110,100,2 + 1,1,4 Katlı,2. Kat,16 Yaşında,Kombi,Eşyalı Değil,Boş,Kat Mülkiyeti,,200 TL,https://www.hepsiemlak.com/izmir-torbali-tepekoy-satilik/daire/160488-187
134686-2212,Paşa Alanı,Karesi,Balıkesir,3.850.000 TL,62,57,2 + 1,1,2 Katlı,Yüksek Giriş,Sıfır Bina,Yerden Isıtma,Eşyalı Değil,Boş,Kat İrtifakı,"Güney, Batı",,https://www.hepsiemlak.com/balikesir-karesi-pasa-alani-satilik/daire/134686-2212
134686-2214,Paşa Alanı,Karesi,Balıkesir,3.800.000 TL,62,57,2 + 1,1,3 Katlı,2. Kat,Sıfır Bina,Yerden Isıtma,Eşyalı Değil,Boş,Kat İrtifakı,"Güney, Batı",,https://www.hepsiemlak.com/balikesir-karesi-pasa-alani-satilik/daire/134686-2214
134686-2216,Paşa Alanı,Karesi,Balıkesir,2.750.000 TL,45,40,1 + 1,1,3 Katlı,3. Kat,Sıfır Bina,Yerden Isıtma,Eşyalı Değil,Boş,Kat İrtifakı,"Güney, Batı",,https://www.hepsiemlak.com/balikesir-karesi-pasa-alani-satilik/daire/134686-2216
17215-718,Bayraktar,Çankaya,Ankara,29.500.000 TL,500,350,4 + 1,3,10 Katlı,10. Kat,30 Yaşında,Merkezi,,Boş,Kat Mülkiyeti,"Güney, Doğu, Batı",14.000 TL,https://www.hepsiemlak.com/ankara-cankaya-bayraktar-satilik/daire/17215-718
113784-2436,Ayvalı,Keçiören,Ankara,9.995.000 TL,198,180,4 + 1,2,13 Katlı,13. Kat,10 Yaşında,Kombi,Eşyalı Değil,Mülk Sahibi,Kat Mülkiyeti,"Güney, Doğu",500 TL,https://www.hepsiemlak.com/ankara-kecioren-ayvali-satilik/daire/113784-2436
138321-1161,Çınar,Esenyurt,İstanbul,2.900.000 TL,110,88,2 + 1,2,4 Katlı,Ara Kat,1 Yaşında,Kombi,Eşyalı Değil,Boş,Kat Mülkiyeti,"Kuzey, Güney, Doğu, Batı",200 TL,https://www.hepsiemlak.com/istanbul-esenyurt-cinar-satilik/daire/138321-1161
138321-1076,Güzelyurt,Esenyurt,İstanbul,4.399.000 TL,185,170,3 + 2,2,4 Katlı,3. Kat,8 Yaşında,Kombi,Eşyalı Değil,Boş,Kat Mülkiyeti,"Kuzey, Güney, Doğu, Batı",200 TL,https://www.hepsiemlak.com/istanbul-esenyurt-guzelyurt-satilik/daire/138321-1076
122234-1157,Emniyet,Yenimahalle,Ankara,9.750.000 TL,82,53,1 + 1,1,8 Katlı,8. Kat,3 Yaşında,Merkezi (Pay Öl...,Eşyalı Değil,Boş,Tapu Yok,"Kuzey, Doğu",,https://www.hepsiemlak.com/ankara-yenimahalle-emniyet-satilik/daire/122234-1157
143901-274,Türkmen,Kuşadası,Aydın,7.250.000 TL,95,75,2 + 1,1,5 Katlı,3. Kat,16 Yaşında,Klima,Eşyalı Değil,Mülk Sahibi,Kat İrtifakı,Batı,2.000 TL,https://www.hepsiemlak.com/aydin-kusadasi-turkmen-satilik/daire/143901-274
134691-80,Koyunbaba,Bodrum,Muğla,20.750.000 TL,300,220,4 + 1,2,,Bahçe Katı,21 Yaşında,Klima,Eşyalı Değil,Mülk Sahibi,Kat Mülkiyeti,Batı,3.500 TL,https://www.hepsiemlak.com/mugla-bodrum-koyunbaba-satilik/mustakil-ev/134691-80
63496-5441,Hacı Seyit,Tepebaşı,Eskişehir,1.900.000 TL,100,90,3 + 1,1,7 Katlı,6. Kat,31 Yaşında,Merkezi,Eşyalı Değil,Boş,Kat Mülkiyeti,Güney,,https://www.hepsiemlak.com/eskisehir-tepebasi-haci-seyit-satilik/daire/63496-5441
63496-5412,Sütlüce,Tepebaşı,Eskişehir,1.210.000 TL,45,35,1 + 1,1,3 Katlı,1. Kat,13 Yaşında,Kombi,Eşyalı Değil,Boş,Kat İrtifakı,Batı,,https://www.hepsiemlak.com/eskisehir-tepebasi-sutluce-satilik/daire/63496-5412
133456-453,Güzelçamlı,Kuşadası,Aydın,4.100.000 TL,100,90,2 + 1,1,4 Katlı,2. Kat,21 Yaşında,Klima,Eşyalı Değil,Mülk Sahibi,Kat Mülkiyeti,"Güney, Doğu",,https://www.hepsiemlak.com/aydin-kusadasi-guzelcamli-satilik/daire/133456-453
118329-342,Yağcılar,Adapazarı,Sakarya,2.300.000 TL,128,115,3 + 1,1,4 Katlı,En Üst Kat,30 Yaşında,Kombi,Eşyalı Değil,,Kat Mülkiyeti,"Güney, Batı",,https://www.hepsiemlak.com/sakarya-adapazari-yagcilar-satilik/daire/118329-342
118329-321,Güneşler Merkez,Adapazarı,Sakarya,5.750.000 TL,150,140,5 + 1,2,3 Katlı,En Üst Kat,5 Yaşında,Kombi,Eşyalı Değil,Boş,Kat İrtifakı,"Kuzey, Güney, Batı",,https://www.hepsiemlak.com/sakarya-adapazari-gunesler-merkez-satilik/daire/118329-321
126773-149,Kazım Özalp,Çankaya,Ankara,12.800.000 TL,280,250,5 + 1,3,2 Katlı,En Üst Kat,35 Yaşında,Merkezi (Pay Öl...,Eşyalı Değil,Boş,Kat Mülkiyeti,"Kuzey, Doğu, Batı",4.000 TL,https://www.hepsiemlak.com/ankara-cankaya-kazim-ozalp-satilik/daire/126773-149
151774-161,Dalyan,Ortaca,Muğla,6.000.000 TL,50,40,1 + 1,1,1 Katlı,1. Kat,Sıfır Bina,Yerden Isıtma,,,Kat İrtifakı,"Kuzey, Güney, Doğu, Batı",,https://www.hepsiemlak.com/mugla-ortaca-dalyan-satilik/daire/151774-161
138321-1168,Yeşilkent,Esenyurt,İstanbul,1.100.000 TL,111,108,2 + 1,1,5 Katlı,Bahçe Katı,5 Yaşında,Kombi,Eşyalı Değil,Boş,Kat Mülkiyeti,Güney,,https://www.hepsiemlak.com/istanbul-esenyurt-yesilkent-satilik/daire/138321-1168
27499-4016,Güzelçamlı,Kuşadası,Aydın,60.000.000 TL,320,250,5 + 1,4,2 Katlı,Bahçe Katı,11 Yaşında,Klima,Eşyalı Değil,Boş,Kat Mülkiyeti,"Kuzey, Güney, Doğu, Batı",1 TL,https://www.hepsiemlak.com/aydin-kusadasi-guzelcamli-satilik/villa/27499-4016
9072-2118,Şahindere,Edremit,Balıkesir,7.250.000 TL,140,120,4 + 2,3,2 Katlı,Yüksek Giriş,15 Yaşında,Kat Kaloriferi,Eşyalı,Boş,Kat Mülkiyeti,"Kuzey, Güney, Doğu, Batı",1 TL,https://www.hepsiemlak.com/balikesir-edremit-sahindere-satilik/daire/9072-2118
111753-2687,Yeşilkent,Esenyurt,İstanbul,1.645.000 TL,70,65,1 + 1,1,26 Katlı,21 ve üzeri,8 Yaşında,Kombi,Eşyalı,Kiracılı,Yabancıdan,"Kuzey, Güney, Doğu, Batı",,https://www.hepsiemlak.com/istanbul-esenyurt-yesilkent-satilik/daire/111753-2687
111753-2654,Talatpaşa,Esenyurt,İstanbul,1.475.000 TL,90,82,2 + 1,1,4 Katlı,Yüksek Giriş,6 Yaşında,Kombi,Eşyalı Değil,,Kat Mülkiyeti,"Güney, Doğu",,https://www.hepsiemlak.com/istanbul-esenyurt-talatpasa-satilik/daire/111753-2654
136218-1244,Mimar Sinan,Üsküdar,İstanbul,9.850.000 TL,95,85,2 + 1,1,7 Katlı,4. Kat,4 Yaşında,Kombi,Eşyalı Değil,Boş,Kat Mülkiyeti,,,https://www.hepsiemlak.com/istanbul-uskudar-mimar-sinan-satilik/daire/136218-1244
165223-134,Bağlarçeşme,Esenyurt,İstanbul,2.990.000 TL,100,90,2 + 1,1,5 Katlı,1. Kat,6 Yaşında,Kombi,Eşyalı Değil,Boş,Kat Mülkiyeti,,,https://www.hepsiemlak.com/istanbul-esenyurt-baglarcesme-satilik/daire/165223-134
58396-205,Adatepe,Buca,İzmir,4.700.000 TL,130,120,3 + 1,1,3 Katlı,3. Kat,11 Yaşında,Kombi,Eşyalı Değil,Boş,Kat Mülkiyeti,,200 TL,https://www.hepsiemlak.com/izmir-buca-adatepe-satilik/daire/58396-205
58396-201,Adatepe,Buca,İzmir,3.250.000 TL,55,50,1 + 1,1,3 Katlı,1. Kat,5 Yaşında,Kombi,Eşyalı,Kiracılı,Kat Mülkiyeti,,200 TL,https://www.hepsiemlak.com/izmir-buca-adatepe-satilik/daire/58396-201
163123-7,Ragıp Bey,Akhisar,Manisa,2.850.000 TL,120,110,2 + 1,1,4 Katlı,1. Kat,31 Yaşında,Kombi,Eşyalı Değil,Mülk Sahibi,Kat Mülkiyeti,"Güney, Doğu",,https://www.hepsiemlak.com/manisa-akhisar-ragip-bey-satilik/daire/163123-7
130076-360,Narlı,Edremit,Balıkesir,7.450.000 TL,160,150,3 + 1,3,3 Katlı,,21 Yaşında,Klima,Eşyalı,Boş,Kat Mülkiyeti,"Kuzey, Güney, Doğu, Batı",,https://www.hepsiemlak.com/balikesir-edremit-narli-satilik/villa/130076-360
130076-382,Altınoluk,Edremit,Balıkesir,13.900.000 TL,200,150,4 + 2,4,3 Katlı,Bahçe Katı,4 Yaşında,Yerden Isıtma,Eşyalı,Mülk Sahibi,Müstakil Tapulu,"Kuzey, Güney, Doğu, Batı",1.000 TL,https://www.hepsiemlak.com/balikesir-edremit-altinoluk-satilik/villa/130076-382
169509-3,Altıntas,Dalaman,Muğla,3.750.000 TL,55,50,1 + 1,1,4 Katlı,2. Kat,11 Yaşında,Klima,Eşyalı,Boş,Müstakil Tapulu,,,https://www.hepsiemlak.com/mugla-dalaman-altintas-satilik/daire/169509-3
160344-37,Yayla,Tuzla,İstanbul,19.950.000 TL,230,190,5 + 2,3,8 Katlı,8. Kat,Sıfır Bina,Merkezi (Pay Öl...,Eşyalı Değil,Boş,Tapu Yok,"Güney, Batı",6.700 TL,https://www.hepsiemlak.com/istanbul-tuzla-yayla-satilik/daire/160344-37
160344-40,Aydınlı,Tuzla,İstanbul,4.950.000 TL,70,55,1 + 1,1,2 Katlı,2. Kat,11 Yaşında,Kombi,Eşyalı Değil,Boş,Kat Mülkiyeti,Doğu,,https://www.hepsiemlak.com/istanbul-tuzla-aydinli-satilik/daire/160344-40
137613-84,Ekin,Mamak,Ankara,2.900.000 TL,120,110,3 + 1,1,3 Katlı,Giriş Katı,Sıfır Bina,Kombi,Eşyalı Değil,Boş,Kat Mülkiyeti,"Güney, Doğu",,https://www.hepsiemlak.com/ankara-mamak-ekin-satilik/daire/137613-84
129481-1303,Şehremini,Fatih,İstanbul,2.650.000 TL,70,65,1 + 1,1,5 Katlı,Yarı Bodrum,35 Yaşında,Kombi,,Kiracılı,Kat Mülkiyeti,"Kuzey, Güney",200 TL,https://www.hepsiemlak.com/istanbul-fatih-sehremini-satilik/daire/129481-1303
129481-1457,Seyyid Ömer,Fatih,İstanbul,3.680.000 TL,75,70,2 + 1,1,5 Katlı,5. Kat,35 Yaşında,Kombi,Eşyalı,Mülk Sahibi,Kat Mülkiyeti,"Kuzey, Güney",300 TL,https://www.hepsiemlak.com/istanbul-fatih-seyyid-omer-satilik/daire/129481-1457
129481-1455,Silivrikapı,Fatih,İstanbul,11.400.000 TL,243,240,5 + 1,2,4 Katlı,Yüksek Giriş,Sıfır Bina,Kombi,Eşyalı Değil,Boş,Kat Mülkiyeti,,,https://www.hepsiemlak.com/istanbul-fatih-silivrikapi-satilik/daire/129481-1455
134592-908,Yedi Eylül,Efeler,Aydın,4.200.000 TL,120,100,2 + 1,2,6 Katlı,3. Kat,16 Yaşında,Kombi,Eşyalı Değil,Kiracılı,Kat İrtifakı,,,https://www.hepsiemlak.com/aydin-efeler-yedi-eylul-satilik/daire/134592-908
12671-624,Kızılay,Çankaya,Ankara,4.900.000 TL,90,79,3 + 1,1,5 Katlı,Giriş Katı,45 Yaşında,Merkezi,Eşyalı Değil,Boş,Kat Mülkiyeti,"Güney, Doğu",2.500 TL,https://www.hepsiemlak.com/ankara-cankaya-kizilay-satilik/daire/12671-624
131736-556,İbrahimağa,Develi,Kayseri,3.550.000 TL,105,89,2 + 1,2,6 Katlı,En Üst Kat,3 Yaşında,Kombi,Eşyalı Değil,Boş,Kat Mülkiyeti,"Kuzey, Güney, Batı",,https://www.hepsiemlak.com/kayseri-develi-ibrahimaga-satilik/daire/131736-556
1077-67498,Caddebostan,Kadıköy,İstanbul,30.750.000 TL,137,100,3 + 1,1,10 Katlı,8. Kat,8 Yaşında,Merkezi (Pay Öl...,Eşyalı Değil,Boş,Kat Mülkiyeti,Güney,,https://www.hepsiemlak.com/istanbul-kadikoy-caddebostan-satilik/daire/1077-67498
164939-395,Kamil Ocak,Keçiören,Ankara,3.680.000 TL,120,110,3 + 1,1,3 Katlı,3. Kat,33 Yaşında,Kombi,Eşyalı Değil,Boş,Kat Mülkiyeti,"Güney, Batı",,https://www.hepsiemlak.com/ankara-kecioren-kamil-ocak-satilik/daire/164939-395
11065-2130,Bağcılar,Çankaya,Ankara,11.000.000 TL,280,250,5 + 1,3,2 Katlı,2. Kat,21 Yaşında,Kombi,Eşyalı Değil,Boş,Kat Mülkiyeti,"Güney, Batı",700 TL,https://www.hepsiemlak.com/ankara-cankaya-bagcilar-satilik/daire/11065-2130
11065-2134,Ayrancı,Çankaya,Ankara,17.600.000 TL,220,180,4 + 1,2,20 Katlı,13. Kat,21 Yaşında,Merkezi,Eşyalı Değil,Boş,Kat Mülkiyeti,"Doğu, Batı",9.600 TL,https://www.hepsiemlak.com/ankara-cankaya-ayranci-satilik/daire/11065-2134
94193-332,Şahindere,Edremit,Balıkesir,10.300.000 TL,160,140,3 + 1,2,3 Katlı,,Sıfır Bina,Yerden Isıtma,Eşyalı Değil,Boş,Kat İrtifakı,Güney,,https://www.hepsiemlak.com/balikesir-edremit-sahindere-satilik/villa/94193-332
94193-354,Akçay,Edremit,Balıkesir,4.250.000 TL,55,44,1 + 1,1,3 Katlı,2. Kat,Sıfır Bina,Kombi,Eşyalı Değil,Boş,Kat İrtifakı,Güney,,https://www.hepsiemlak.com/balikesir-edremit-akcay-satilik/daire/94193-354
54895-930,Maden,Adalar,İstanbul,39.000.000 TL,739,177,4 + 2,3,2 Katlı,,57 Yaşında,Kombi,Eşyalı Değil,Boş,Kat Mülkiyeti,"Kuzey, Güney, Doğu, Batı",,https://www.hepsiemlak.com/istanbul-adalar-maden-satilik/mustakil-ev/54895-930
54895-1196,Nizam,Adalar,İstanbul,48.000.000 TL,582,476,10 + 3,8,3 Katlı,,56 Yaşında,Kombi,Eşyalı Değil,Boş,Müstakil Tapulu,"Kuzey, Güney, Doğu, Batı",,https://www.hepsiemlak.com/istanbul-adalar-nizam-satilik/mustakil-ev/54895-1196
165223-131,Ardıçlı,Esenyurt,İstanbul,2.950.000 TL,100,95,2 + 1,1,5 Katlı,1. Kat,1 Yaşında,Kombi,Eşyalı Değil,Boş,Kat Mülkiyeti,"Güney, Doğu, Batı",,https://www.hepsiemlak.com/istanbul-esenyurt-ardicli-satilik/daire/165223-131
54671-3122,Osman Temiz,Çankaya,Ankara,6.799.990 TL,155,140,4 + 1,1,3 Katlı,2. Kat,25 Yaşında,Kombi,Eşyalı Değil,Boş,Kat Mülkiyeti,"Güney, Doğu, Batı",250 TL,https://www.hepsiemlak.com/ankara-cankaya-osman-temiz-satilik/daire/54671-3122
1100-13169,Göztepe,Kadıköy,İstanbul,12.950.000 TL,100,80,2 + 1,2,11 Katlı,Giriş Katı,26 Yaşında,Kombi,Eşyalı Değil,Boş,Kat Mülkiyeti,,,https://www.hepsiemlak.com/istanbul-kadikoy-goztepe-satilik/daire/1100-13169
1100-13181,Göztepe,Kadıköy,İstanbul,27.950.000 TL,120,96,3 + 1,2,9 Katlı,6. Kat,1 Yaşında,Kombi,Eşyalı Değil,Mülk Sahibi,Kat Mülkiyeti,"Güney, Batı",,https://www.hepsiemlak.com/istanbul-kadikoy-goztepe-satilik/daire/1100-13181
1100-13164,Suadiye,Kadıköy,İstanbul,22.950.000 TL,130,100,3 + 1,2,10 Katlı,3. Kat,9 Yaşında,Kombi,Eşyalı Değil,Boş,Kat Mülkiyeti,"Kuzey, Güney, Doğu, Batı",,https://www.hepsiemlak.com/istanbul-kadikoy-suadiye-satilik/daire/1100-13164
1100-13176,Bostancı,Kadıköy,İstanbul,10.950.000 TL,130,100,3 + 1,1,5 Katlı,5. Kat,40 Yaşında,Kombi,,Boş,Kat Mülkiyeti,"Güney, Doğu, Batı",,https://www.hepsiemlak.com/istanbul-kadikoy-bostanci-satilik/daire/1100-13176
5116-2130,Yükseltepe,Keçiören,Ankara,8.500.000 TL,200,185,4 + 1,2,18 Katlı,2. Kat,5 Yaşında,Merkezi (Pay Öl...,Eşyalı Değil,Mülk Sahibi,Kat Mülkiyeti,"Doğu, Batı",,https://www.hepsiemlak.com/ankara-kecioren-yukseltepe-satilik/daire/5116-2130
5116-2104,Yayla,Keçiören,Ankara,6.750.000 TL,130,120,3 + 1,1,4 Katlı,3. Kat,6 Yaşında,Kombi,Eşyalı Değil,Mülk Sahibi,Kat Mülkiyeti,"Güney, Doğu, Batı",,https://www.hepsiemlak.com/ankara-kecioren-yayla-satilik/daire/5116-2104
1077-67468,Caddebostan,Kadıköy,İstanbul,22.750.000 TL,125,95,3 + 1,1,9 Katlı,6. Kat,7 Yaşında,Kombi,Eşyalı Değil,Boş,Kat Mülkiyeti,,,https://www.hepsiemlak.com/istanbul-kadikoy-caddebostan-satilik/daire/1077-67468
1077-67496,Erenköy,Kadıköy,İstanbul,12.750.000 TL,75,60,2 + 1,2,8 Katlı,Yüksek Giriş,Sıfır Bina,Kombi,Eşyalı Değil,Boş,Kat İrtifakı,,,https://www.hepsiemlak.com/istanbul-kadikoy-erenkoy-satilik/daire/1077-67496
113784-2405,Ovacık,Keçiören,Ankara,5.849.000 TL,140,130,3 + 1,2,4 Katlı,2. Kat,5 Yaşında,Kombi,Eşyalı Değil,Mülk Sahibi,Kat Mülkiyeti,"Güney, Doğu, Batı",250 TL,https://www.hepsiemlak.com/ankara-kecioren-ovacik-satilik/daire/113784-2405
113784-2164,Ovacık,Keçiören,Ankara,6.495.000 TL,145,130,3 + 1,1,3 Katlı,1. Kat,Sıfır Bina,Kombi,Eşyalı Değil,Boş,Kat Mülkiyeti,"Güney, Doğu, Batı",100 TL,https://www.hepsiemlak.com/ankara-kecioren-ovacik-satilik/daire/113784-2164
164896-19,Tevfikiye,Yunusemre,Manisa,5.350.000 TL,120,115,3 + 1,1,6 Katlı,5. Kat,21 Yaşında,Kombi,Eşyalı Değil,Boş,Kat Mülkiyeti,,,https://www.hepsiemlak.com/manisa-yunusemre-tevfikiye-satilik/daire/164896-19
51689-7859,Mahkeme,Burhaniye,Balıkesir,2.500.000 TL,58,55,1 + 1,1,3 Katlı,En Üst Kat,5 Yaşında,Klima,Eşyalı Değil,Boş,Kat Mülkiyeti,"Kuzey, Güney, Doğu, Batı",,https://www.hepsiemlak.com/balikesir-burhaniye-mahkeme-satilik/daire/51689-7859
51689-7853,Yaya,Gömeç,Balıkesir,2.800.000 TL,55,50,1 + 1,1,3 Katlı,En Üst Kat,Sıfır Bina,Kombi,Eşyalı Değil,Boş,Kat İrtifakı,"Kuzey, Güney, Doğu, Batı",,https://www.hepsiemlak.com/balikesir-gomec-yaya-satilik/daire/51689-7853
113784-2353,Etlik,Keçiören,Ankara,4.799.000 TL,140,130,3 + 1,1,3 Katlı,2. Kat,20 Yaşında,Kombi,Eşyalı Değil,Boş,Kat Mülkiyeti,"Güney, Doğu, Batı",200 TL,https://www.hepsiemlak.com/ankara-kecioren-etlik-satilik/daire/113784-2353
130826-2511,Yeni,Didim,Aydın,5.800.000 TL,135,120,3 + 1,1,5 Katlı,3. Kat,6 Yaşında,Klima,Eşyalı Değil,Mülk Sahibi,Kat Mülkiyeti,Güney,,https://www.hepsiemlak.com/aydin-didim-yeni-satilik/daire/130826-2511
112177-75,Adnan Kahveci,Beylikdüzü,İstanbul,2.949.000 TL,90,85,1 + 1,,5 Katlı,Yüksek Giriş,Sıfır Bina,Kombi,Eşyalı Değil,Boş,Kat Mülkiyeti,Güney,,https://www.hepsiemlak.com/istanbul-beylikduzu-adnan-kahveci-satilik/daire/112177-75
57563-46,Kadınlar Denizi,Kuşadası,Aydın,8.950.000 TL,50,45,1 + 1,1,5 Katlı,5. Kat,3 Yaşında,Klima,Eşyalı Değil,Boş,Kat İrtifakı,"Güney, Doğu, Batı",3.000 TL,https://www.hepsiemlak.com/aydin-kusadasi-kadinlar-denizi-satilik/daire/57563-46
57563-45,Kadınlar Denizi,Kuşadası,Aydın,8.550.000 TL,50,45,1 + 1,1,5 Katlı,5. Kat,3 Yaşında,Klima,Eşyalı Değil,Boş,Kat İrtifakı,"Güney, Doğu, Batı",3.000 TL,https://www.hepsiemlak.com/aydin-kusadasi-kadinlar-denizi-satilik/daire/57563-45
122845-4013,Şafaktepe,Mamak,Ankara,2.495.000 TL,90,80,2 + 1,1,3 Katlı,Yarı Bodrum,16 Yaşında,Kombi,Eşyalı Değil,Boş,Kat Mülkiyeti,"Güney, Doğu",,https://www.hepsiemlak.com/ankara-mamak-safaktepe-satilik/daire/122845-4013
53138-12808,General Zeki Doğan,Mamak,Ankara,4.580.000 TL,130,120,3 + 1,1,3 Katlı,3. Kat,25 Yaşında,Kombi,Eşyalı Değil,Boş,Kat Mülkiyeti,Güney,,https://www.hepsiemlak.com/ankara-mamak-general-zeki-dogan-satilik/daire/53138-12808
165859-8,Kemalettin,Çorlu,Tekirdağ,2.500.000 TL,89,79,2 + 1,2,6 Katlı,3. Kat,6 Yaşında,Kombi,Eşyalı Değil,Boş,Dernekten/Vakıf...,,,https://www.hepsiemlak.com/tekirdag-corlu-kemalettin-satilik/daire/165859-8
168782-12,Altındağ,Muratpaşa,Antalya,4.950.000 TL,135,110,2 + 1,1,8 Katlı,4. Kat,26 Yaşında,Klima,Eşyalı Değil,Boş,Kat Mülkiyeti,"Kuzey, Batı",,https://www.hepsiemlak.com/antalya-muratpasa-altindag-satilik/daire/168782-12
88824-849,Altınova,Ayvalık,Balıkesir,4.500.000 TL,85,80,2 + 1,1,3 Katlı,2. Kat,Sıfır Bina,Klima,Eşyalı Değil,Boş,Yabancıdan,"Kuzey, Güney, Doğu, Batı",500 TL,https://www.hepsiemlak.com/balikesir-ayvalik-altinova-satilik/daire/88824-849
88824-846,Altınova,Ayvalık,Balıkesir,6.450.000 TL,110,95,3 + 1,5,4 Katlı,1. Kat,1 Yaşında,Klima,Eşyalı Değil,Boş,Kat Mülkiyeti,"Kuzey, Güney, Doğu, Batı",500 TL,https://www.hepsiemlak.com/balikesir-ayvalik-altinova-satilik/daire/88824-846
88824-847,Altınova,Ayvalık,Balıkesir,12.500.000 TL,160,125,4 + 1,3,2 Katlı,,1 Yaşında,Klima,Eşyalı Değil,Boş,Kat Mülkiyeti,"Kuzey, Güney, Doğu, Batı",500 TL,https://www.hepsiemlak.com/balikesir-ayvalik-altinova-satilik/villa/88824-847
76272-1685,Ege,Kuşadası,Aydın,12.750.000 TL,120,100,2 + 1,2,2 Katlı,2. Kat,Sıfır Bina,Kombi,Eşyalı Değil,Boş,Kat Mülkiyeti,"Güney, Doğu, Batı",2.000 TL,https://www.hepsiemlak.com/aydin-kusadasi-ege-satilik/residence/76272-1685
88824-842,Altınova,Ayvalık,Balıkesir,6.950.000 TL,160,130,4 + 1,3,3 Katlı,,20 Yaşında,Klima,Eşyalı Değil,Mülk Sahibi,Kat Mülkiyeti,"Kuzey, Güney, Doğu, Batı",500 TL,https://www.hepsiemlak.com/balikesir-ayvalik-altinova-satilik/villa/88824-842
76272-1683,Kadınlar Denizi,Kuşadası,Aydın,6.950.000 TL,160,150,3 + 1,2,5 Katlı,2. Kat,16 Yaşında,Kombi,Eşyalı Değil,Boş,Kat Mülkiyeti,"Güney, Doğu, Batı",1.000 TL,https://www.hepsiemlak.com/aydin-kusadasi-kadinlar-denizi-satilik/daire/76272-1683
88824-841,Altınova,Ayvalık,Balıkesir,4.200.000 TL,55,50,1 + 1,2,3 Katlı,2. Kat,1 Yaşında,Klima,Eşyalı Değil,Boş,Kat Mülkiyeti,"Kuzey, Güney, Doğu, Batı",500 TL,https://www.hepsiemlak.com/balikesir-ayvalik-altinova-satilik/daire/88824-841
76272-1686,Değirmendere,Kuşadası,Aydın,6.250.000 TL,100,90,2 + 1,1,5 Katlı,3. Kat,Sıfır Bina,Kombi,Eşyalı Değil,Boş,Kat Mülkiyeti,"Doğu, Batı",1.000 TL,https://www.hepsiemlak.com/aydin-kusadasi-degirmendere-satilik/daire/76272-1686
165859-11,Aksu,Merkez,Giresun,3.000.000 TL,94,85,2 + 1,1,6 Katlı,4. Kat,4 Yaşında,Kombi,Eşyalı Değil,Boş,Dernekten/Vakıf...,"Doğu, Batı",,https://www.hepsiemlak.com/giresun-merkez-aksu-satilik/daire/165859-11
76287-2635,Anıttepe,Çankaya,Ankara,6.250.000 TL,125,112,3 + 1,1,4 Katlı,3. Kat,45 Yaşında,Kombi,Eşyalı Değil,Kiracılı,Kat Mülkiyeti,"Güney, Doğu, Batı",2.250 TL,https://www.hepsiemlak.com/ankara-cankaya-anittepe-satilik/daire/76287-2635
76287-2657,Anıttepe,Çankaya,Ankara,6.250.000 TL,130,120,3 + 1,1,7 Katlı,7. Kat,25 Yaşında,Kombi,Eşyalı Değil,Boş,Kat Mülkiyeti,"Güney, Doğu, Batı",1.000 TL,https://www.hepsiemlak.com/ankara-cankaya-anittepe-satilik/daire/76287-2657
76287-2648,Yukarı Bahçelievler,Çankaya,Ankara,18.500.000 TL,260,217,5 + 1,2,4 Katlı,4. Kat,10 Yaşında,Kombi,Eşyalı Değil,Boş,Kat Mülkiyeti,"Kuzey, Güney, Doğu",1.200 TL,https://www.hepsiemlak.com/ankara-cankaya-yukari-bahcelievler-satilik/daire/76287-2648
76287-2625,Emek,Çankaya,Ankara,10.750.000 TL,85,75,2 + 1,1,3 Katlı,3. Kat,Sıfır Bina,Kombi,Eşyalı Değil,Boş,Kat Mülkiyeti,"Güney, Batı",1.000 TL,https://www.hepsiemlak.com/ankara-cankaya-emek-satilik/daire/76287-2625
135454-123,Yıldırım Beyazıt,Çubuk,Ankara,2.235.000 TL,125,120,3 + 1,1,5 Katlı,3. Kat,16 Yaşında,Kombi,Eşyalı Değil,Boş,Kat İrtifakı,"Güney, Doğu",,https://www.hepsiemlak.com/ankara-cubuk-yildirim-beyazit-satilik/daire/135454-123
164258-96,Soğucak,Kuşadası,Aydın,28.500.000 TL,377,330,5 + 1,4,3 Katlı,Bahçe Katı,Sıfır Bina,Yerden Isıtma,Eşyalı Değil,Boş,Yabancıdan,"Kuzey, Güney, Doğu, Batı",,https://www.hepsiemlak.com/aydin-kusadasi-sogucak-satilik/villa/164258-96
164258-108,Soğucak,Kuşadası,Aydın,11.550.000 TL,300,200,4 + 1,4,3 Katlı,,11 Yaşında,Kombi,Eşyalı,Boş,Kat Mülkiyeti,"Kuzey, Güney, Doğu, Batı",,https://www.hepsiemlak.com/aydin-kusadasi-sogucak-satilik/villa/164258-108
149773-71,Çamlıbel,Kavaklıdere,Muğla,3.000.000 TL,126,80,2 + 1,1,1 Katlı,,1 Yaşında,Kat Kaloriferi,Eşyalı Değil,Boş,Müstakil Tapulu,"Kuzey, Güney, Doğu, Batı",,https://www.hepsiemlak.com/mugla-kavaklidere-camlibel-satilik/mustakil-ev/149773-71
155735-151,Namık Kemal,Ayvalık,Balıkesir,45.000.000 TL,170,150,3 + 1,2,2 Katlı,Bahçe Katı,Sıfır Bina,Klima,Eşyalı Değil,Boş,Kat Mülkiyeti,Güney,,https://www.hepsiemlak.com/balikesir-ayvalik-namik-kemal-satilik/villa/155735-151
48423-4662,Parseller,Ümraniye,İstanbul,26.750.000 TL,310,225,5 + 1,3,5 Katlı,5. Kat,23 Yaşında,Kombi,,Mülk Sahibi,Kat Mülkiyeti,,,https://www.hepsiemlak.com/istanbul-umraniye-parseller-satilik/daire/48423-4662
138828-551,İskele,Burhaniye,Balıkesir,13.250.000 TL,225,165,4 + 2,3,3 Katlı,,20 Yaşında,Kombi,Eşyalı Değil,Mülk Sahibi,Kat Mülkiyeti,"Kuzey, Güney, Doğu, Batı",1.500 TL,https://www.hepsiemlak.com/balikesir-burhaniye-iskele-satilik/villa/138828-551
169635-19,Turnasuyu,Gülyalı,Ordu,28.000.000 TL,362,308,5 + 1,4,3 Katlı,Bahçe Katı,3 Yaşında,Yerden Isıtma,Eşyalı Değil,Boş,Kat İrtifakı,"Kuzey, Güney, Doğu, Batı",,https://www.hepsiemlak.com/ordu-gulyali-turnasuyu-satilik/villa/169635-19
112101-2037,Davutlar,Kuşadası,Aydın,13.000.000 TL,160,150,3 + 1,3,3 Katlı,Bahçe Katı,Sıfır Bina,Klima,Eşyalı Değil,Boş,Kat Mülkiyeti,"Kuzey, Güney, Doğu, Batı",,https://www.hepsiemlak.com/aydin-kusadasi-davutlar-satilik/villa/112101-2037
165377-2,Mumcular,Bodrum,Muğla,55.000.000 TL,200,180,4 + 1,3,1 Katlı,,10 Yaşında,Klima,Eşyalı,Mülk Sahibi,Arsa,,,https://www.hepsiemlak.com/mugla-bodrum-mumcular-satilik/villa/165377-2
88824-850,Altınova,Ayvalık,Balıkesir,4.250.000 TL,85,80,2 + 1,1,3 Katlı,2. Kat,Sıfır Bina,Klima,Eşyalı Değil,Boş,Yabancıdan,"Kuzey, Güney, Doğu, Batı",500 TL,https://www.hepsiemlak.com/balikesir-ayvalik-altinova-satilik/daire/88824-850
28888-2068,Bağlıca,Etimesgut,Ankara,12.850.000 TL,173,160,4 + 1,2,10 Katlı,9. Kat,10 Yaşında,Kombi,Eşyalı Değil,Boş,Kat Mülkiyeti,"Kuzey, Doğu",,https://www.hepsiemlak.com/ankara-etimesgut-baglica-satilik/daire/28888-2068
28888-1947,Atayurt,Etimesgut,Ankara,4.750.000 TL,93,85,2 + 1,2,11 Katlı,4. Kat,Sıfır Bina,Merkezi (Pay Öl...,Eşyalı Değil,Boş,Kat Mülkiyeti,"Kuzey, Doğu",,https://www.hepsiemlak.com/ankara-etimesgut-atayurt-satilik/daire/28888-1947
112177-203,Adnan Kahveci,Beylikdüzü,İstanbul,4.199.000 TL,110,100,2 + 1,1,5 Katlı,Giriş Katı,Sıfır Bina,Kombi,Eşyalı Değil,Boş,Kat Mülkiyeti,Güney,,https://www.hepsiemlak.com/istanbul-beylikduzu-adnan-kahveci-satilik/daire/112177-203
112177-194,Adnan Kahveci,Beylikdüzü,İstanbul,6.250.000 TL,150,145,3 + 1,2,10 Katlı,3. Kat,3 Yaşında,Kombi,Eşyalı Değil,Boş,Kat Mülkiyeti,Güney,,https://www.hepsiemlak.com/istanbul-beylikduzu-adnan-kahveci-satilik/daire/112177-194
16354-29602,Ovacık,Keçiören,Ankara,10.390.000 TL,220,200,4 + 1,2,25 Katlı,Yüksek Giriş,Sıfır Bina,Merkezi (Pay Öl...,Eşyalı Değil,Boş,Kat Mülkiyeti,"Kuzey, Güney, Doğu, Batı",,https://www.hepsiemlak.com/ankara-kecioren-ovacik-satilik/daire/16354-29602
16354-29581,Ovacık,Keçiören,Ankara,10.790.000 TL,220,195,4 + 1,2,21 Katlı,17. Kat,Sıfır Bina,Merkezi (Pay Öl...,Eşyalı Değil,Boş,Kat Mülkiyeti,"Kuzey, Güney, Doğu, Batı",,https://www.hepsiemlak.com/ankara-kecioren-ovacik-satilik/daire/16354-29581
16354-29576,Ovacık,Keçiören,Ankara,12.140.000 TL,265,257,4 + 1,2,17 Katlı,12. Kat,Sıfır Bina,Merkezi (Pay Öl...,Eşyalı Değil,Boş,Kat Mülkiyeti,"Kuzey, Güney, Doğu, Batı",,https://www.hepsiemlak.com/ankara-kecioren-ovacik-satilik/daire/16354-29576
72595-3378,Bahçeşehir 2. Kısım,Başakşehir,İstanbul,2.340.000 TL,124,105,3 + 1,1,5 Katlı,Giriş Katı,6 Yaşında,Kombi,Eşyalı Değil,Boş,Yabancıdan,"Güney, Doğu, Batı",,https://www.hepsiemlak.com/istanbul-basaksehir-bahcesehir-2-kisim-satilik/daire/72595-3378
122716-1375,Aziziye,Karasu,Sakarya,2.450.000 TL,85,80,2 + 1,1,3 Katlı,1. Kat,Sıfır Bina,Yerden Isıtma,Eşyalı Değil,Boş,Kat Mülkiyeti,"Kuzey, Güney, Doğu, Batı",,https://www.hepsiemlak.com/sakarya-karasu-aziziye-satilik/daire/122716-1375
119442-1972,Pamuklar,Yenimahalle,Ankara,6.799.000 TL,159,135,3 + 1,2,14 Katlı,10. Kat,16 Yaşında,Kombi,,Mülk Sahibi,Kat Mülkiyeti,"Güney, Batı",1 TL,https://www.hepsiemlak.com/ankara-yenimahalle-pamuklar-satilik/daire/119442-1972
119442-2036,Sancaktepe,Keçiören,Ankara,6.475.000 TL,180,150,3 + 1,2,3 Katlı,1. Kat,15 Yaşında,Kombi,,,Kat Mülkiyeti,"Güney, Doğu",400 TL,https://www.hepsiemlak.com/ankara-kecioren-sancaktepe-satilik/daire/119442-2036
54537-3971,Aziziye,Karasu,Sakarya,500.000 TL,95,85,2 + 1,1,4 Katlı,2. Kat,Sıfır Bina,Kombi,Eşyalı Değil,Boş,Tapu Yok,"Kuzey, Güney, Doğu, Batı",,https://www.hepsiemlak.com/sakarya-karasu-aziziye-satilik/daire/54537-3971
122716-1380,Aziziye,Karasu,Sakarya,2.450.000 TL,82,76,2 + 1,1,3 Katlı,1. Kat,Sıfır Bina,Yerden Isıtma,Eşyalı Değil,Boş,Kat Mülkiyeti,"Kuzey, Güney, Doğu, Batı",,https://www.hepsiemlak.com/sakarya-karasu-aziziye-satilik/daire/122716-1380
70173-2040,Barbaros,Ereğli,Konya,1.550.000 TL,65,55,1 + 1,1,5 Katlı,5. Kat,Sıfır Bina,Merkezi,Eşyalı Değil,Boş,Kat Mülkiyeti,"Kuzey, Batı",450 TL,https://www.hepsiemlak.com/konya-eregli-barbaros-satilik/daire/70173-2040
16354-29582,Bahçelievler,Gölbaşı,Ankara,23.250.000 TL,330,300,5 + 1,4,2 Katlı,Bahçe Katı,Sıfır Bina,Yerden Isıtma,Eşyalı Değil,Boş,Kat Mülkiyeti,"Kuzey, Güney, Doğu, Batı",,https://www.hepsiemlak.com/ankara-golbasi-bahcelievler-satilik/villa/16354-29582
165223-113,Bağlarçeşme,Esenyurt,İstanbul,3.480.000 TL,105,100,2 + 1,1,4 Katlı,3. Kat,6 Yaşında,Kombi,Eşyalı Değil,Mülk Sahibi,Kat Mülkiyeti,"Kuzey, Güney, Doğu, Batı",,https://www.hepsiemlak.com/istanbul-esenyurt-baglarcesme-satilik/daire/165223-113
121912-1370,Talatpaşa,Esenyurt,İstanbul,2.965.000 TL,100,85,2 + 1,1,4 Katlı,2. Kat,5 Yaşında,Kombi,Eşyalı Değil,Boş,Kat Mülkiyeti,Güney,,https://www.hepsiemlak.com/istanbul-esenyurt-talatpasa-satilik/daire/121912-1370
121912-1377,Güzelyurt,Esenyurt,İstanbul,2.999.000 TL,105,95,2 + 1,1,4 Katlı,2. Kat,12 Yaşında,Kombi,Eşyalı Değil,Boş,Kat Mülkiyeti,Güney,,https://www.hepsiemlak.com/istanbul-esenyurt-guzelyurt-satilik/daire/121912-1377
121912-1378,Kavaklı,Beylikdüzü,İstanbul,4.690.000 TL,95,90,2 + 1,1,4 Katlı,Yüksek Giriş,10 Yaşında,Kombi,Eşyalı Değil,Boş,Kat Mülkiyeti,Güney,,https://www.hepsiemlak.com/istanbul-beylikduzu-kavakli-satilik/daire/121912-1378
164335-53,Aziziye,Karasu,Sakarya,1.000.000 TL,80,70,2 + 1,1,2 Katlı,1. Kat,Sıfır Bina,Yerden Isıtma,Eşyalı Değil,Boş,Kat İrtifakı,"Kuzey, Doğu, Batı",,https://www.hepsiemlak.com/sakarya-karasu-aziziye-satilik/daire/164335-53
54895-1103,Nizam,Adalar,İstanbul,44.000.000 TL,199,150,4 + 1,4,3 Katlı,Bahçe Katı,Sıfır Bina,Kombi,Eşyalı Değil,Boş,Kat İrtifakı,"Kuzey, Güney, Doğu, Batı",10.000 TL,https://www.hepsiemlak.com/istanbul-adalar-nizam-satilik/daire/54895-1103
150850-89,Kavlaklar,Edremit,Balıkesir,8.500.000 TL,180,150,3 + 1,3,3 Katlı,,25 Yaşında,Klima,Eşyalı Değil,,Kat Mülkiyeti,"Kuzey, Güney, Doğu",,https://www.hepsiemlak.com/balikesir-edremit-kavlaklar-satilik/villa/150850-89
112101-2039,Davutlar,Kuşadası,Aydın,18.400.000 TL,220,180,5 + 1,4,3 Katlı,Bahçe Katı,Sıfır Bina,Yerden Isıtma,Eşyalı Değil,Boş,Kat Mülkiyeti,"Kuzey, Güney, Doğu, Batı",,https://www.hepsiemlak.com/aydin-kusadasi-davutlar-satilik/villa/112101-2039
112101-2057,Davutlar,Kuşadası,Aydın,4.500.000 TL,90,85,2 + 1,1,4 Katlı,2. Kat,5 Yaşında,Klima,Eşyalı Değil,Boş,Kat Mülkiyeti,"Kuzey, Güney, Doğu, Batı",,https://www.hepsiemlak.com/aydin-kusadasi-davutlar-satilik/daire/112101-2057
112101-2041,Güzelçamlı,Kuşadası,Aydın,25.000.000 TL,260,240,4 + 1,3,2 Katlı,Bahçe Katı,Sıfır Bina,Yerden Isıtma,Eşyalı Değil,Boş,Kat Mülkiyeti,"Kuzey, Güney, Doğu, Batı",,https://www.hepsiemlak.com/aydin-kusadasi-guzelcamli-satilik/villa/112101-2041
112101-2046,Davutlar,Kuşadası,Aydın,9.500.000 TL,150,125,4 + 1,2,3 Katlı,Bahçe Katı,16 Yaşında,Klima,Eşyalı,Mülk Sahibi,Kat Mülkiyeti,"Kuzey, Güney, Doğu, Batı",,https://www.hepsiemlak.com/aydin-kusadasi-davutlar-satilik/villa/112101-2046
112101-2050,Karaova,Kuşadası,Aydın,22.700.000 TL,170,150,3 + 1,3,2 Katlı,,5 Yaşında,Kombi,Eşyalı Değil,Boş,Yabancıdan,"Kuzey, Güney, Doğu, Batı",,https://www.hepsiemlak.com/aydin-kusadasi-karaova-satilik/villa/112101-2050
122463-2563,Erenköy,Kadıköy,İstanbul,26.950.000 TL,220,175,4 + 1,3,9 Katlı,9. Kat,6 Yaşında,Kombi,Eşyalı Değil,Boş,Kat Mülkiyeti,Güney,,https://www.hepsiemlak.com/istanbul-kadikoy-erenkoy-satilik/daire/122463-2563
122463-2566,Suadiye,Kadıköy,İstanbul,21.450.000 TL,115,85,2 + 1,2,8 Katlı,3. Kat,Sıfır Bina,Yerden Isıtma,Eşyalı Değil,Boş,Kat Mülkiyeti,"Güney, Doğu, Batı",,https://www.hepsiemlak.com/istanbul-kadikoy-suadiye-satilik/daire/122463-2566
124703-626,İbrahimli,Şehitkamil,Gaziantep,12.500.000 TL,200,180,3 + 1,3,11 Katlı,8. Kat,Sıfır Bina,Yerden Isıtma,Eşyalı Değil,Boş,Kat Mülkiyeti,,,https://www.hepsiemlak.com/gaziantep-sehitkamil-ibrahimli-satilik/daire/124703-626
124703-635,Osmangazi,Şehitkamil,Gaziantep,13.900.000 TL,280,225,4 + 1,3,10 Katlı,3. Kat,5 Yaşında,Yerden Isıtma,Eşyalı Değil,Boş,Kat Mülkiyeti,,,https://www.hepsiemlak.com/gaziantep-sehitkamil-osmangazi-satilik/daire/124703-635
159409-424,Çiftlik,Gölcük,Kocaeli,2.350.000 TL,127,110,3 + 1,1,4 Katlı,2. Kat,26 Yaşında,Kombi,Eşyalı Değil,Mülk Sahibi,Kat Mülkiyeti,,,https://www.hepsiemlak.com/kocaeli-golcuk-ciftlik-satilik/daire/159409-424
159409-406,Piyalepaşa,Gölcük,Kocaeli,4.350.000 TL,127,110,3 + 1,1,3 Katlı,1. Kat,Sıfır Bina,Yerden Isıtma,Eşyalı Değil,Boş,Kat Mülkiyeti,,,https://www.hepsiemlak.com/kocaeli-golcuk-piyalepasa-satilik/daire/159409-406
159409-304,Piyalepaşa,Gölcük,Kocaeli,4.350.000 TL,135,110,3 + 1,1,3 Katlı,1. Kat,Sıfır Bina,Yerden Isıtma,Eşyalı Değil,Boş,Kat İrtifakı,,,https://www.hepsiemlak.com/kocaeli-golcuk-piyalepasa-satilik/daire/159409-304
159409-473,Piyalepaşa,Gölcük,Kocaeli,4.100.000 TL,97,88,2 + 1,1,3 Katlı,2. Kat,Sıfır Bina,Yerden Isıtma,Eşyalı Değil,Boş,Kat İrtifakı,,,https://www.hepsiemlak.com/kocaeli-golcuk-piyalepasa-satilik/daire/159409-473
121015-6597,Demirtaş,Alanya,Antalya,7.650.000 TL,145,140,3 + 1,3,10 Katlı,Bahçe Katı,1 Yaşında,Klima,Eşyalı,Boş,Yabancıdan,Güney,,https://www.hepsiemlak.com/antalya-alanya-demirtas-satilik/daire/121015-6597
129186-1556,İstiklal,Polatlı,Ankara,2.735.000 TL,130,120,3 + 1,1,10 Katlı,4. Kat,21 Yaşında,Kombi,Eşyalı Değil,Mülk Sahibi,Kat Mülkiyeti,"Kuzey, Doğu",,https://www.hepsiemlak.com/ankara-polatli-istiklal-satilik/daire/129186-1556
129186-1413,Elvan,Etimesgut,Ankara,4.950.000 TL,180,160,4 + 1,2,4 Katlı,3. Kat,16 Yaşında,Kombi,Eşyalı Değil,Mülk Sahibi,Kat Mülkiyeti,"Kuzey, Batı",,https://www.hepsiemlak.com/ankara-etimesgut-elvan-satilik/daire/129186-1413
138486-155,4 Temmuz,Karamürsel,Kocaeli,6.000.000 TL,160,149,3 + 1,,5 Katlı,En Üst Kat,7 Yaşında,Kombi,Eşyalı Değil,Boş,Kat İrtifakı,Güney,100 TL,https://www.hepsiemlak.com/kocaeli-karamursel-4-temmuz-satilik/daire/138486-155
169525-39,Göktürk,Şehitkamil,Gaziantep,4.660.000 TL,150,145,3 + 1,2,9 Katlı,1. Kat,1 Yaşında,Yerden Isıtma,Eşyalı Değil,Boş,Kat Mülkiyeti,"Kuzey, Güney, Doğu, Batı",,https://www.hepsiemlak.com/gaziantep-sehitkamil-gokturk-satilik/daire/169525-39
169525-52,Fıstıklık,Şehitkamil,Gaziantep,6.935.000 TL,185,165,3 + 1,2,8 Katlı,7. Kat,2 Yaşında,Yerden Isıtma,Eşyalı Değil,Kiracılı,Kat Mülkiyeti,"Kuzey, Güney, Doğu, Batı",,https://www.hepsiemlak.com/gaziantep-sehitkamil-fistiklik-satilik/daire/169525-52
160712-102,600 Evler,Bandırma,Balıkesir,4.000.000 TL,135,130,3 + 1,1,4 Katlı,Zemin,26 Yaşında,Kombi,Eşyalı Değil,Boş,Müstakil Tapulu,,,https://www.hepsiemlak.com/balikesir-bandirma-600-evler-satilik/daire/160712-102
111267-1797,Atayurt,Etimesgut,Ankara,4.500.000 TL,90,80,2 + 1,2,8 Katlı,7. Kat,1 Yaşında,Kombi,Eşyalı Değil,Boş,Kat Mülkiyeti,"Güney, Doğu",,https://www.hepsiemlak.com/ankara-etimesgut-atayurt-satilik/daire/111267-1797
164258-3,Kadınlar Denizi,Kuşadası,Aydın,29.250.000 TL,300,255,4 + 3,3,,Bahçe Katı,26 Yaşında,Klima,Eşyalı,Boş,Yabancıdan,"Kuzey, Güney, Doğu, Batı",,https://www.hepsiemlak.com/aydin-kusadasi-kadinlar-denizi-satilik/mustakil-ev/164258-3
164258-89,Karaova,Kuşadası,Aydın,19.000.000 TL,297,274,5 + 2,4,3 Katlı,Bahçe Katı,Sıfır Bina,Yerden Isıtma,Eşyalı Değil,Boş,Yabancıdan,"Kuzey, Güney, Doğu, Batı",,https://www.hepsiemlak.com/aydin-kusadasi-karaova-satilik/villa/164258-89
152683-203,Kavaklı,Beylikdüzü,İstanbul,4.975.000 TL,110,90,2 + 1,1,3 Katlı,1. Kat,Sıfır Bina,Kombi,Eşyalı Değil,Boş,Yabancıdan,"Güney, Doğu",,https://www.hepsiemlak.com/istanbul-beylikduzu-kavakli-satilik/daire/152683-203
152683-194,Dereağzı,Beylikdüzü,İstanbul,6.950.000 TL,200,180,3 + 2,2,4 Katlı,3. Kat,Sıfır Bina,Yerden Isıtma,Eşyalı Değil,Boş,Yabancıdan,"Güney, Doğu",,https://www.hepsiemlak.com/istanbul-beylikduzu-dereagzi-satilik/daire/152683-194
70698-1843,Çamlık,Didim,Aydın,6.250.000 TL,120,110,2 + 1,1,3 Katlı,2. Kat,4 Yaşında,Klima,Eşyalı Değil,Mülk Sahibi,Kat İrtifakı,"Güney, Doğu, Batı",300 TL,https://www.hepsiemlak.com/aydin-didim-camlik-satilik/daire/70698-1843
165050-270,Yalı,Karasu,Sakarya,2.000.000 TL,85,80,2 + 1,1,3 Katlı,3. Kat,Sıfır Bina,Yerden Isıtma,Eşyalı Değil,Boş,Kat Mülkiyeti,"Kuzey, Güney, Doğu, Batı",,https://www.hepsiemlak.com/sakarya-karasu-yali-satilik/daire/165050-270
16354-29562,Esertepe,Keçiören,Ankara,4.190.000 TL,135,125,3 + 1,1,3 Katlı,3. Kat,16 Yaşında,Kombi,Eşyalı Değil,Mülk Sahibi,Kat Mülkiyeti,"Kuzey, Güney, Doğu, Batı",,https://www.hepsiemlak.com/ankara-kecioren-esertepe-satilik/daire/16354-29562
151813-3,Çayırköy,İzmit,Kocaeli,4.509.000 TL,116,90,2 + 1,1,8 Katlı,Bahçe Katı,Sıfır Bina,Merkezi,Eşyalı Değil,Boş,Kat İrtifakı,"Güney, Doğu",,https://www.hepsiemlak.com/kocaeli-izmit-cayirkoy-satilik/daire/151813-3
151813-4,Çayırköy,İzmit,Kocaeli,9.320.000 TL,203,151,4 + 1,2,8 Katlı,Zemin,Sıfır Bina,Merkezi,Eşyalı Değil,Boş,Kat İrtifakı,Güney,,https://www.hepsiemlak.com/kocaeli-izmit-cayirkoy-satilik/daire/151813-4
16354-29585,Pamuklar,Yenimahalle,Ankara,6.785.000 TL,160,145,3 + 1,2,12 Katlı,8. Kat,11 Yaşında,Kombi,Eşyalı Değil,Boş,Kat Mülkiyeti,"Kuzey, Güney, Doğu, Batı",,https://www.hepsiemlak.com/ankara-yenimahalle-pamuklar-satilik/daire/16354-29585
165050-281,Aziziye,Karasu,Sakarya,2.000.000 TL,85,80,2 + 1,1,3 Katlı,2. Kat,Sıfır Bina,Yerden Isıtma,Eşyalı Değil,Boş,Kat Mülkiyeti,"Kuzey, Güney, Doğu, Batı",,https://www.hepsiemlak.com/sakarya-karasu-aziziye-satilik/daire/165050-281
101486-2794,Karakaya,Keçiören,Ankara,3.290.000 TL,129,118,3 + 1,1,4 Katlı,3. Kat,20 Yaşında,Kombi,,,Kat Mülkiyeti,,,https://www.hepsiemlak.com/ankara-kecioren-karakaya-satilik/daire/101486-2794
101486-2795,Ufuktepe,Keçiören,Ankara,3.749.000 TL,130,119,3 + 1,1,3 Katlı,3. Kat,20 Yaşında,Kombi,,,Kat Mülkiyeti,,,https://www.hepsiemlak.com/ankara-kecioren-ufuktepe-satilik/daire/101486-2795
101486-2798,Kuşcağız,Keçiören,Ankara,6.150.000 TL,130,125,3 + 1,1,3 Katlı,2. Kat,12 Yaşında,Kombi,Eşyalı Değil,Mülk Sahibi,Kat Mülkiyeti,"Güney, Doğu, Batı",,https://www.hepsiemlak.com/ankara-kecioren-kuscagiz-satilik/daire/101486-2798
16354-29565,Pamuklar,Yenimahalle,Ankara,7.990.000 TL,170,150,3 + 1,2,14 Katlı,2. Kat,6 Yaşında,Merkezi (Pay Öl...,Eşyalı Değil,Kiracılı,Kat Mülkiyeti,"Kuzey, Güney, Doğu, Batı",,https://www.hepsiemlak.com/ankara-yenimahalle-pamuklar-satilik/daire/16354-29565
53138-12861,Fahri Korutürk,Mamak,Ankara,4.299.000 TL,120,110,3 + 1,1,3 Katlı,2. Kat,10 Yaşında,Kombi,Eşyalı Değil,Mülk Sahibi,Kat Mülkiyeti,"Güney, Doğu",,https://www.hepsiemlak.com/ankara-mamak-fahri-koruturk-satilik/daire/53138-12861
16354-29322,Çamlıtepe,Çankaya,Ankara,9.325.000 TL,155,135,3 + 1,2,14 Katlı,4. Kat,2 Yaşında,Merkezi (Pay Öl...,Eşyalı,Boş,Kat Mülkiyeti,"Kuzey, Güney, Doğu, Batı",3.800 TL,https://www.hepsiemlak.com/ankara-cankaya-camlitepe-satilik/residence/16354-29322
16354-29594,Ovacık,Keçiören,Ankara,8.190.000 TL,240,215,4 + 1,2,16 Katlı,1. Kat,6 Yaşında,Merkezi (Pay Öl...,Eşyalı Değil,Mülk Sahibi,Kat Mülkiyeti,"Güney, Doğu",,https://www.hepsiemlak.com/ankara-kecioren-ovacik-satilik/daire/16354-29594
130591-1745,Oran,Çankaya,Ankara,28.300.000 TL,205,149,4 + 1,2,30 Katlı,20. Kat,11 Yaşında,Merkezi (Pay Öl...,Eşyalı Değil,Boş,Kat Mülkiyeti,"Güney, Doğu",,https://www.hepsiemlak.com/ankara-cankaya-oran-satilik/daire/130591-1745
129391-493,Pınartepe,Büyükçekmece,İstanbul,4.570.000 TL,110,95,2 + 1,1,4 Katlı,Yüksek Giriş,11 Yaşında,Kombi,Eşyalı Değil,Mülk Sahibi,Kat İrtifakı,"Güney, Doğu, Batı",,https://www.hepsiemlak.com/istanbul-buyukcekmece-pinartepe-satilik/daire/129391-493
65161-7601,Nergiz,Karşıyaka,İzmir,8.450.000 TL,125,115,3 + 1,2,5 Katlı,Yüksek Giriş,10 Yaşında,Kombi,Eşyalı Değil,Mülk Sahibi,Kat Mülkiyeti,"Kuzey, Güney, Doğu",,https://www.hepsiemlak.com/izmir-karsiyaka-nergiz-satilik/daire/65161-7601
5784-2434,Yukarı Bahçelievler,Çankaya,Ankara,4.500.000 TL,55,50,1 + 1,1,3 Katlı,Bahçe Katı,30 Yaşında,Merkezi,Eşyalı,,Kat Mülkiyeti,Doğu,950 TL,https://www.hepsiemlak.com/ankara-cankaya-yukari-bahcelievler-satilik/daire/5784-2434
87174-868,Ilıca,Manavgat,Antalya,8.400.000 TL,120,95,3 + 1,2,2 Katlı,2. Kat,16 Yaşında,Klima,Eşyalı Değil,Mülk Sahibi,Yabancıdan,"Kuzey, Güney, Doğu",,https://www.hepsiemlak.com/antalya-manavgat-ilica-satilik/daire/87174-868
160840-57,Postane,Tuzla,İstanbul,19.800.000 TL,310,245,4 + 2,4,9 Katlı,9. Kat,Sıfır Bina,Merkezi (Pay Öl...,Eşyalı,Boş,Kat İrtifakı,,,https://www.hepsiemlak.com/istanbul-tuzla-postane-satilik/daire/160840-57
161020-12,Avcılar,Edremit,Balıkesir,13.000.000 TL,105,95,2 + 1,1,2 Katlı,2. Kat,Sıfır Bina,Yerden Isıtma,Eşyalı Değil,Boş,Tapu Yok,"Kuzey, Güney, Doğu, Batı",,https://www.hepsiemlak.com/balikesir-edremit-avcilar-satilik/daire/161020-12
104770-7555,Yakuplu,Beylikdüzü,İstanbul,2.000.000 TL,160,150,3 + 1,1,6 Katlı,3. Kat,3 Yaşında,Kombi,Eşyalı Değil,Boş,Kat Mülkiyeti,"Güney, Doğu",,https://www.hepsiemlak.com/istanbul-beylikduzu-yakuplu-satilik/daire/104770-7555
165223-130,Cumhuriyet,Beylikdüzü,İstanbul,3.550.000 TL,110,100,2 + 1,1,6 Katlı,2. Kat,6 Yaşında,Kombi,Eşyalı Değil,Boş,Yabancıdan,"Güney, Doğu, Batı",,https://www.hepsiemlak.com/istanbul-beylikduzu-cumhuriyet-satilik/daire/165223-130
165223-89,Cumhuriyet,Esenyurt,İstanbul,3.975.000 TL,145,115,2 + 1,2,10 Katlı,Yüksek Giriş,6 Yaşında,Kombi,Eşyalı Değil,Boş,Kat Mülkiyeti,"Kuzey, Güney, Doğu, Batı",,https://www.hepsiemlak.com/istanbul-esenyurt-cumhuriyet-satilik/daire/165223-89
119379-554,Efeler,Didim,Aydın,25.750.000 TL,502,165,4 + 1,3,2 Katlı,,Sıfır Bina,Klima,Eşyalı Değil,Boş,Kat Mülkiyeti,"Kuzey, Güney, Doğu, Batı",,https://www.hepsiemlak.com/aydin-didim-efeler-satilik/villa/119379-554
111753-2653,Akevler,Esenyurt,İstanbul,1.785.000 TL,100,90,2 + 1,1,4 Katlı,2. Kat,5 Yaşında,Kombi,Eşyalı Değil,Boş,Kat Mülkiyeti,"Güney, Doğu",,https://www.hepsiemlak.com/istanbul-esenyurt-akevler-satilik/daire/111753-2653
111753-2661,Fatih,Esenyurt,İstanbul,1.885.000 TL,110,100,2 + 1,1,4 Katlı,2. Kat,4 Yaşında,Kombi,Eşyalı Değil,Boş,Kat Mülkiyeti,"Güney, Doğu, Batı",,https://www.hepsiemlak.com/istanbul-esenyurt-fatih-satilik/daire/111753-2661
111753-2678,Cumhuriyet,Beylikdüzü,İstanbul,4.195.000 TL,140,130,3 + 1,2,10 Katlı,6. Kat,4 Yaşında,Kombi,Eşyalı Değil,Boş,Yabancıdan,"Güney, Doğu, Batı",,https://www.hepsiemlak.com/istanbul-beylikduzu-cumhuriyet-satilik/daire/111753-2678
111753-2685,Barbaros Hayrettin Paşa,Esenyurt,İstanbul,3.350.000 TL,130,120,3 + 1,1,25 Katlı,10. Kat,5 Yaşında,Merkezi,Eşyalı Değil,Kiracılı,Yabancıdan,"Kuzey, Güney, Doğu, Batı",,https://www.hepsiemlak.com/istanbul-esenyurt-barbaros-hayrettin-pasa-satilik/daire/111753-2685
53138-12880,General Zeki Doğan,Mamak,Ankara,2.625.000 TL,120,115,3 + 1,1,3 Katlı,Kot 1,15 Yaşında,Kombi,Eşyalı Değil,Mülk Sahibi,Yabancıdan,"Güney, Doğu",,https://www.hepsiemlak.com/ankara-mamak-general-zeki-dogan-satilik/daire/53138-12880
16354-29498,Turgut Özal,Yenimahalle,Ankara,45.000.000 TL,385,332,5 + 1,6,2 Katlı,Bahçe Katı,Sıfır Bina,Kombi,Eşyalı Değil,Boş,Kat Mülkiyeti,"Kuzey, Güney, Doğu, Batı",,https://www.hepsiemlak.com/ankara-yenimahalle-turgut-ozal-satilik/villa/16354-29498
125745-1914,Yalı,Karasu,Sakarya,2.250.000 TL,85,80,2 + 1,1,3 Katlı,1. Kat,5 Yaşında,Kombi,Eşyalı Değil,Boş,Yabancıdan,"Kuzey, Güney, Doğu, Batı",,https://www.hepsiemlak.com/sakarya-karasu-yali-satilik/daire/125745-1914
113784-2348,Çiçekli,Keçiören,Ankara,12.490.000 TL,210,198,4 + 1,2,15 Katlı,3. Kat,Sıfır Bina,Yerden Isıtma,Eşyalı Değil,Boş,Kat Mülkiyeti,"Güney, Doğu, Batı",,https://www.hepsiemlak.com/ankara-kecioren-cicekli-satilik/daire/113784-2348
53138-12876,General Zeki Doğan,Mamak,Ankara,3.640.000 TL,120,115,3 + 1,1,3 Katlı,Kot 1,15 Yaşında,Kombi,Eşyalı Değil,Mülk Sahibi,Kat Mülkiyeti,"Güney, Doğu",,https://www.hepsiemlak.com/ankara-mamak-general-zeki-dogan-satilik/daire/53138-12876
53138-12875,Çağlayan,Mamak,Ankara,2.595.000 TL,95,90,2 + 1,1,3 Katlı,Bahçe Katı,25 Yaşında,Kombi,Eşyalı Değil,Boş,Kat Mülkiyeti,"Güney, Doğu",,https://www.hepsiemlak.com/ankara-mamak-caglayan-satilik/daire/53138-12875
53138-12871,Kutlu,Mamak,Ankara,4.850.000 TL,115,105,3 + 1,1,2 Katlı,1. Kat,17 Yaşında,Kombi,,Mülk Sahibi,Yabancıdan,"Güney, Doğu",,https://www.hepsiemlak.com/ankara-mamak-kutlu-satilik/daire/53138-12871
113784-2130,Etlik,Keçiören,Ankara,6.849.000 TL,145,135,3 + 1,2,5 Katlı,2. Kat,Sıfır Bina,Kombi,Eşyalı Değil,Boş,Yabancıdan,"Güney, Doğu, Batı",250 TL,https://www.hepsiemlak.com/ankara-kecioren-etlik-satilik/daire/113784-2130
1077-67405,Suadiye,Kadıköy,İstanbul,18.350.000 TL,100,88,2 + 1,1,11 Katlı,8. Kat,15 Yaşında,Kombi,Eşyalı Değil,Boş,Kat Mülkiyeti,"Güney, Doğu",,https://www.hepsiemlak.com/istanbul-kadikoy-suadiye-satilik/daire/1077-67405
39778-4198,Valide-i Atik,Üsküdar,İstanbul,5.800.000 TL,115,110,2 + 1,1,5 Katlı,2. Kat,45 Yaşında,Kombi,Eşyalı Değil,Boş,Kat İrtifakı,Batı,250 TL,https://www.hepsiemlak.com/istanbul-uskudar-valide-i-atik-satilik/daire/39778-4198
163547-3,Karacakaya,Yenimahalle,Ankara,45.000.000 TL,385,330,5 + 1,6,2 Katlı,,Sıfır Bina,Kombi,Eşyalı Değil,Boş,Kat İrtifakı,"Kuzey, Güney, Doğu, Batı",,https://www.hepsiemlak.com/ankara-yenimahalle-karacakaya-satilik/villa/163547-3
113784-2375,Etlik,Keçiören,Ankara,4.839.000 TL,140,130,3 + 1,1,3 Katlı,2. Kat,12 Yaşında,Kombi,Eşyalı Değil,Boş,Kat Mülkiyeti,"Güney, Doğu, Batı",250 TL,https://www.hepsiemlak.com/ankara-kecioren-etlik-satilik/daire/113784-2375
170044-22,Teşvikiye,Şişli,İstanbul,31.250.000 TL,165,150,3 + 1,2,5 Katlı,3. Kat,6 Yaşında,Kombi,Eşyalı Değil,Boş,Yabancıdan,,,https://www.hepsiemlak.com/istanbul-sisli-tesvikiye-satilik/daire/170044-22
63804-1142,Fatih,Kozlu,Zonguldak,3.950.000 TL,105,100,2 + 1,1,10 Katlı,8. Kat,14 Yaşında,Kombi,Eşyalı Değil,Kiracılı,Kat Mülkiyeti,Kuzey,500 TL,https://www.hepsiemlak.com/zonguldak-kozlu-fatih-satilik/daire/63804-1142
72595-3403,Ardıçlı,Esenyurt,İstanbul,4.350.000 TL,105,90,2 + 1,1,4 Katlı,2. Kat,Sıfır Bina,Kombi,Eşyalı Değil,Boş,Yabancıdan,"Güney, Doğu, Batı",,https://www.hepsiemlak.com/istanbul-esenyurt-ardicli-satilik/daire/72595-3403
72595-3406,Zafer,Esenyurt,İstanbul,1.499.000 TL,75,45,1 + 0,1,5 Katlı,3. Kat,6 Yaşında,Kombi,Eşyalı Değil,Boş,Yabancıdan,Güney,300 TL,https://www.hepsiemlak.com/istanbul-esenyurt-zafer-satilik/daire/72595-3406
72595-3397,Bahçeşehir 2. Kısım,Başakşehir,İstanbul,4.400.000 TL,105,90,2 + 1,2,4 Katlı,1. Kat,4 Yaşında,Kombi,Eşyalı Değil,Boş,Yabancıdan,"Güney, Batı",,https://www.hepsiemlak.com/istanbul-basaksehir-bahcesehir-2-kisim-satilik/daire/72595-3397
35277-11568,Mevlanakapı,Fatih,İstanbul,4.550.000 TL,95,90,2 + 1,1,4 Katlı,2. Kat,40 Yaşında,Kombi,Eşyalı Değil,Mülk Sahibi,Kat Mülkiyeti,,,https://www.hepsiemlak.com/istanbul-fatih-mevlanakapi-satilik/daire/35277-11568
35277-11597,Mevlanakapı,Fatih,İstanbul,5.300.000 TL,85,80,2 + 1,1,2 Katlı,2. Kat,40 Yaşında,Kombi,Eşyalı Değil,Mülk Sahibi,Kat İrtifakı,,,https://www.hepsiemlak.com/istanbul-fatih-mevlanakapi-satilik/daire/35277-11597
35277-11603,Silahtarağa,Eyüpsultan,İstanbul,5.300.000 TL,105,100,3 + 1,1,4 Katlı,Ara Kat,9 Yaşında,Kombi,Eşyalı Değil,Kiracılı,Kat Mülkiyeti,,,https://www.hepsiemlak.com/istanbul-eyupsultan-silahtaraga-satilik/daire/35277-11603
35277-11548,Silivrikapı,Fatih,İstanbul,3.850.000 TL,70,65,2 + 1,1,4 Katlı,3. Kat,40 Yaşında,Kombi,Eşyalı Değil,Kiracılı,Kat Mülkiyeti,,,https://www.hepsiemlak.com/istanbul-fatih-silivrikapi-satilik/daire/35277-11548
35277-11648,Şehremini,Fatih,İstanbul,2.450.000 TL,70,65,1 + 1,1,4 Katlı,Giriş Katı,40 Yaşında,Kombi,Eşyalı Değil,Kiracılı,Kat Mülkiyeti,,,https://www.hepsiemlak.com/istanbul-fatih-sehremini-satilik/daire/35277-11648
35277-11676,Silivrikapı,Fatih,İstanbul,3.500.000 TL,70,65,2 + 1,1,4 Katlı,Giriş Katı,50 Yaşında,Kombi,Eşyalı Değil,Mülk Sahibi,Kat Mülkiyeti,,,https://www.hepsiemlak.com/istanbul-fatih-silivrikapi-satilik/daire/35277-11676
35277-11607,Koca Mustafapaşa,Fatih,İstanbul,4.500.000 TL,85,70,1 + 1,1,4 Katlı,Ara Kat,40 Yaşında,Kombi,Eşyalı Değil,Mülk Sahibi,Kat Mülkiyeti,,,https://www.hepsiemlak.com/istanbul-fatih-koca-mustafapasa-satilik/daire/35277-11607
35277-11688,Koca Mustafapaşa,Fatih,İstanbul,7.200.000 TL,285,255,7 + 4,4,4 Katlı,,40 Yaşında,Doğalgaz Sobası,Eşyalı Değil,Kiracılı,Kat Mülkiyeti,,,https://www.hepsiemlak.com/istanbul-fatih-koca-mustafapasa-satilik/bina/35277-11688
35277-11682,Seyyid Ömer,Fatih,İstanbul,8.500.000 TL,130,120,3 + 1,1,4 Katlı,4. Kat,40 Yaşında,Kombi,Eşyalı Değil,Kiracılı,Kat İrtifakı,,,https://www.hepsiemlak.com/istanbul-fatih-seyyid-omer-satilik/daire/35277-11682
107182-1093,Beştepe,Şahinbey,Gaziantep,4.800.000 TL,175,155,3 + 1,2,12 Katlı,6. Kat,1 Yaşında,Kombi,Eşyalı Değil,Boş,Kat Mülkiyeti,"Kuzey, Batı",1.000 TL,https://www.hepsiemlak.com/gaziantep-sahinbey-bestepe-satilik/daire/107182-1093
40658-22481,Eskişehir,Şişli,İstanbul,6.900.000 TL,85,75,2 + 1,1,5 Katlı,1. Kat,12 Yaşında,Kombi,Eşyalı Değil,Kiracılı,Kat Mülkiyeti,Güney,,https://www.hepsiemlak.com/istanbul-sisli-eskisehir-satilik/daire/40658-22481
139822-250,İncirköy,Fethiye,Muğla,5.600.000 TL,135,130,2 + 1,1,,Bahçe Katı,21 Yaşında,Klima,Eşyalı Değil,Boş,Hisseli Tapu,"Kuzey, Güney, Doğu, Batı",,https://www.hepsiemlak.com/mugla-fethiye-incirkoy-satilik/mustakil-ev/139822-250
139822-52,Patlangıç,Fethiye,Muğla,7.450.000 TL,140,135,3 + 1,2,3 Katlı,Bahçe Katı,5 Yaşında,Klima,Eşyalı Değil,Boş,Kat Mülkiyeti,"Güney, Doğu, Batı",,https://www.hepsiemlak.com/mugla-fethiye-patlangic-satilik/daire/139822-52
148098-965,Yeni,Didim,Aydın,6.200.000 TL,95,75,2 + 1,1,3 Katlı,Yüksek Giriş,1 Yaşında,Klima,Eşyalı Değil,Boş,Kat İrtifakı,,,https://www.hepsiemlak.com/aydin-didim-yeni-satilik/daire/148098-965
165980-2721,Mahmutlar,Alanya,Antalya,8.215.000 TL,135,125,3 + 1,1,5 Katlı,4. Kat,16 Yaşında,Klima,Eşyalı Değil,Boş,Yabancıdan,Güney,,https://www.hepsiemlak.com/antalya-alanya-mahmutlar-satilik/daire/165980-2721
144496-1634,Kızılırmak,Çankaya,Ankara,17.749.000 TL,230,200,4 + 1,2,10 Katlı,5. Kat,16 Yaşında,Kombi,Eşyalı Değil,Kiracılı,Kat Mülkiyeti,"Kuzey, Doğu, Batı",2.000 TL,https://www.hepsiemlak.com/ankara-cankaya-kizilirmak-satilik/daire/144496-1634
144496-1614,Kazım Orbay,Mamak,Ankara,2.369.000 TL,115,105,2 + 1,1,3 Katlı,Yarı Bodrum,16 Yaşında,Kombi,Eşyalı Değil,Boş,Yabancıdan,"Güney, Doğu",,https://www.hepsiemlak.com/ankara-mamak-kazim-orbay-satilik/daire/144496-1614
144496-1612,Kentkoop,Yenimahalle,Ankara,5.099.999 TL,100,90,3 + 1,1,5 Katlı,4. Kat,21 Yaşında,Kombi,Eşyalı Değil,Kiracılı,Kat Mülkiyeti,Güney,,https://www.hepsiemlak.com/ankara-yenimahalle-kentkoop-satilik/daire/144496-1612
691965-973,Hacı Osman,Körfez,Kocaeli,6.450.000 TL,145,125,3 + 1,2,3 Katlı,3. Kat,Sıfır Bina,Yerden Isıtma,Eşyalı Değil,Boş,Kat İrtifakı,"Kuzey, Doğu",,https://www.hepsiemlak.com/kocaeli-korfez-haci-osman-satilik/daire/691965-973
110558-14645,600 Evler,Bandırma,Balıkesir,6.000.000 TL,140,130,3 + 1,2,4 Katlı,3. Kat,11 Yaşında,Kombi,Eşyalı Değil,Boş,Kat Mülkiyeti,"Güney, Doğu",,https://www.hepsiemlak.com/balikesir-bandirma-600-evler-satilik/daire/110558-14645
119379-798,Hisar,Didim,Aydın,7.950.000 TL,160,130,3 + 1,2,2 Katlı,,2 Yaşında,Klima,Eşyalı,Boş,Kat Mülkiyeti,"Kuzey, Güney, Doğu, Batı",1.500 TL,https://www.hepsiemlak.com/aydin-didim-hisar-satilik/villa/119379-798
119442-2188,Yükseltepe,Keçiören,Ankara,3.849.000 TL,145,130,4 + 1,1,3 Katlı,Yarı Bodrum,5 Yaşında,Kombi,Eşyalı Değil,Boş,Kat Mülkiyeti,"Kuzey, Güney, Doğu, Batı",,https://www.hepsiemlak.com/ankara-kecioren-yukseltepe-satilik/daire/119442-2188
121912-1372,Pınar,Esenyurt,İstanbul,2.799.000 TL,95,90,2 + 1,1,4 Katlı,2. Kat,10 Yaşında,Kombi,Eşyalı Değil,Boş,Kat Mülkiyeti,Güney,,https://www.hepsiemlak.com/istanbul-esenyurt-pinar-satilik/daire/121912-1372
53138-12878,Durali Alıç,Mamak,Ankara,4.100.000 TL,125,115,3 + 1,1,12 Katlı,Kot 1,8 Yaşında,Kombi,Eşyalı Değil,Mülk Sahibi,Kat Mülkiyeti,"Güney, Doğu",,https://www.hepsiemlak.com/ankara-mamak-durali-alic-satilik/daire/53138-12878
113784-2067,Etlik,Keçiören,Ankara,5.249.000 TL,125,115,2 + 1,1,3 Katlı,1. Kat,Sıfır Bina,Kombi,Eşyalı Değil,Boş,Yabancıdan,"Güney, Doğu, Batı",200 TL,https://www.hepsiemlak.com/ankara-kecioren-etlik-satilik/daire/113784-2067
113784-2412,Ayvalı,Keçiören,Ankara,4.249.000 TL,100,90,2 + 1,1,3 Katlı,1. Kat,Sıfır Bina,Kombi,Eşyalı Değil,Boş,Kat Mülkiyeti,"Güney, Doğu, Batı",150 TL,https://www.hepsiemlak.com/ankara-kecioren-ayvali-satilik/daire/113784-2412
113784-2428,Çiğdemtepe,Yenimahalle,Ankara,7.295.000 TL,150,140,3 + 1,2,5 Katlı,1. Kat,Sıfır Bina,Kombi,Eşyalı Değil,Boş,Kat Mülkiyeti,"Güney, Doğu, Batı",250 TL,https://www.hepsiemlak.com/ankara-yenimahalle-cigdemtepe-satilik/daire/113784-2428
113784-2396,Ayvalı,Keçiören,Ankara,3.649.000 TL,135,125,3 + 1,1,4 Katlı,Giriş Katı,6 Yaşında,Kombi,Eşyalı Değil,Boş,Yabancıdan,"Güney, Doğu, Batı",250 TL,https://www.hepsiemlak.com/ankara-kecioren-ayvali-satilik/daire/113784-2396
113784-2191,Güzelyaka,Yenimahalle,Ankara,5.495.000 TL,115,105,2 + 1,1,4 Katlı,3. Kat,Sıfır Bina,Yerden Isıtma,Eşyalı Değil,Boş,Kat Mülkiyeti,"Güney, Doğu, Batı",,https://www.hepsiemlak.com/ankara-yenimahalle-guzelyaka-satilik/daire/113784-2191
86972-2734,Yeni Bağlıca,Etimesgut,Ankara,13.750.000 TL,200,180,4 + 1,2,11 Katlı,11. Kat,6 Yaşında,Merkezi (Pay Öl...,Eşyalı Değil,Boş,Kat Mülkiyeti,"Kuzey, Güney, Doğu",,https://www.hepsiemlak.com/ankara-etimesgut-yeni-baglica-satilik/daire/86972-2734
104770-7633,Beylikdüzü OSB,Beylikdüzü,İstanbul,1.750.000 TL,145,135,3 + 1,1,6 Katlı,1. Kat,1 Yaşında,Kombi,Eşyalı Değil,Boş,Kat Mülkiyeti,"Güney, Doğu",,https://www.hepsiemlak.com/istanbul-beylikduzu-beylikduzu-osb-satilik/daire/104770-7633
130076-390,Narlı,Edremit,Balıkesir,5.750.000 TL,100,90,2 + 1,1,2 Katlı,1. Kat,Sıfır Bina,Kat Kaloriferi,Eşyalı Değil,Boş,Kat Mülkiyeti,"Kuzey, Güney, Doğu, Batı",,https://www.hepsiemlak.com/balikesir-edremit-narli-satilik/daire/130076-390
154405-103,Türkbükü,Bodrum,Muğla,28.000.000 TL,200,163,4 + 1,3,2 Katlı,Bahçe Katı,16 Yaşında,Klima,Eşyalı,Mülk Sahibi,Kat Mülkiyeti,Doğu,11.000 TL,https://www.hepsiemlak.com/mugla-bodrum-turkbuku-satilik/villa/154405-103
158010-80,Orta,Efeler,Aydın,4.950.000 TL,140,120,3 + 1,1,4 Katlı,Ara Kat,10 Yaşında,Kombi,Eşyalı Değil,,Kat İrtifakı,,350 TL,https://www.hepsiemlak.com/aydin-efeler-orta-satilik/daire/158010-80
119658-215,Naci Çakır,Çankaya,Ankara,3.695.000 TL,90,85,2 + 1,1,2 Katlı,Kot 1,28 Yaşında,Kombi,Eşyalı Değil,Boş,Kat Mülkiyeti,"Doğu, Batı",200 TL,https://www.hepsiemlak.com/ankara-cankaya-naci-cakir-satilik/daire/119658-215
153187-127,Menderes,Sincan,Ankara,4.849.000 TL,130,120,3 + 1,2,4 Katlı,1. Kat,5 Yaşında,Kombi,Eşyalı Değil,Boş,Kat Mülkiyeti,"Güney, Batı",1.000 TL,https://www.hepsiemlak.com/ankara-sincan-menderes-satilik/daire/153187-127
125745-1913,Yalı,Karasu,Sakarya,2.000.000 TL,65,60,1 + 1,1,3 Katlı,1. Kat,3 Yaşında,Kombi,Eşyalı Değil,Boş,Yabancıdan,"Kuzey, Güney, Doğu, Batı",,https://www.hepsiemlak.com/sakarya-karasu-yali-satilik/daire/125745-1913
15878-14477,Kentkoop,Yenimahalle,Ankara,11.000.000 TL,116,107,3 + 1,2,10 Katlı,1. Kat,Sıfır Bina,Yerden Isıtma,Eşyalı Değil,Boş,Kooperatiften H...,"Kuzey, Güney, Doğu, Batı",,https://www.hepsiemlak.com/ankara-yenimahalle-kentkoop-satilik/daire/15878-14477
160585-173,Dereköy,Karamürsel,Kocaeli,5.950.000 TL,210,170,4 + 1,3,5 Katlı,4. Kat,11 Yaşında,Kombi,Eşyalı Değil,Boş,Kat Mülkiyeti,"Kuzey, Güney, Doğu, Batı",3.000 TL,https://www.hepsiemlak.com/kocaeli-karamursel-derekoy-satilik/daire/160585-173
114218-3390,Bahçelievler,Bahçelievler,İstanbul,18.400.000 TL,140,94,2 + 1,2,13 Katlı,12. Kat,2 Yaşında,Yerden Isıtma,Eşyalı Değil,Boş,Kat Mülkiyeti,Güney,,https://www.hepsiemlak.com/istanbul-bahcelievler-bahcelievler-satilik/daire/114218-3390
114218-3244,Kazlıçeşme,Zeytinburnu,İstanbul,43.000.000 TL,260,220,4 + 1,2,25 Katlı,21 ve üzeri,8 Yaşında,Yerden Isıtma,Eşyalı Değil,Boş,Kat Mülkiyeti,Güney,,https://www.hepsiemlak.com/istanbul-zeytinburnu-kazlicesme-satilik/daire/114218-3244
170295-28,Boyacıali,Ereğli,Konya,3.300.000 TL,155,144,1 + 1,1,6 Katlı,3. Kat,25 Yaşında,Merkezi,Eşyalı Değil,Boş,Kat Mülkiyeti,"Kuzey, Güney",,https://www.hepsiemlak.com/konya-eregli-boyaciali-satilik/daire/170295-28
3221-2997,Aşıkpaşa,Çankaya,Ankara,4.500.000 TL,105,100,3 + 1,1,4 Katlı,2. Kat,15 Yaşında,Kombi,Eşyalı Değil,Boş,Kat Mülkiyeti,"Güney, Batı",500 TL,https://www.hepsiemlak.com/ankara-cankaya-asikpasa-satilik/daire/3221-2997
133609-31,Atatürk,Buca,İzmir,1.475.000 TL,75,70,2 + 1,1,4 Katlı,2. Kat,Sıfır Bina,Kombi,Eşyalı Değil,Boş,Kat İrtifakı,"Kuzey, Güney, Doğu, Batı",,https://www.hepsiemlak.com/izmir-buca-ataturk-satilik/daire/133609-31
168209-54,Ayrancılar,Torbalı,İzmir,4.700.000 TL,140,125,2 + 1,2,3 Katlı,2. Kat,4 Yaşında,Kombi,Eşyalı Değil,Boş,Kat Mülkiyeti,Doğu,,https://www.hepsiemlak.com/izmir-torbali-ayrancilar-satilik/daire/168209-54
169393-4,Mustafa Kemal,Sincan,Ankara,4.399.000 TL,100,90,2 + 1,1,4 Katlı,1. Kat,Sıfır Bina,Kombi,Eşyalı Değil,Boş,Kat Mülkiyeti,"Kuzey, Doğu",,https://www.hepsiemlak.com/ankara-sincan-mustafa-kemal-satilik/daire/169393-4
85558-115,Yalıköy,Beykoz,İstanbul,120.000.000 TL,400,200,2 + 1,3,5 Katlı,,38 Yaşında,Kombi,Eşyalı Değil,Mülk Sahibi,Kat Mülkiyeti,"Güney, Doğu, Batı",,https://www.hepsiemlak.com/istanbul-beykoz-yalikoy-satilik/yali/85558-115
110558-14920,Ayyıldız,Bandırma,Balıkesir,2.299.000 TL,65,55,1 + 1,1,3 Katlı,1. Kat,Sıfır Bina,Kombi,Eşyalı Değil,Boş,Kat Mülkiyeti,"Doğu, Batı",200 TL,https://www.hepsiemlak.com/balikesir-bandirma-ayyildiz-satilik/daire/110558-14920
110558-14858,İhsaniye,Bandırma,Balıkesir,4.275.000 TL,100,90,2 + 1,1,2 Katlı,3. Kat,5 Yaşında,Kombi,Eşyalı Değil,Boş,Kat İrtifakı,"Güney, Doğu",,https://www.hepsiemlak.com/balikesir-bandirma-ihsaniye-satilik/daire/110558-14858
110558-14464,17 Eylül,Bandırma,Balıkesir,5.450.000 TL,140,130,3 + 1,2,3 Katlı,Yüksek Giriş,Sıfır Bina,Kombi,Eşyalı Değil,Boş,Kat Mülkiyeti,"Güney, Doğu",,https://www.hepsiemlak.com/balikesir-bandirma-17-eylul-satilik/daire/110558-14464
166189-14,Aydınlıkevler,Altındağ,Ankara,7.650.000 TL,86,79,2 + 1,1,3 Katlı,3. Kat,Sıfır Bina,Yerden Isıtma,Eşyalı Değil,Boş,Kat İrtifakı,"Kuzey, Güney, Doğu, Batı",,https://www.hepsiemlak.com/ankara-altindag-aydinlikevler-satilik/daire/166189-14
154405-115,Gümüşlük,Bodrum,Muğla,39.750.000 TL,220,190,4 + 1,4,1 Katlı,Bahçe Katı,Sıfır Bina,Yerden Isıtma,Eşyalı Değil,Boş,Kat Mülkiyeti,Güney,,https://www.hepsiemlak.com/mugla-bodrum-gumusluk-satilik/villa/154405-115
130826-2606,Fevzipaşa,Didim,Aydın,14.000.000 TL,180,160,4 + 1,2,2 Katlı,,9 Yaşında,Klima,Eşyalı,Mülk Sahibi,Kat İrtifakı,"Güney, Doğu",,https://www.hepsiemlak.com/aydin-didim-fevzipasa-satilik/villa/130826-2606
130826-2703,Çamlık,Didim,Aydın,4.990.000 TL,120,90,2 + 1,1,3 Katlı,Bahçe Katı,21 Yaşında,Klima,Eşyalı,Mülk Sahibi,Kat Mülkiyeti,"Güney, Doğu",1.000 TL,https://www.hepsiemlak.com/aydin-didim-camlik-satilik/daire/130826-2703
130826-2512,Hisar,Didim,Aydın,4.200.000 TL,150,140,2 + 1,1,3 Katlı,1. Kat,20 Yaşında,Klima,Eşyalı Değil,Boş,Kat Mülkiyeti,Güney,,https://www.hepsiemlak.com/aydin-didim-hisar-satilik/daire/130826-2512
130826-2586,Efeler,Didim,Aydın,7.650.000 TL,140,130,3 + 1,2,3 Katlı,3. Kat,8 Yaşında,Klima,Eşyalı Değil,Mülk Sahibi,Kat Mülkiyeti,Güney,1.600 TL,https://www.hepsiemlak.com/aydin-didim-efeler-satilik/daire/130826-2586
130826-2510,Cumhuriyet,Didim,Aydın,7.300.000 TL,140,120,3 + 1,1,3 Katlı,2. Kat,1 Yaşında,Klima,Eşyalı,Mülk Sahibi,Kat Mülkiyeti,"Kuzey, Doğu",2.500 TL,https://www.hepsiemlak.com/aydin-didim-cumhuriyet-satilik/daire/130826-2510
7697-16199,Hürriyet,Çorlu,Tekirdağ,5.750.000 TL,120,90,2 + 1,2,11 Katlı,4. Kat,15 Yaşında,Kombi,Eşyalı Değil,Kiracılı,Kat Mülkiyeti,,3.000 TL,https://www.hepsiemlak.com/tekirdag-corlu-hurriyet-satilik/daire/7697-16199
129186-1522,Şentepe,Polatlı,Ankara,4.249.000 TL,160,140,3 + 1,2,8 Katlı,5. Kat,5 Yaşında,Kombi,Eşyalı Değil,Kiracılı,Kat Mülkiyeti,"Güney, Doğu",300 TL,https://www.hepsiemlak.com/ankara-polatli-sentepe-satilik/daire/129186-1522
129186-1589,Şehitlik,Polatlı,Ankara,4.985.000 TL,195,185,4 + 1,2,5 Katlı,5. Kat,5 Yaşında,Kombi,Eşyalı Değil,Boş,Kat Mülkiyeti,"Kuzey, Güney, Doğu",,https://www.hepsiemlak.com/ankara-polatli-sehitlik-satilik/daire/129186-1589
129186-1462,Mehmet Akif,Polatlı,Ankara,3.985.000 TL,140,130,3 + 1,2,6 Katlı,6. Kat,5 Yaşında,Kombi,Eşyalı Değil,Mülk Sahibi,Kat Mülkiyeti,"Kuzey, Güney, Doğu",,https://www.hepsiemlak.com/ankara-polatli-mehmet-akif-satilik/daire/129186-1462
134362-611,Hacılar Harmanı,Merkez,Aksaray,3.990.000 TL,120,100,2 + 1,1,4 Katlı,2. Kat,3 Yaşında,Kombi,Eşyalı Değil,Boş,Kat Mülkiyeti,"Güney, Batı",500 TL,https://www.hepsiemlak.com/aksaray-merkez-hacilar-harmani-satilik/daire/134362-611
134362-584,Mehmet Akif Ersoy,Merkez,Aksaray,3.500.000 TL,110,90,2 + 1,1,4 Katlı,Yüksek Giriş,Sıfır Bina,Kombi,Eşyalı Değil,Boş,Kat İrtifakı,,600 TL,https://www.hepsiemlak.com/aksaray-merkez-mehmet-akif-ersoy-satilik/daire/134362-584
3240-14499,Kıyıkışlacık,Milas,Muğla,10.500.000 TL,140,117,3 + 1,2,2 Katlı,,Sıfır Bina,Klima,,,Kooperatiften H...,,,https://www.hepsiemlak.com/mugla-milas-kiyikislacik-satilik/villa/3240-14499
49109-4209,Değirmendere,Kuşadası,Aydın,4.850.000 TL,50,42,1 + 1,1,5 Katlı,3. Kat,Sıfır Bina,Yerden Isıtma,Eşyalı Değil,Boş,Kat İrtifakı,,,https://www.hepsiemlak.com/aydin-kusadasi-degirmendere-satilik/daire/49109-4209
49109-4212,Davutlar,Kuşadası,Aydın,11.500.000 TL,130,110,3 + 1,2,2 Katlı,Villa Katı,Sıfır Bina,Yerden Isıtma,Eşyalı Değil,Boş,Yabancıdan,,2.000 TL,https://www.hepsiemlak.com/aydin-kusadasi-davutlar-satilik/villa/49109-4212
118321-908,Yancıkçı Şahin,Merkez,Edirne,2.700.000 TL,120,100,3 + 1,1,5 Katlı,5. Kat,30 Yaşında,Kombi,Eşyalı Değil,Boş,Kat Mülkiyeti,"Doğu, Batı",,https://www.hepsiemlak.com/edirne-merkez-yancikci-sahin-satilik/daire/118321-908
118321-938,Medrese Ali Bey,Merkez,Edirne,2.500.000 TL,100,85,2 + 1,1,5 Katlı,3. Kat,26 Yaşında,Kombi,Eşyalı Değil,Mülk Sahibi,Kat Mülkiyeti,Batı,,https://www.hepsiemlak.com/edirne-merkez-medrese-ali-bey-satilik/daire/118321-938
125563-2320,Zekeriyaköy,Sarıyer,İstanbul,19.250.000 TL,121,85,2 + 1,2,2 Katlı,1. Kat,5 Yaşında,Merkezi (Pay Öl...,Eşyalı Değil,Kiracılı,Kat Mülkiyeti,,7.000 TL,https://www.hepsiemlak.com/istanbul-sariyer-zekeriyakoy-satilik/daire/125563-2320
70055-725,Kayacık,Karamürsel,Kocaeli,5.500.000 TL,200,180,4 + 1,2,3 Katlı,3. Kat,25 Yaşında,Kombi,Eşyalı Değil,Boş,Kat Mülkiyeti,Kuzey,,https://www.hepsiemlak.com/kocaeli-karamursel-kayacik-satilik/daire/70055-725
146643-834,Yalı,Karasu,Sakarya,2.400.000 TL,80,75,2 + 1,1,3 Katlı,En Üst Kat,6 Yaşında,Kombi,Eşyalı Değil,Boş,Kat İrtifakı,"Kuzey, Güney, Doğu, Batı",,https://www.hepsiemlak.com/sakarya-karasu-yali-satilik/daire/146643-834
4480-25902,Fatih,Pursaklar,Ankara,5.950.000 TL,125,120,3 + 1,1,3 Katlı,2. Kat,Sıfır Bina,Kombi,Eşyalı Değil,Boş,Kat Mülkiyeti,,,https://www.hepsiemlak.com/ankara-pursaklar-fatih-satilik/daire/4480-25902
170342-22,Yiğitler,Buca,İzmir,3.200.000 TL,135,128,3 + 1,1,4 Katlı,2. Kat,6 Yaşında,Kombi,Eşyalı Değil,Kiracılı,Yabancıdan,"Güney, Doğu",350 TL,https://www.hepsiemlak.com/izmir-buca-yigitler-satilik/daire/170342-22
170342-11,Vali Rahmi Bey,Buca,İzmir,2.900.000 TL,100,90,2 + 1,1,4 Katlı,3. Kat,Sıfır Bina,Yerden Isıtma,Eşyalı Değil,Boş,Yabancıdan,"Güney, Doğu",,https://www.hepsiemlak.com/izmir-buca-vali-rahmi-bey-satilik/daire/170342-11
153442-96,Kutlu,Mamak,Ankara,3.750.000 TL,130,120,3 + 1,1,4 Katlı,4. Kat,11 Yaşında,Kombi,Eşyalı Değil,Mülk Sahibi,Kat Mülkiyeti,"Güney, Doğu, Batı",200 TL,https://www.hepsiemlak.com/ankara-mamak-kutlu-satilik/daire/153442-96
75964-3185,Bahçeşehir 2. Kısım,Başakşehir,İstanbul,3.240.000 TL,110,100,3 + 1,1,4 Katlı,Yüksek Giriş,6 Yaşında,Kombi,Eşyalı Değil,Boş,Yabancıdan,Doğu,,https://www.hepsiemlak.com/istanbul-basaksehir-bahcesehir-2-kisim-satilik/daire/75964-3185
75964-3176,Bahçeşehir 2. Kısım,Başakşehir,İstanbul,5.740.000 TL,130,120,3 + 1,1,4 Katlı,1. Kat,Sıfır Bina,Kombi,Eşyalı Değil,Boş,Yabancıdan,"Güney, Doğu",,https://www.hepsiemlak.com/istanbul-basaksehir-bahcesehir-2-kisim-satilik/daire/75964-3176
72595-3444,Bahçeşehir 2. Kısım,Başakşehir,İstanbul,2.100.000 TL,100,80,2 + 1,1,5 Katlı,Bahçe Katı,10 Yaşında,Kombi,Eşyalı Değil,Kiracılı,Yabancıdan,Güney,250 TL,https://www.hepsiemlak.com/istanbul-basaksehir-bahcesehir-2-kisim-satilik/daire/72595-3444
72595-3431,Ardıçlı,Esenyurt,İstanbul,1.800.000 TL,110,90,2 + 1,1,5 Katlı,Giriş Katı,5 Yaşında,Kombi,Eşyalı Değil,Boş,Kat Mülkiyeti,"Güney, Doğu, Batı",,https://www.hepsiemlak.com/istanbul-esenyurt-ardicli-satilik/daire/72595-3431
169678-4,Karşıyaka,Altınordu,Ordu,5.650.000 TL,115,100,3 + 1,1,5 Katlı,1. Kat,1 Yaşında,Yerden Isıtma,Eşyalı Değil,Boş,Kat Mülkiyeti,,,https://www.hepsiemlak.com/ordu-altinordu-karsiyaka-satilik/daire/169678-4
146562-597,General Zeki Doğan,Mamak,Ankara,2.589.000 TL,120,115,3 + 1,1,3 Katlı,Yarı Bodrum,16 Yaşında,Merkezi (Pay Öl...,Eşyalı Değil,Mülk Sahibi,Kat Mülkiyeti,"Güney, Doğu, Batı",200 TL,https://www.hepsiemlak.com/ankara-mamak-general-zeki-dogan-satilik/daire/146562-597
129420-1853,Alacaatlı,Çankaya,Ankara,47.500.000 TL,450,400,7 + 2,5,3 Katlı,Bahçe Katı,6 Yaşında,Yerden Isıtma,Eşyalı Değil,Boş,Kat İrtifakı,"Güney, Doğu, Batı",10.000 TL,https://www.hepsiemlak.com/ankara-cankaya-alacaatli-satilik/villa/129420-1853
6792-5065,Emek,Çankaya,Ankara,8.500.000 TL,80,70,2 + 1,1,3 Katlı,2. Kat,4 Yaşında,Kombi,Eşyalı Değil,Boş,Kat Mülkiyeti,"Kuzey, Doğu",400 TL,https://www.hepsiemlak.com/ankara-cankaya-emek-satilik/daire/6792-5065
101486-2785,Karargahtepe,Keçiören,Ankara,2.399.000 TL,105,83,2 + 1,1,3 Katlı,Giriş Katı,20 Yaşında,Kombi,Eşyalı Değil,Mülk Sahibi,Kat Mülkiyeti,Güney,,https://www.hepsiemlak.com/ankara-kecioren-karargahtepe-satilik/daire/101486-2785
138370-53,Gelişim,Köyceğiz,Muğla,13.000.000 TL,110,95,2 + 1,1,,Bahçe Katı,21 Yaşında,Klima,Eşyalı Değil,Boş,Müstakil Tapulu,"Kuzey, Güney, Doğu, Batı",,https://www.hepsiemlak.com/mugla-koycegiz-gelisim-satilik/mustakil-ev/138370-53
57848-2864,Kadıköy,Edremit,Balıkesir,4.530.000 TL,125,90,2 + 1,2,2 Katlı,2. Kat,Sıfır Bina,Kombi,Eşyalı Değil,Boş,Kat Mülkiyeti,,,https://www.hepsiemlak.com/balikesir-edremit-kadikoy-satilik/daire/57848-2864
119379-780,Akbük,Didim,Aydın,9.750.000 TL,165,140,4 + 1,2,2 Katlı,,8 Yaşında,Klima,Eşyalı Değil,Boş,Kat Mülkiyeti,"Kuzey, Güney, Doğu, Batı",2.000 TL,https://www.hepsiemlak.com/aydin-didim-akbuk-satilik/villa/119379-780
163143-44,19 Mayıs,Gerze,Sinop,3.600.000 TL,95,85,2 + 1,1,5 Katlı,Ara Kat,Sıfır Bina,Kombi,Eşyalı Değil,Boş,Kat Mülkiyeti,,,https://www.hepsiemlak.com/sinop-gerze-19-mayis-satilik/daire/163143-44
137352-264,Tuzla,Fethiye,Muğla,7.500.000 TL,120,100,2 + 1,1,3 Katlı,2. Kat,26 Yaşında,Klima,Eşyalı Değil,Kiracılı,Kat Mülkiyeti,"Kuzey, Doğu, Batı",,https://www.hepsiemlak.com/mugla-fethiye-tuzla-satilik/daire/137352-264
135098-544,Bahçelievler,Üsküdar,İstanbul,19.000.000 TL,165,145,3 + 1,3,4 Katlı,4. Kat,Sıfır Bina,Kombi,Eşyalı Değil,Boş,Kat İrtifakı,"Kuzey, Güney, Doğu, Batı",,https://www.hepsiemlak.com/istanbul-uskudar-bahcelievler-satilik/daire/135098-544
3990-3560,Altıntepe,Maltepe,İstanbul,14.750.000 TL,150,138,3 + 1,2,4 Katlı,4. Kat,5 Yaşında,Merkezi (Pay Öl...,Eşyalı Değil,Mülk Sahibi,Kat Mülkiyeti,"Kuzey, Doğu",,https://www.hepsiemlak.com/istanbul-maltepe-altintepe-satilik/daire/3990-3560
3990-3667,İdealtepe,Maltepe,İstanbul,26.000.000 TL,205,175,4 + 1,2,4 Katlı,4. Kat,10 Yaşında,Kombi,Eşyalı Değil,Boş,Kat Mülkiyeti,Güney,,https://www.hepsiemlak.com/istanbul-maltepe-idealtepe-satilik/daire/3990-3667
70465-787,İlkbahar,Çankaya,Ankara,7.250.000 TL,165,145,4 + 1,2,5 Katlı,Kot 1,25 Yaşında,Kombi,Eşyalı Değil,Boş,Kat Mülkiyeti,"Kuzey, Güney, Doğu",800 TL,https://www.hepsiemlak.com/ankara-cankaya-ilkbahar-satilik/daire/70465-787
58986-177,Altınkum,Didim,Aydın,14.900.000 TL,150,130,3 + 1,2,3 Katlı,3. Kat,1 Yaşında,Merkezi,Eşyalı,Boş,Kat İrtifakı,"Güney, Doğu",,https://www.hepsiemlak.com/aydin-didim-altinkum-satilik/daire/58986-177
170359-3,Gesi,Melikgazi,Kayseri,10.800.000 TL,240,220,4 + 1,2,2 Katlı,Bahçe Katı,Sıfır Bina,Kombi,Eşyalı Değil,Boş,Kat Mülkiyeti,,,https://www.hepsiemlak.com/kayseri-melikgazi-gesi-satilik/villa/170359-3
166687-161,Güzelkale,Ünye,Ordu,9.450.000 TL,240,195,4 + 1,2,,Bahçe Katı,6 Yaşında,Kat Kaloriferi,Eşyalı Değil,Boş,Müstakil Tapulu,"Kuzey, Güney, Doğu, Batı",,https://www.hepsiemlak.com/ordu-unye-guzelkale-satilik/mustakil-ev/166687-161
160912-75,Soğucak,Kuşadası,Aydın,8.500.000 TL,195,175,4 + 1,3,3 Katlı,,11 Yaşında,Klima,Eşyalı Değil,Mülk Sahibi,Kat İrtifakı,"Kuzey, Güney, Doğu, Batı",1.000 TL,https://www.hepsiemlak.com/aydin-kusadasi-sogucak-satilik/villa/160912-75
5042-3697,Bahçelievler,Çankaya,Ankara,14.500.000 TL,110,100,3 + 1,1,4 Katlı,1. Kat,Sıfır Bina,Kombi,Eşyalı Değil,Boş,Kat Mülkiyeti,Doğu,1.000 TL,https://www.hepsiemlak.com/ankara-cankaya-bahcelievler-satilik/daire/5042-3697
166682-28,Kadınlar Denizi,Kuşadası,Aydın,12.000.000 TL,180,150,4 + 1,2,3 Katlı,,25 Yaşında,Kombi,Eşyalı,Mülk Sahibi,Kat İrtifakı,Batı,1.000 TL,https://www.hepsiemlak.com/aydin-kusadasi-kadinlar-denizi-satilik/villa/166682-28
160589-68,Reşat Bey,Akhisar,Manisa,4.100.000 TL,110,100,2 + 1,2,3 Katlı,1. Kat,Sıfır Bina,Kombi,Eşyalı Değil,Boş,Kat İrtifakı,,,https://www.hepsiemlak.com/manisa-akhisar-resat-bey-satilik/daire/160589-68
65028-4049,Yalnızcabağ,Mut,Mersin,450.000 TL,1264,1263,2 + 1,1,1 Katlı,,40 Yaşında,Soba,Eşyalı Değil,Boş,Müstakil Tapulu,"Kuzey, Güney, Doğu, Batı",1 TL,https://www.hepsiemlak.com/mersin-mut-yalnizcabag-satilik/mustakil-ev/65028-4049
165788-58,71 Evler,Odunpazarı,Eskişehir,3.925.000 TL,130,115,3 + 1,2,3 Katlı,2. Kat,6 Yaşında,Kombi,Eşyalı Değil,Mülk Sahibi,Kat Mülkiyeti,,,https://www.hepsiemlak.com/eskisehir-odunpazari-71-evler-satilik/daire/165788-58
51689-7857,Cumhuriyet,Burhaniye,Balıkesir,4.150.000 TL,80,75,2 + 1,1,5 Katlı,Ara Kat,4 Yaşında,Kombi,Eşyalı Değil,Boş,Kat Mülkiyeti,"Kuzey, Güney, Doğu, Batı",,https://www.hepsiemlak.com/balikesir-burhaniye-cumhuriyet-satilik/daire/51689-7857
51689-7821,Bahçelievler,Burhaniye,Balıkesir,4.400.000 TL,60,55,1 + 1,1,3 Katlı,Yüksek Giriş,Sıfır Bina,Kombi,Eşyalı Değil,Boş,Kat İrtifakı,"Kuzey, Güney, Doğu, Batı",,https://www.hepsiemlak.com/balikesir-burhaniye-bahcelievler-satilik/daire/51689-7821
122463-2529,Caddebostan,Kadıköy,İstanbul,20.950.000 TL,155,120,3 + 1,2,8 Katlı,5. Kat,21 Yaşında,Kombi,Eşyalı Değil,Boş,Kat Mülkiyeti,Güney,,https://www.hepsiemlak.com/istanbul-kadikoy-caddebostan-satilik/daire/122463-2529
122463-2458,Erenköy,Kadıköy,İstanbul,26.950.000 TL,225,175,4 + 1,3,10 Katlı,10. Kat,6 Yaşında,Kombi,Eşyalı Değil,Mülk Sahibi,Kat Mülkiyeti,"Güney, Doğu, Batı",,https://www.hepsiemlak.com/istanbul-kadikoy-erenkoy-satilik/daire/122463-2458
166892-41,Atakent,Karaköprü,Şanlıurfa,7.000.000 TL,210,185,4 + 1,2,8 Katlı,6. Kat,7 Yaşında,Kombi,Eşyalı Değil,Mülk Sahibi,Kat İrtifakı,,,https://www.hepsiemlak.com/sanliurfa-karakopru-atakent-satilik/daire/166892-41
166892-21,Atakent,Karaköprü,Şanlıurfa,5.750.000 TL,190,175,3 + 1,2,7 Katlı,5. Kat,3 Yaşında,Kombi,Eşyalı Değil,Boş,Kat İrtifakı,,,https://www.hepsiemlak.com/sanliurfa-karakopru-atakent-satilik/daire/166892-21
95135-1320,Koyunbaba,Bodrum,Muğla,16.200.000 TL,135,125,3 + 1,2,2 Katlı,,17 Yaşında,Klima,Eşyalı,Boş,Yabancıdan,"Kuzey, Güney, Batı",4.000 TL,https://www.hepsiemlak.com/mugla-bodrum-koyunbaba-satilik/villa/95135-1320
13622-329,Aziziye,Karasu,Sakarya,3.800.000 TL,85,75,2 + 1,1,3 Katlı,3. Kat,3 Yaşında,Kombi,Eşyalı Değil,Boş,Kat İrtifakı,"Kuzey, Batı",,https://www.hepsiemlak.com/sakarya-karasu-aziziye-satilik/daire/13622-329
13622-335,Yalı,Karasu,Sakarya,499.990 TL,85,75,2 + 1,1,3 Katlı,Bahçe Katı,Sıfır Bina,Yerden Isıtma,Eşyalı Değil,Boş,Tapu Yok,"Kuzey, Güney, Doğu, Batı",,https://www.hepsiemlak.com/sakarya-karasu-yali-satilik/daire/13622-335
13622-333,Alandere,Kocaali,Sakarya,750.000 TL,80,70,2 + 1,1,3 Katlı,Zemin,Sıfır Bina,Yerden Isıtma,Eşyalı Değil,Boş,Tapu Yok,"Kuzey, Güney, Doğu, Batı",,https://www.hepsiemlak.com/sakarya-kocaali-alandere-satilik/daire/13622-333
13622-334,Yeni,Karasu,Sakarya,1.000.000 TL,85,75,2 + 1,1,3 Katlı,Zemin,Sıfır Bina,Yerden Isıtma,Eşyalı Değil,Boş,Tapu Yok,"Kuzey, Güney, Doğu, Batı",,https://www.hepsiemlak.com/sakarya-karasu-yeni-satilik/daire/13622-334
147709-91,Birlik,Esenler,İstanbul,4.700.000 TL,85,75,2 + 1,1,5 Katlı,Yüksek Giriş,12 Yaşında,Kombi,,Kiracılı,Kat İrtifakı,,,https://www.hepsiemlak.com/istanbul-esenler-birlik-satilik/daire/147709-91
130826-2559,Akbük,Didim,Aydın,4.000.000 TL,63,55,1 + 1,1,1 Katlı,Ara Kat,Sıfır Bina,Klima,Eşyalı Değil,Boş,Kat İrtifakı,"Kuzey, Güney",2.000 TL,https://www.hepsiemlak.com/aydin-didim-akbuk-satilik/daire/130826-2559
117470-270,Ünlüce,Sapanca,Sakarya,11.750.000 TL,265,126,4 + 1,4,2 Katlı,,Sıfır Bina,Kombi,Eşyalı Değil,Boş,Kat Mülkiyeti,"Kuzey, Güney, Batı",,https://www.hepsiemlak.com/sakarya-sapanca-unluce-satilik/villa/117470-270
6675-8810,Gökkuşağı,Çankaya,Ankara,11.800.000 TL,220,165,4 + 1,3,4 Katlı,4. Kat,8 Yaşında,Kombi,Eşyalı Değil,Kiracılı,Kat Mülkiyeti,"Güney, Batı",800 TL,https://www.hepsiemlak.com/ankara-cankaya-gokkusagi-satilik/daire/6675-8810
130826-2507,Yeni,Didim,Aydın,6.750.000 TL,85,73,2 + 1,1,3 Katlı,Ara Kat,6 Yaşında,Klima,Eşyalı Değil,Boş,Kat İrtifakı,Doğu,1.750 TL,https://www.hepsiemlak.com/aydin-didim-yeni-satilik/daire/130826-2507
5187-1917,Fenerbahçe,Kadıköy,İstanbul,23.500.000 TL,125,85,2 + 1,2,4 Katlı,Bahçe Katı,Sıfır Bina,Yerden Isıtma,Eşyalı Değil,Boş,Kat Mülkiyeti,"Güney, Doğu",,https://www.hepsiemlak.com/istanbul-kadikoy-fenerbahce-satilik/daire/5187-1917
5187-1918,Fenerbahçe,Kadıköy,İstanbul,28.500.000 TL,96,75,2 + 1,1,4 Katlı,1. Kat,16 Yaşında,Kombi,Eşyalı Değil,Boş,Kat Mülkiyeti,"Güney, Doğu",3.000 TL,https://www.hepsiemlak.com/istanbul-kadikoy-fenerbahce-satilik/daire/5187-1918
168688-181,Yuvaköy,Yenimahalle,Ankara,4.349.999 TL,50,45,1 + 1,1,7 Katlı,1. Kat,Sıfır Bina,Yerden Isıtma,,,Kat İrtifakı,,,https://www.hepsiemlak.com/ankara-yenimahalle-yuvakoy-satilik/daire/168688-181
135454-122,Esenboğa Merkez,Çubuk,Ankara,2.435.000 TL,85,80,2 + 1,1,3 Katlı,1. Kat,Sıfır Bina,Kombi,Eşyalı Değil,Boş,Kat İrtifakı,"Güney, Doğu",,https://www.hepsiemlak.com/ankara-cubuk-esenboga-merkez-satilik/daire/135454-122
150247-666,Altıntepe,Maltepe,İstanbul,11.200.000 TL,149,119,3 + 1,3,12 Katlı,6. Kat,26 Yaşında,Kombi,Eşyalı Değil,Kiracılı,Kat Mülkiyeti,"Güney, Doğu, Batı",,https://www.hepsiemlak.com/istanbul-maltepe-altintepe-satilik/daire/150247-666
131987-4287,Kayalar,Yenimahalle,Ankara,6.390.000 TL,155,145,3 + 1,2,3 Katlı,2. Kat,5 Yaşında,Kombi,Eşyalı Değil,Boş,Kat Mülkiyeti,"Güney, Doğu",200 TL,https://www.hepsiemlak.com/ankara-yenimahalle-kayalar-satilik/daire/131987-4287
80317-10403,Küçükkuyu (Gökçetepe),Ayvacık,Çanakkale,5.500.000 TL,55,45,1 + 1,1,3 Katlı,Yüksek Giriş,Sıfır Bina,Kat Kaloriferi,Eşyalı Değil,Boş,Yabancıdan,,,https://www.hepsiemlak.com/canakkale-ayvacik-kucukkuyu-gokcetepe-satilik/daire/80317-10403
86429-460,Bahçelievler,Merkez,Çorum,2.600.000 TL,130,126,3 + 1,1,4 Katlı,Yüksek Giriş,8 Yaşında,Kombi,Eşyalı Değil,Boş,Kat Mülkiyeti,"Güney, Batı",,https://www.hepsiemlak.com/corum-merkez-bahcelievler-satilik/daire/86429-460
170295-9,Bahçelievler,Halkapınar,Konya,5.000.000 TL,130,110,1 + 1,2,2 Katlı,Villa Katı,4 Yaşında,Şömine,Eşyalı,Boş,Kat Mülkiyeti,"Kuzey, Güney, Doğu, Batı",1 TL,https://www.hepsiemlak.com/konya-halkapinar-bahcelievler-satilik/daire/170295-9
170295-7,Cahı,Ereğli,Konya,3.300.000 TL,140,130,3 + 2,1,3 Katlı,En Üst Kat,15 Yaşında,Kombi,Eşyalı Değil,Mülk Sahibi,Kat Mülkiyeti,Kuzey,450 TL,https://www.hepsiemlak.com/konya-eregli-cahi-satilik/daire/170295-7
170295-12,Ziya Gökalp,Ereğli,Konya,2.550.000 TL,60,55,2 + 1,1,6 Katlı,Ara Kat,Sıfır Bina,Kombi,Eşyalı Değil,Boş,Kat İrtifakı,"Kuzey, Güney, Doğu",1 TL,https://www.hepsiemlak.com/konya-eregli-ziya-gokalp-satilik/daire/170295-12
170295-11,Şinasi,Ereğli,Konya,2.350.000 TL,110,100,2 + 1,,3 Katlı,En Üst Kat,25 Yaşında,Kombi,Eşyalı Değil,,Kat Mülkiyeti,"Doğu, Batı",1 TL,https://www.hepsiemlak.com/konya-eregli-sinasi-satilik/daire/170295-11
170295-8,Cahı,Ereğli,Konya,3.490.000 TL,160,135,3 + 2,1,3 Katlı,Ara Kat,8 Yaşında,Kombi,Eşyalı Değil,Mülk Sahibi,Kat Mülkiyeti,"Kuzey, Doğu",450 TL,https://www.hepsiemlak.com/konya-eregli-cahi-satilik/daire/170295-8
170295-3,Hacı Mustafa,Ereğli,Konya,2.690.000 TL,130,120,2 + 1,1,5 Katlı,Yüksek Giriş,25 Yaşında,Kombi,Eşyalı Değil,Mülk Sahibi,Kat Mülkiyeti,"Kuzey, Batı",200 TL,https://www.hepsiemlak.com/konya-eregli-haci-mustafa-satilik/daire/170295-3
170295-4,Türbe,Ereğli,Konya,2.525.000 TL,110,90,2 + 1,1,5 Katlı,Ara Kat,25 Yaşında,Kombi,Eşyalı Değil,Boş,Kat Mülkiyeti,"Güney, Doğu",200 TL,https://www.hepsiemlak.com/konya-eregli-turbe-satilik/daire/170295-4
74269-1807,Atatürk,Merkez,Edirne,8.650.000 TL,150,135,3 + 1,2,9 Katlı,2. Kat,2 Yaşında,Kombi,Eşyalı Değil,Boş,Kat Mülkiyeti,Güney,1.750 TL,https://www.hepsiemlak.com/edirne-merkez-ataturk-satilik/daire/74269-1807
144076-107,Abdurrahmangazi,Sancaktepe,İstanbul,4.995.000 TL,83,80,2 + 1,1,4 Katlı,1. Kat,Sıfır Bina,Kombi,Eşyalı Değil,Boş,Kat Mülkiyeti,"Güney, Doğu",300 TL,https://www.hepsiemlak.com/istanbul-sancaktepe-abdurrahmangazi-satilik/daire/144076-107
144076-151,Mimar Sinan,Çekmeköy,İstanbul,6.055.000 TL,85,80,2 + 1,1,3 Katlı,1. Kat,3 Yaşında,Kombi,Eşyalı Değil,Mülk Sahibi,Kat Mülkiyeti,"Güney, Doğu",250 TL,https://www.hepsiemlak.com/istanbul-cekmekoy-mimar-sinan-satilik/daire/144076-151
148098-987,Yeni,Didim,Aydın,6.450.000 TL,200,160,4 + 1,2,3 Katlı,2. Kat,11 Yaşında,Klima,Eşyalı Değil,Boş,Kat Mülkiyeti,"Kuzey, Güney, Doğu",,https://www.hepsiemlak.com/aydin-didim-yeni-satilik/daire/148098-987
170344-13,Şeker,Selçuklu,Konya,14.500.000 TL,360,228,4 + 1,2,16 Katlı,10. Kat,5 Yaşında,Yerden Isıtma,Eşyalı Değil,Mülk Sahibi,Kat Mülkiyeti,,,https://www.hepsiemlak.com/konya-selcuklu-seker-satilik/daire/170344-13
119379-758,Akbük,Didim,Aydın,8.250.000 TL,290,120,3 + 1,1,3 Katlı,,Sıfır Bina,Klima,Eşyalı Değil,,Kat İrtifakı,"Kuzey, Güney, Doğu, Batı",,https://www.hepsiemlak.com/aydin-didim-akbuk-satilik/villa/119379-758
169655-10,İskele,Datça,Muğla,26.000.000 TL,145,125,4 + 1,3,3 Katlı,,3 Yaşında,Yerden Isıtma,Eşyalı Değil,Boş,Kat Mülkiyeti,"Kuzey, Güney, Doğu, Batı",,https://www.hepsiemlak.com/mugla-datca-iskele-satilik/villa/169655-10
77162-5120,Altınoluk,Edremit,Balıkesir,55.000.000 TL,500,300,4 + 1,5,3 Katlı,,Sıfır Bina,Yerden Isıtma,Eşyalı Değil,Boş,Kat Mülkiyeti,"Kuzey, Güney, Doğu, Batı",1 TL,https://www.hepsiemlak.com/balikesir-edremit-altinoluk-satilik/villa/77162-5120
170295-15,Fatih,Ereğli,Konya,3.750.000 TL,145,120,3 + 1,1,5 Katlı,Yüksek Giriş,Sıfır Bina,Kombi,Eşyalı Değil,Boş,Kat İrtifakı,"Kuzey, Batı",,https://www.hepsiemlak.com/konya-eregli-fatih-satilik/daire/170295-15
170295-24,Toros,Ereğli,Konya,3.490.000 TL,130,105,2 + 1,1,5 Katlı,1. Kat,Sıfır Bina,Yerden Isıtma,Eşyalı Değil,Boş,Kat İrtifakı,"Kuzey, Doğu, Batı",,https://www.hepsiemlak.com/konya-eregli-toros-satilik/daire/170295-24
169668-11,Kadınlar Denizi,Kuşadası,Aydın,7.500.000 TL,130,115,4 + 1,1,3 Katlı,Bahçe Katı,26 Yaşında,Klima,Eşyalı Değil,Boş,Kat İrtifakı,,2.000 TL,https://www.hepsiemlak.com/aydin-kusadasi-kadinlar-denizi-satilik/villa/169668-11
169668-3,Ege,Dalaman,Muğla,10.250.000 TL,130,120,3 + 1,2,2 Katlı,,25 Yaşında,Isıtma Yok,Eşyalı Değil,Boş,Kat İrtifakı,"Güney, Doğu, Batı",3.000 TL,https://www.hepsiemlak.com/mugla-dalaman-ege-satilik/villa/169668-3
90930-3685,Güzelçamlı,Kuşadası,Aydın,14.250.000 TL,180,120,3 + 1,3,2 Katlı,,2 Yaşında,Yerden Isıtma,,Mülk Sahibi,Yabancıdan,"Kuzey, Güney, Doğu, Batı",,https://www.hepsiemlak.com/aydin-kusadasi-guzelcamli-satilik/villa/90930-3685
1077-67466,Göztepe,Kadıköy,İstanbul,16.800.000 TL,75,55,2 + 1,1,15 Katlı,10. Kat,Sıfır Bina,Merkezi (Pay Öl...,Eşyalı Değil,Boş,Kat Mülkiyeti,,,https://www.hepsiemlak.com/istanbul-kadikoy-goztepe-satilik/daire/1077-67466
3990-3577,Altayçeşme,Maltepe,İstanbul,14.500.000 TL,127,92,2 + 1,1,20 Katlı,14. Kat,6 Yaşında,Yerden Isıtma,Eşyalı Değil,Mülk Sahibi,Kat Mülkiyeti,"Güney, Batı",5.000 TL,https://www.hepsiemlak.com/istanbul-maltepe-altaycesme-satilik/daire/3990-3577
3990-3550,Küçükyalı,Maltepe,İstanbul,13.450.000 TL,155,135,4 + 1,2,4 Katlı,4. Kat,6 Yaşında,Kombi,Eşyalı Değil,Mülk Sahibi,Kat Mülkiyeti,"Güney, Batı",,https://www.hepsiemlak.com/istanbul-maltepe-kucukyali-satilik/daire/3990-3550
3990-3640,Altıntepe,Maltepe,İstanbul,10.690.000 TL,115,95,3 + 1,1,4 Katlı,2. Kat,6 Yaşında,Kombi,Eşyalı Değil,Mülk Sahibi,Kat Mülkiyeti,"Güney, Batı",,https://www.hepsiemlak.com/istanbul-maltepe-altintepe-satilik/daire/3990-3640
101486-2782,Ufuktepe,Keçiören,Ankara,4.190.000 TL,125,120,3 + 1,1,3 Katlı,3. Kat,15 Yaşında,Kombi,Eşyalı Değil,Boş,Kat Mülkiyeti,"Güney, Doğu, Batı",,https://www.hepsiemlak.com/ankara-kecioren-ufuktepe-satilik/daire/101486-2782
121015-6230,Tosmur,Alanya,Antalya,8.260.000 TL,120,110,2 + 1,2,9 Katlı,9. Kat,5 Yaşında,Klima,Eşyalı,Boş,Yabancıdan,"Güney, Batı",,https://www.hepsiemlak.com/antalya-alanya-tosmur-satilik/daire/121015-6230
86429-456,Bahçelievler,Merkez,Çorum,3.700.000 TL,135,130,3 + 1,1,5 Katlı,3. Kat,10 Yaşında,Kombi,Eşyalı Değil,Boş,Kat Mülkiyeti,"Güney, Batı",,https://www.hepsiemlak.com/corum-merkez-bahcelievler-satilik/daire/86429-456
112101-2043,Güzelçamlı,Kuşadası,Aydın,15.250.000 TL,150,135,4 + 1,2,2 Katlı,,Sıfır Bina,Klima,Eşyalı Değil,Boş,Kat Mülkiyeti,"Kuzey, Güney, Doğu, Batı",1 TL,https://www.hepsiemlak.com/aydin-kusadasi-guzelcamli-satilik/villa/112101-2043
145390-932,Feneryolu,Kadıköy,İstanbul,23.950.000 TL,120,95,3 + 1,2,10 Katlı,2. Kat,Sıfır Bina,Kombi,Eşyalı Değil,Boş,Kat İrtifakı,"Güney, Batı",,https://www.hepsiemlak.com/istanbul-kadikoy-feneryolu-satilik/daire/145390-932
170295-1,Cumhuriyet,Ereğli,Konya,1.730.000 TL,65,50,1 + 1,1,7 Katlı,Ara Kat,1 Yaşında,Merkezi,Eşyalı,Boş,Kat İrtifakı,Batı,750 TL,https://www.hepsiemlak.com/konya-eregli-cumhuriyet-satilik/daire/170295-1
170295-2,Toros,Ereğli,Konya,1.350.000 TL,65,52,1 + 1,1,4 Katlı,Ara Kat,6 Yaşında,Kombi,Eşyalı Değil,Boş,Kat Mülkiyeti,"Güney, Doğu",500 TL,https://www.hepsiemlak.com/konya-eregli-toros-satilik/daire/170295-2
138332-185,Beşikkaya,Altındağ,Ankara,2.575.000 TL,115,100,3 + 1,1,3 Katlı,Yüksek Giriş,11 Yaşında,Kombi,Eşyalı Değil,Kiracılı,Kat Mülkiyeti,,150 TL,https://www.hepsiemlak.com/ankara-altindag-besikkaya-satilik/daire/138332-185
138332-195,Karapürçek,Altındağ,Ankara,4.400.000 TL,145,130,3 + 1,1,4 Katlı,3. Kat,6 Yaşında,Kombi,Eşyalı,Kiracılı,Kat Mülkiyeti,"Güney, Batı",250 TL,https://www.hepsiemlak.com/ankara-altindag-karapurcek-satilik/daire/138332-195
148098-1082,Ak - Yeniköy,Didim,Aydın,10.750.000 TL,600,130,3 + 1,2,1 Katlı,Bahçe Katı,6 Yaşında,Klima,Eşyalı Değil,Boş,Kat Mülkiyeti,"Kuzey, Güney, Doğu, Batı",,https://www.hepsiemlak.com/aydin-didim-ak-yenikoy-satilik/villa/148098-1082
20665-1379,Aydınlıkevler,Altındağ,Ankara,4.600.000 TL,120,110,3 + 1,1,3 Katlı,Ara Kat,26 Yaşında,Kombi,Eşyalı Değil,,Kat Mülkiyeti,"Kuzey, Doğu, Batı",300 TL,https://www.hepsiemlak.com/ankara-altindag-aydinlikevler-satilik/daire/20665-1379
70173-2068,Batı Elagözlü,Ereğli,Konya,6.500.000 TL,192,175,4 + 1,2,8 Katlı,7. Kat,8 Yaşında,Merkezi,Eşyalı Değil,Mülk Sahibi,Kat Mülkiyeti,"Kuzey, Batı",2.000 TL,https://www.hepsiemlak.com/konya-eregli-bati-elagozlu-satilik/daire/70173-2068
146643-822,Yalı,Karasu,Sakarya,2.300.000 TL,75,70,2 + 1,1,3 Katlı,Ara Kat,1 Yaşında,Kombi,Eşyalı Değil,Boş,Kat İrtifakı,"Kuzey, Güney, Doğu, Batı",,https://www.hepsiemlak.com/sakarya-karasu-yali-satilik/daire/146643-822
130826-2671,Hisar,Didim,Aydın,6.200.000 TL,75,70,2 + 1,1,3 Katlı,1. Kat,Sıfır Bina,Isıtma Yok,Eşyalı Değil,Boş,Kat İrtifakı,"Güney, Doğu",,https://www.hepsiemlak.com/aydin-didim-hisar-satilik/daire/130826-2671
170117-5,Mevlana,Talas,Kayseri,5.475.000 TL,220,200,4 + 1,2,14 Katlı,Yüksek Giriş,11 Yaşında,Merkezi (Pay Öl...,Eşyalı,Mülk Sahibi,Kat Mülkiyeti,"Kuzey, Doğu, Batı",750 TL,https://www.hepsiemlak.com/kayseri-talas-mevlana-satilik/daire/170117-5
18229-1800,Kavaklıdere,Çankaya,Ankara,7.500.000 TL,140,120,3 + 1,1,4 Katlı,Ara Kat,40 Yaşında,Merkezi,Eşyalı Değil,Kiracılı,Kat Mülkiyeti,"Kuzey, Güney, Doğu",2.000 TL,https://www.hepsiemlak.com/ankara-cankaya-kavaklidere-satilik/daire/18229-1800
18229-1823,Kavaklıdere,Çankaya,Ankara,5.750.000 TL,120,110,3 + 1,1,4 Katlı,3. Kat,40 Yaşında,Merkezi,Eşyalı Değil,Boş,Kat Mülkiyeti,"Kuzey, Doğu",3.500 TL,https://www.hepsiemlak.com/ankara-cankaya-kavaklidere-satilik/daire/18229-1823
18229-1792,Kayı,Kahramankazan,Ankara,5.000.000 TL,180,160,4 + 1,2,11 Katlı,Ara Kat,3 Yaşında,Kombi,Eşyalı Değil,,Kat Mülkiyeti,"Kuzey, Batı",500 TL,https://www.hepsiemlak.com/ankara-kahramankazan-kayi-satilik/daire/18229-1792
104770-7306,Cumhuriyet,Beylikdüzü,İstanbul,925.000 TL,85,75,1 + 1,1,6 Katlı,2. Kat,Sıfır Bina,Kombi,Eşyalı Değil,Boş,Kat Mülkiyeti,"Güney, Doğu",,https://www.hepsiemlak.com/istanbul-beylikduzu-cumhuriyet-satilik/daire/104770-7306
104770-7464,Beylikdüzü OSB,Beylikdüzü,İstanbul,2.000.000 TL,160,150,3 + 1,1,7 Katlı,4. Kat,4 Yaşında,Kombi,Eşyalı Değil,Boş,Kat Mülkiyeti,"Güney, Doğu",,https://www.hepsiemlak.com/istanbul-beylikduzu-beylikduzu-osb-satilik/daire/104770-7464
130826-2662,Yeni,Didim,Aydın,3.270.000 TL,60,40,1 + 1,1,3 Katlı,Giriş Katı,16 Yaşında,Isıtma Yok,,Boş,Kat İrtifakı,Batı,,https://www.hepsiemlak.com/aydin-didim-yeni-satilik/daire/130826-2662
130826-2423,Efeler,Didim,Aydın,3.650.000 TL,55,50,1 + 1,1,3 Katlı,Yüksek Giriş,15 Yaşında,Klima,Eşyalı,Mülk Sahibi,Yabancıdan,"Doğu, Batı",,https://www.hepsiemlak.com/aydin-didim-efeler-satilik/daire/130826-2423
130826-2556,Hisar,Didim,Aydın,5.750.000 TL,80,75,2 + 1,1,3 Katlı,2. Kat,2 Yaşında,Klima,Eşyalı,Mülk Sahibi,Kat Mülkiyeti,"Kuzey, Batı",1.700 TL,https://www.hepsiemlak.com/aydin-didim-hisar-satilik/daire/130826-2556
130826-2695,Hisar,Didim,Aydın,11.500.000 TL,200,180,3 + 1,2,3 Katlı,Bahçe Katı,Sıfır Bina,Klima,Eşyalı Değil,Boş,Kat Mülkiyeti,"Güney, Doğu",,https://www.hepsiemlak.com/aydin-didim-hisar-satilik/villa/130826-2695
130826-2414,Hisar,Didim,Aydın,5.675.000 TL,120,115,3 + 1,2,3 Katlı,1. Kat,11 Yaşında,Klima,Eşyalı,Boş,Yabancıdan,"Kuzey, Doğu",2.000 TL,https://www.hepsiemlak.com/aydin-didim-hisar-satilik/daire/130826-2414
130826-2553,Cumhuriyet,Didim,Aydın,3.900.000 TL,90,80,2 + 1,1,4 Katlı,2. Kat,15 Yaşında,Klima,Eşyalı Değil,Boş,Kat İrtifakı,"Kuzey, Doğu",,https://www.hepsiemlak.com/aydin-didim-cumhuriyet-satilik/daire/130826-2553
130826-2678,Efeler,Didim,Aydın,6.350.000 TL,130,109,3 + 1,2,3 Katlı,2. Kat,18 Yaşında,Klima,Eşyalı,Mülk Sahibi,Kat İrtifakı,"Güney, Doğu, Batı",,https://www.hepsiemlak.com/aydin-didim-efeler-satilik/daire/130826-2678
144311-138,Gazibeyli,Yahyalı,Kayseri,3.990.000 TL,140,115,3 + 1,2,4 Katlı,4. Kat,3 Yaşında,Kombi,Eşyalı Değil,Kiracılı,Kat Mülkiyeti,"Kuzey, Batı",,https://www.hepsiemlak.com/kayseri-yahyali-gazibeyli-satilik/daire/144311-138
169889-17,Kazımiye,Çorlu,Tekirdağ,4.650.000 TL,110,90,2 + 1,1,6 Katlı,1. Kat,Sıfır Bina,Kombi,Eşyalı Değil,Kiracılı,Kat Mülkiyeti,"Güney, Batı",,https://www.hepsiemlak.com/tekirdag-corlu-kazimiye-satilik/daire/169889-17
129186-1562,Şentepe,Polatlı,Ankara,2.100.000 TL,90,75,2 + 1,1,6 Katlı,Bahçe Katı,Sıfır Bina,Kombi,Eşyalı Değil,Boş,Kat İrtifakı,"Kuzey, Batı",200 TL,https://www.hepsiemlak.com/ankara-polatli-sentepe-satilik/daire/129186-1562
129186-1550,Mehmet Akif,Polatlı,Ankara,3.150.000 TL,130,120,3 + 1,1,4 Katlı,2. Kat,11 Yaşında,Kombi,Eşyalı Değil,Boş,Kat Mülkiyeti,"Güney, Doğu, Batı",300 TL,https://www.hepsiemlak.com/ankara-polatli-mehmet-akif-satilik/daire/129186-1550
129186-1487,İstiklal,Polatlı,Ankara,3.400.000 TL,100,90,2 + 1,1,4 Katlı,Yüksek Giriş,Sıfır Bina,Kombi,Eşyalı Değil,Boş,Kat Mülkiyeti,"Güney, Batı",500 TL,https://www.hepsiemlak.com/ankara-polatli-istiklal-satilik/daire/129186-1487
129186-1407,Şehitlik,Polatlı,Ankara,3.150.000 TL,150,140,3 + 1,2,4 Katlı,Giriş Katı,Sıfır Bina,Kombi,Eşyalı Değil,Boş,Kat Mülkiyeti,"Güney, Batı",,https://www.hepsiemlak.com/ankara-polatli-sehitlik-satilik/daire/129186-1407
6545-3212,Oba,Alanya,Antalya,8.000.000 TL,150,140,4 + 1,2,4 Katlı,4. Kat,11 Yaşında,Klima,Eşyalı,Boş,Kat Mülkiyeti,"Güney, Batı",,https://www.hepsiemlak.com/antalya-alanya-oba-satilik/daire/6545-3212
6545-4872,Şekerhane,Alanya,Antalya,2.250.000 TL,50,49,1 + 1,1,4 Katlı,4. Kat,31 Yaşında,Klima,Eşyalı Değil,Boş,Kat İrtifakı,Kuzey,,https://www.hepsiemlak.com/antalya-alanya-sekerhane-satilik/daire/6545-4872
136514-173,Cuma,Efeler,Aydın,2.650.000 TL,130,120,3 + 1,1,5 Katlı,Ara Kat,40 Yaşında,Klima,,Kiracılı,Kat İrtifakı,,,https://www.hepsiemlak.com/aydin-efeler-cuma-satilik/daire/136514-173
75964-3274,Üçevler,Esenyurt,İstanbul,3.250.000 TL,120,100,2 + 1,1,4 Katlı,1. Kat,9 Yaşında,Kombi,Eşyalı Değil,Boş,Yabancıdan,"Güney, Doğu",250 TL,https://www.hepsiemlak.com/istanbul-esenyurt-ucevler-satilik/daire/75964-3274
44716-9632,Şahintepe,Mamak,Ankara,3.149.000 TL,135,125,3 + 1,1,3 Katlı,3. Kat,20 Yaşında,Kombi,Eşyalı Değil,Mülk Sahibi,Yabancıdan,"Güney, Doğu",200 TL,https://www.hepsiemlak.com/ankara-mamak-sahintepe-satilik/daire/44716-9632
169282-16,Feneseaşağı,Develi,Kayseri,3.275.000 TL,180,160,2 + 1,2,5 Katlı,Teras Katı,10 Yaşında,Kombi,Eşyalı,Boş,Kat Mülkiyeti,"Kuzey, Doğu, Batı",500 TL,https://www.hepsiemlak.com/kayseri-develi-feneseasagi-satilik/daire/169282-16
58851-1020,Basın Sitesi,Karabağlar,İzmir,5.400.000 TL,130,115,3 + 1,1,6 Katlı,2. Kat,35 Yaşında,Isıtma Yok,Eşyalı Değil,Boş,Kat Mülkiyeti,"Güney, Doğu, Batı",250 TL,https://www.hepsiemlak.com/izmir-karabaglar-basin-sitesi-satilik/daire/58851-1020
154828-6,Küçükköy,Ayvalık,Balıkesir,35.990.000 TL,200,129,4 + 1,3,3 Katlı,,21 Yaşında,Klima,Eşyalı,Boş,Kat Mülkiyeti,,,https://www.hepsiemlak.com/balikesir-ayvalik-kucukkoy-satilik/villa/154828-6
131932-606,İkiçeşmelik,Kuşadası,Aydın,5.000.000 TL,110,90,2 + 1,1,4 Katlı,2. Kat,16 Yaşında,Kombi,Eşyalı Değil,Mülk Sahibi,Kat İrtifakı,Doğu,500 TL,https://www.hepsiemlak.com/aydin-kusadasi-ikicesmelik-satilik/daire/131932-606
131932-608,Davutlar,Kuşadası,Aydın,7.500.000 TL,135,100,3 + 1,1,2 Katlı,Bahçe Katı,21 Yaşında,Klima,Eşyalı Değil,Mülk Sahibi,Kat Mülkiyeti,,,https://www.hepsiemlak.com/aydin-kusadasi-davutlar-satilik/villa/131932-608
87449-4034,Göztepe,Kadıköy,İstanbul,17.950.000 TL,95,75,2 + 1,2,8 Katlı,1. Kat,Sıfır Bina,Kombi,Eşyalı Değil,Boş,Kat İrtifakı,Doğu,,https://www.hepsiemlak.com/istanbul-kadikoy-goztepe-satilik/daire/87449-4034
87449-4009,Zühtüpaşa,Kadıköy,İstanbul,10.250.000 TL,65,47,1 + 1,1,6 Katlı,Bahçe Katı,5 Yaşında,Kombi,Eşyalı Değil,Mülk Sahibi,Kat Mülkiyeti,"Kuzey, Batı",,https://www.hepsiemlak.com/istanbul-kadikoy-zuhtupasa-satilik/daire/87449-4009
2152-8922,Ilıca,Çeşme,İzmir,28.000.000 TL,180,150,4 + 1,2,2 Katlı,,40 Yaşında,Klima,,Boş,Arsa,"Kuzey, Güney",,https://www.hepsiemlak.com/izmir-cesme-ilica-satilik/villa/2152-8922
111267-1819,Atayurt,Etimesgut,Ankara,4.650.000 TL,89,85,2 + 1,2,12 Katlı,4. Kat,Sıfır Bina,Yerden Isıtma,Eşyalı Değil,Boş,Kat Mülkiyeti,"Kuzey, Güney, Doğu, Batı",,https://www.hepsiemlak.com/ankara-etimesgut-atayurt-satilik/daire/111267-1819
148098-844,Efeler,Didim,Aydın,13.500.000 TL,280,200,4 + 1,3,2 Katlı,Bahçe Katı,Sıfır Bina,Klima,Eşyalı Değil,Boş,Kat İrtifakı,Batı,,https://www.hepsiemlak.com/aydin-didim-efeler-satilik/villa/148098-844
101486-2791,Atapark,Keçiören,Ankara,5.450.000 TL,130,125,3 + 1,2,3 Katlı,1. Kat,6 Yaşında,Kombi,Eşyalı Değil,Mülk Sahibi,Kat Mülkiyeti,"Güney, Doğu, Batı",,https://www.hepsiemlak.com/ankara-kecioren-atapark-satilik/daire/101486-2791
70629-136,29 Ekim,Sincan,Ankara,3.650.000 TL,125,110,3 + 1,1,4 Katlı,2. Kat,15 Yaşında,Kombi,Eşyalı Değil,Mülk Sahibi,Kat Mülkiyeti,"Güney, Doğu, Batı",,https://www.hepsiemlak.com/ankara-sincan-29-ekim-satilik/daire/70629-136
70629-140,29 Ekim,Sincan,Ankara,3.950.000 TL,110,98,2 + 1,1,4 Katlı,Yüksek Giriş,2 Yaşında,Kombi,Eşyalı Değil,Mülk Sahibi,Kat Mülkiyeti,"Güney, Doğu, Batı",,https://www.hepsiemlak.com/ankara-sincan-29-ekim-satilik/daire/70629-140
162578-218,Kuzeyyaka,Kepez,Antalya,3.100.000 TL,140,125,3 + 1,1,3 Katlı,3. Kat,16 Yaşında,Kombi,Eşyalı Değil,Mülk Sahibi,Kat İrtifakı,,,https://www.hepsiemlak.com/antalya-kepez-kuzeyyaka-satilik/daire/162578-218
137815-80,Emirbeyazıt,Menteşe,Muğla,7.000.000 TL,135,125,3 + 1,1,5 Katlı,Yüksek Giriş,26 Yaşında,Kombi,Eşyalı Değil,Mülk Sahibi,Kat Mülkiyeti,"Kuzey, Güney, Doğu, Batı",,https://www.hepsiemlak.com/mugla-mentese-emirbeyazit-satilik/daire/137815-80
137815-83,Emirbeyazıt,Menteşe,Muğla,6.000.000 TL,110,100,2 + 1,1,5 Katlı,2. Kat,31 Yaşında,Kombi,Eşyalı Değil,Mülk Sahibi,Kat Mülkiyeti,"Kuzey, Güney, Doğu, Batı",,https://www.hepsiemlak.com/mugla-mentese-emirbeyazit-satilik/daire/137815-83
137815-85,Orhaniye,Menteşe,Muğla,11.500.000 TL,135,125,3 + 1,2,3 Katlı,3. Kat,11 Yaşında,Yerden Isıtma,Eşyalı Değil,Mülk Sahibi,Kat Mülkiyeti,"Kuzey, Güney, Doğu, Batı",,https://www.hepsiemlak.com/mugla-mentese-orhaniye-satilik/daire/137815-85
101486-2780,Ovacık,Keçiören,Ankara,12.990.000 TL,220,200,4 + 1,2,20 Katlı,12. Kat,6 Yaşında,Kombi,Eşyalı Değil,Boş,Kat Mülkiyeti,"Güney, Doğu, Batı",2.500 TL,https://www.hepsiemlak.com/ankara-kecioren-ovacik-satilik/daire/101486-2780
163846-61,Küçükbük,Bodrum,Muğla,13.250.000 TL,88,74,2 + 1,2,2 Katlı,Bahçe Katı,6 Yaşında,Klima,Eşyalı Değil,Boş,Kat Mülkiyeti,Güney,4.500 TL,https://www.hepsiemlak.com/mugla-bodrum-kucukbuk-satilik/daire/163846-61
76272-1684,Kadınlar Denizi,Kuşadası,Aydın,9.000.000 TL,200,150,4 + 1,3,4 Katlı,Çatı Katı,5 Yaşında,Kombi,Eşyalı Değil,Boş,Kat Mülkiyeti,"Doğu, Batı",2.000 TL,https://www.hepsiemlak.com/aydin-kusadasi-kadinlar-denizi-satilik/residence/76272-1684
55498-129,Piri Reis,Darıca,Kocaeli,67.500.000 TL,1000,900,10 + 0,7,2 Katlı,Bahçe Katı,21 Yaşında,Kombi,Eşyalı Değil,Boş,Arsa,"Kuzey, Batı",,https://www.hepsiemlak.com/kocaeli-darica-piri-reis-satilik/villa/55498-129
169386-10,Döğüşbelen,Köyceğiz,Muğla,16.500.000 TL,330,260,4 + 3,3,2 Katlı,,5 Yaşında,Klima,Eşyalı,Boş,Müstakil Tapulu,,,https://www.hepsiemlak.com/mugla-koycegiz-dogusbelen-satilik/mustakil-ev/169386-10
55498-267,Piri Reis,Darıca,Kocaeli,11.000.000 TL,140,120,3 + 1,1,1 Katlı,,26 Yaşında,Isıtma Yok,Eşyalı Değil,Mülk Sahibi,Arsa,"Kuzey, Batı",,https://www.hepsiemlak.com/kocaeli-darica-piri-reis-satilik/villa/55498-267
117865-321,Yeni,İzmit,Kocaeli,3.500.000 TL,85,80,2 + 1,1,3 Katlı,Giriş Katı,6 Yaşında,Kombi,Eşyalı Değil,Boş,Kat Mülkiyeti,Güney,1.200 TL,https://www.hepsiemlak.com/kocaeli-izmit-yeni-satilik/daire/117865-321
80176-1113,Cumhuriyet,Didim,Aydın,4.500.000 TL,55,50,1 + 1,1,3 Katlı,1. Kat,Sıfır Bina,Klima,Eşyalı Değil,Boş,Tapu Yok,"Kuzey, Güney, Doğu, Batı",,https://www.hepsiemlak.com/aydin-didim-cumhuriyet-satilik/daire/80176-1113
167757-9,Sayağzı,Silifke,Mersin,3.200.000 TL,80,65,2 + 1,1,3 Katlı,2. Kat,Sıfır Bina,Klima,Eşyalı Değil,Boş,Kat İrtifakı,"Kuzey, Doğu",,https://www.hepsiemlak.com/mersin-silifke-sayagzi-satilik/daire/167757-9
170157-2,Özkonak (Cami - Kebir),Avanos,Nevşehir,14.000.000 TL,1754,180,8 + 1,5,2 Katlı,,15 Yaşında,Doğalgaz Sobası,Eşyalı,,Müstakil Tapulu,"Kuzey, Güney, Doğu, Batı",,https://www.hepsiemlak.com/nevsehir-avanos-ozkonak-cami-kebir-satilik/villa/170157-2
54389-3036,Ekşioğlu,Çekmeköy,İstanbul,5.620.000 TL,100,80,2 + 1,1,4 Katlı,4. Kat,Sıfır Bina,Kombi,Eşyalı Değil,Boş,Kat İrtifakı,"Güney, Doğu",,https://www.hepsiemlak.com/istanbul-cekmekoy-eksioglu-satilik/daire/54389-3036
54389-3037,Abdurrahmangazi,Sancaktepe,İstanbul,5.420.000 TL,100,85,2 + 1,2,4 Katlı,1. Kat,11 Yaşında,Kombi,Eşyalı Değil,Mülk Sahibi,Kat Mülkiyeti,"Güney, Doğu",250 TL,https://www.hepsiemlak.com/istanbul-sancaktepe-abdurrahmangazi-satilik/daire/54389-3037
88040-383,Akyarlar,Bodrum,Muğla,9.950.000 TL,150,100,3 + 1,2,2 Katlı,2. Kat,11 Yaşında,Klima,Eşyalı Değil,Kiracılı,Kat Mülkiyeti,,,https://www.hepsiemlak.com/mugla-bodrum-akyarlar-satilik/daire/88040-383
4744-12297,İlkbahar,Çankaya,Ankara,8.450.000 TL,75,60,2 + 1,1,2 Katlı,1. Kat,Sıfır Bina,Yerden Isıtma,Eşyalı Değil,Belirtilmemiş,Kat İrtifakı,"Güney, Doğu",,https://www.hepsiemlak.com/ankara-cankaya-ilkbahar-satilik/daire/4744-12297
4744-12304,İdealtepe,Maltepe,İstanbul,9.600.000 TL,70,65,1 + 1,1,5 Katlı,1. Kat,13 Yaşında,Merkezi (Pay Öl...,Eşyalı Değil,Mülk Sahibi,Kat İrtifakı,Doğu,2.000 TL,https://www.hepsiemlak.com/istanbul-maltepe-idealtepe-satilik/daire/4744-12304
4744-12320,İncek,Gölbaşı,Ankara,11.950.000 TL,165,150,3 + 1,2,15 Katlı,10. Kat,12 Yaşında,Merkezi (Pay Öl...,Eşyalı Değil,Boş,Kat Mülkiyeti,"Güney, Doğu, Batı",,https://www.hepsiemlak.com/ankara-golbasi-incek-satilik/daire/4744-12320
4744-12367,Ata,Yenimahalle,Ankara,6.950.000 TL,135,125,3 + 1,2,9 Katlı,8. Kat,14 Yaşında,Kombi,Eşyalı Değil,Boş,Kat Mülkiyeti,Güney,1.500 TL,https://www.hepsiemlak.com/ankara-yenimahalle-ata-satilik/daire/4744-12367
112101-2055,Davutlar,Kuşadası,Aydın,8.750.000 TL,120,110,3 + 1,3,3 Katlı,Bahçe Katı,26 Yaşında,Klima,Eşyalı,Mülk Sahibi,Kat İrtifakı,"Güney, Doğu, Batı",,https://www.hepsiemlak.com/aydin-kusadasi-davutlar-satilik/villa/112101-2055
112101-2052,Davutlar,Kuşadası,Aydın,4.500.000 TL,75,65,2 + 1,1,4 Katlı,2. Kat,5 Yaşında,Klima,Eşyalı Değil,Boş,Kat İrtifakı,Kuzey,,https://www.hepsiemlak.com/aydin-kusadasi-davutlar-satilik/daire/112101-2052
130826-2594,Hisar,Didim,Aydın,10.000.000 TL,120,90,2 + 1,1,1 Katlı,Bahçe Katı,5 Yaşında,Isıtma Yok,Eşyalı Değil,Mülk Sahibi,Kat Mülkiyeti,"Güney, Doğu",1.500 TL,https://www.hepsiemlak.com/aydin-didim-hisar-satilik/villa/130826-2594
130826-2672,Efeler,Didim,Aydın,11.500.000 TL,180,150,3 + 1,2,2 Katlı,Bahçe Katı,Sıfır Bina,Yerden Isıtma,Eşyalı Değil,Boş,Kat İrtifakı,"Kuzey, Doğu",,https://www.hepsiemlak.com/aydin-didim-efeler-satilik/villa/130826-2672
130826-2676,Efeler,Didim,Aydın,10.750.000 TL,180,150,3 + 1,2,2 Katlı,,Sıfır Bina,Isıtma Yok,Eşyalı Değil,Boş,Kat Mülkiyeti,"Güney, Doğu",,https://www.hepsiemlak.com/aydin-didim-efeler-satilik/villa/130826-2676
130826-2684,Hisar,Didim,Aydın,11.500.000 TL,170,140,3 + 1,2,2 Katlı,,Sıfır Bina,Isıtma Yok,Eşyalı Değil,Boş,Kat Mülkiyeti,,,https://www.hepsiemlak.com/aydin-didim-hisar-satilik/villa/130826-2684
169900-15,Yediselviler,Yıldırım,Bursa,2.850.000 TL,55,50,4 + 2,2,3 Katlı,,30 Yaşında,Kombi,Eşyalı Değil,Kiracılı,Müstakil Tapulu,"Güney, Doğu, Batı",,https://www.hepsiemlak.com/bursa-yildirim-yediselviler-satilik/mustakil-ev/169900-15
54684-4292,Tuna,Karşıyaka,İzmir,13.600.000 TL,280,210,6 + 0,1,3 Katlı,Bahçe Katı,133 Yaşında,Klima,,Boş,Müstakil Tapulu,,,https://www.hepsiemlak.com/izmir-karsiyaka-tuna-satilik/kosk/54684-4292
54684-4353,Fevzi Çakmak,Foça,İzmir,54.000.000 TL,220,200,4 + 1,1,,Bahçe Katı,31 Yaşında,Kombi,Eşyalı Değil,Mülk Sahibi,Müstakil Tapulu,,,https://www.hepsiemlak.com/izmir-foca-fevzi-cakmak-satilik/mustakil-ev/54684-4353
54684-4318,Ataşehir,Çiğli,İzmir,12.200.000 TL,127,110,3 + 1,2,7 Katlı,5. Kat,6 Yaşında,Merkezi (Pay Öl...,Eşyalı Değil,Boş,Kat İrtifakı,"Güney, Batı",600 TL,https://www.hepsiemlak.com/izmir-cigli-atasehir-satilik/daire/54684-4318
54684-4504,Bahriye Üçok,Karşıyaka,İzmir,6.500.000 TL,145,130,3 + 1,1,4 Katlı,3. Kat,31 Yaşında,Kombi,Eşyalı Değil,Boş,Kat Mülkiyeti,Batı,,https://www.hepsiemlak.com/izmir-karsiyaka-bahriye-ucok-satilik/daire/54684-4504
148098-1075,Yeni,Didim,Aydın,5.950.000 TL,150,140,5 + 1,3,6 Katlı,Yüksek Giriş,11 Yaşında,Klima,Eşyalı Değil,Boş,Kat Mülkiyeti,"Güney, Batı",,https://www.hepsiemlak.com/aydin-didim-yeni-satilik/daire/148098-1075
148098-1036,Hisar,Didim,Aydın,18.000.000 TL,400,360,7 + 2,6,3 Katlı,Bahçe Katı,6 Yaşında,Klima,Eşyalı Değil,Kiracılı,Kat Mülkiyeti,"Kuzey, Güney, Doğu, Batı",,https://www.hepsiemlak.com/aydin-didim-hisar-satilik/villa/148098-1036
148098-1027,Hisar,Didim,Aydın,12.500.000 TL,140,100,4 + 1,2,3 Katlı,Bahçe Katı,2 Yaşında,Klima,Eşyalı Değil,Boş,Kat İrtifakı,Batı,,https://www.hepsiemlak.com/aydin-didim-hisar-satilik/villa/148098-1027
95770-3482,Kırkkonaklar,Çankaya,Ankara,5.290.000 TL,120,105,3 + 1,1,3 Katlı,Giriş Katı,8 Yaşında,Kombi,Eşyalı Değil,Boş,Kat Mülkiyeti,"Güney, Doğu",,https://www.hepsiemlak.com/ankara-cankaya-kirkkonaklar-satilik/daire/95770-3482
169900-14,Selimzade,Yıldırım,Bursa,3.380.000 TL,135,125,3 + 1,1,4 Katlı,4. Kat,25 Yaşında,Kombi,Eşyalı Değil,Mülk Sahibi,Kat Mülkiyeti,"Doğu, Batı",,https://www.hepsiemlak.com/bursa-yildirim-selimzade-satilik/daire/169900-14
89764-390,Ballıkpınar,Gölbaşı,Ankara,24.500.000 TL,280,240,5 + 1,3,2 Katlı,,12 Yaşında,Kombi,Eşyalı Değil,Boş,Müstakil Tapulu,,1.250 TL,https://www.hepsiemlak.com/ankara-golbasi-ballikpinar-satilik/villa/89764-390
124313-843,Soğucak,Kuşadası,Aydın,20.500.000 TL,350,160,4 + 1,4,2 Katlı,Bahçe Katı,Sıfır Bina,Yerden Isıtma,Eşyalı,Boş,Kat Mülkiyeti,"Kuzey, Güney, Doğu, Batı",3.000 TL,https://www.hepsiemlak.com/aydin-kusadasi-sogucak-satilik/villa/124313-843
124313-840,Karaova,Kuşadası,Aydın,32.000.000 TL,250,189,4 + 1,4,2 Katlı,Bahçe Katı,Sıfır Bina,Yerden Isıtma,Eşyalı,Boş,Kat Mülkiyeti,"Kuzey, Güney, Batı",,https://www.hepsiemlak.com/aydin-kusadasi-karaova-satilik/villa/124313-840
131576-523,Tabduk Emre,Merkez,Karaman,3.550.000 TL,165,150,3 + 1,1,5 Katlı,3. Kat,11 Yaşında,Kombi,Eşyalı Değil,Boş,Kat Mülkiyeti,"Kuzey, Güney, Doğu, Batı",,https://www.hepsiemlak.com/karaman-merkez-tabduk-emre-satilik/daire/131576-523
73227-1678,Pamuklar,Yenimahalle,Ankara,5.990.000 TL,135,115,3 + 1,1,11 Katlı,5. Kat,11 Yaşında,Merkezi (Pay Öl...,Eşyalı Değil,Mülk Sahibi,Kat Mülkiyeti,,,https://www.hepsiemlak.com/ankara-yenimahalle-pamuklar-satilik/daire/73227-1678
73227-1682,Ergenekon,Yenimahalle,Ankara,4.990.000 TL,170,155,5 + 1,1,3 Katlı,3. Kat,16 Yaşında,Kombi,Eşyalı Değil,Mülk Sahibi,Kat İrtifakı,,,https://www.hepsiemlak.com/ankara-yenimahalle-ergenekon-satilik/daire/73227-1682
129388-286,Yalıköy,Beykoz,İstanbul,120.000.000 TL,340,275,16 + 7,7,4 Katlı,,35 Yaşında,Kombi,Eşyalı Değil,Kiracılı,Hisseli Tapu,"Kuzey, Güney, Doğu, Batı",,https://www.hepsiemlak.com/istanbul-beykoz-yalikoy-satilik/mustakil-ev/129388-286
130826-2614,Cumhuriyet,Didim,Aydın,4.400.000 TL,50,45,1 + 1,1,3 Katlı,2. Kat,Sıfır Bina,Kat Kaloriferi,Eşyalı Değil,Boş,Kat İrtifakı,Güney,1.500 TL,https://www.hepsiemlak.com/aydin-didim-cumhuriyet-satilik/daire/130826-2614
130826-2428,Altınkum,Didim,Aydın,5.250.000 TL,80,65,2 + 1,1,3 Katlı,3. Kat,21 Yaşında,Isıtma Yok,Eşyalı Değil,Boş,Kat Mülkiyeti,,,https://www.hepsiemlak.com/aydin-didim-altinkum-satilik/daire/130826-2428
130826-2603,Akköy,Didim,Aydın,8.700.000 TL,150,120,3 + 1,2,2 Katlı,Bahçe Katı,11 Yaşında,Klima,Eşyalı,Mülk Sahibi,Yabancıdan,"Güney, Batı",1.500 TL,https://www.hepsiemlak.com/aydin-didim-akkoy-satilik/villa/130826-2603
130826-2484,Efeler,Didim,Aydın,3.500.000 TL,52,50,1 + 1,1,4 Katlı,Yüksek Giriş,6 Yaşında,Klima,Eşyalı Değil,Mülk Sahibi,Kat İrtifakı,"Kuzey, Doğu",100 TL,https://www.hepsiemlak.com/aydin-didim-efeler-satilik/daire/130826-2484
86972-2751,Bağlıca,Etimesgut,Ankara,14.950.000 TL,200,180,4 + 1,2,9 Katlı,4. Kat,5 Yaşında,Merkezi (Pay Öl...,Eşyalı Değil,Kiracılı,Kat Mülkiyeti,"Güney, Batı",2.500 TL,https://www.hepsiemlak.com/ankara-etimesgut-baglica-satilik/daire/86972-2751
130826-2497,Altınkum,Didim,Aydın,8.450.000 TL,130,109,3 + 1,1,5 Katlı,Çatı Katı,6 Yaşında,Klima,Eşyalı,Boş,Kat İrtifakı,"Kuzey, Doğu",250 TL,https://www.hepsiemlak.com/aydin-didim-altinkum-satilik/daire/130826-2497
165166-25,Sıra,Urla,İzmir,14.250.000 TL,110,100,2 + 1,2,,Bahçe Katı,31 Yaşında,Kombi,Eşyalı Değil,Boş,Kat Mülkiyeti,"Kuzey, Güney, Doğu",,https://www.hepsiemlak.com/izmir-urla-sira-satilik/mustakil-ev/165166-25
169353-42,Akşemsettin,Sincan,Ankara,3.699.000 TL,130,120,3 + 1,1,2 Katlı,1. Kat,14 Yaşında,Kombi,Eşyalı Değil,Boş,Kat Mülkiyeti,"Güney, Doğu, Batı",,https://www.hepsiemlak.com/ankara-sincan-aksemsettin-satilik/daire/169353-42
52425-3322,Karagedik,Fethiye,Muğla,16.500.000 TL,130,110,3 + 1,2,2 Katlı,Bahçe Katı,11 Yaşında,Klima,Eşyalı,Boş,Yabancıdan,"Güney, Doğu, Batı",100 TL,https://www.hepsiemlak.com/mugla-fethiye-karagedik-satilik/villa/52425-3322
52425-3744,Tuzla,Fethiye,Muğla,9.000.000 TL,105,95,2 + 1,1,3 Katlı,Ara Kat,12 Yaşında,Klima,Eşyalı Değil,Boş,Kat Mülkiyeti,"Doğu, Batı",250 TL,https://www.hepsiemlak.com/mugla-fethiye-tuzla-satilik/daire/52425-3744
52425-3745,Yeşilüzümlü,Fethiye,Muğla,20.500.000 TL,195,175,6 + 1,5,3 Katlı,,1 Yaşında,Kat Kaloriferi,Eşyalı,Boş,Kat Mülkiyeti,"Güney, Doğu, Batı",3.000 TL,https://www.hepsiemlak.com/mugla-fethiye-yesiluzumlu-satilik/villa/52425-3745
52425-3747,Karagedik,Fethiye,Muğla,19.000.000 TL,200,140,3 + 0,2,2 Katlı,,Sıfır Bina,Klima,Eşyalı Değil,Boş,Kat Mülkiyeti,"Güney, Doğu",2.000 TL,https://www.hepsiemlak.com/mugla-fethiye-karagedik-satilik/villa/52425-3747
52425-3521,Foça,Fethiye,Muğla,9.900.000 TL,140,90,2 + 1,2,3 Katlı,Yüksek Giriş,16 Yaşında,Klima,Eşyalı,Boş,Kat Mülkiyeti,"Doğu, Batı",2.500 TL,https://www.hepsiemlak.com/mugla-fethiye-foca-satilik/daire/52425-3521
52425-3743,Foça,Fethiye,Muğla,25.500.000 TL,210,185,4 + 0,4,3 Katlı,,4 Yaşında,Kat Kaloriferi,Eşyalı,Boş,Kat Mülkiyeti,"Güney, Doğu, Batı",2.000 TL,https://www.hepsiemlak.com/mugla-fethiye-foca-satilik/villa/52425-3743
119442-2142,Yükseltepe,Keçiören,Ankara,4.650.000 TL,125,120,3 + 1,1,3 Katlı,3. Kat,6 Yaşında,Kombi,Eşyalı Değil,Boş,Kat Mülkiyeti,"Kuzey, Güney, Doğu, Batı",,https://www.hepsiemlak.com/ankara-kecioren-yukseltepe-satilik/daire/119442-2142
151046-110,Atapark,Keçiören,Ankara,5.150.000 TL,145,140,3 + 1,2,5 Katlı,2. Kat,6 Yaşında,Merkezi (Pay Öl...,Eşyalı Değil,Mülk Sahibi,Kat Mülkiyeti,,,https://www.hepsiemlak.com/ankara-kecioren-atapark-satilik/daire/151046-110
116875-727,Feneseaşağı,Develi,Kayseri,1.850.000 TL,125,100,2 + 1,1,2 Katlı,Yüksek Giriş,21 Yaşında,Kombi,Eşyalı Değil,Mülk Sahibi,Kat Mülkiyeti,,,https://www.hepsiemlak.com/kayseri-develi-feneseasagi-satilik/daire/116875-727
168688-174,İncirli,Keçiören,Ankara,4.399.999 TL,130,120,3 + 1,1,4 Katlı,2. Kat,27 Yaşında,Kombi,,,Kat Mülkiyeti,,,https://www.hepsiemlak.com/ankara-kecioren-incirli-satilik/daire/168688-174
168688-79,İncirli,Keçiören,Ankara,5.049.000 TL,75,65,2 + 1,1,10 Katlı,Yüksek Giriş,Sıfır Bina,Kombi,,,Kat Mülkiyeti,,,https://www.hepsiemlak.com/ankara-kecioren-incirli-satilik/daire/168688-79
119379-726,Efeler,Didim,Aydın,4.250.000 TL,85,75,2 + 1,1,4 Katlı,Ara Kat,13 Yaşında,Klima,Eşyalı,Mülk Sahibi,Kat Mülkiyeti,"Kuzey, Güney, Doğu, Batı",1 TL,https://www.hepsiemlak.com/aydin-didim-efeler-satilik/daire/119379-726
119379-714,Akbük,Didim,Aydın,11.250.000 TL,256,155,3 + 1,2,2 Katlı,,2 Yaşında,Klima,Eşyalı Değil,Boş,Kat Mülkiyeti,"Kuzey, Güney, Doğu, Batı",1 TL,https://www.hepsiemlak.com/aydin-didim-akbuk-satilik/villa/119379-714
119379-610,Hisar,Didim,Aydın,7.199.000 TL,150,118,2 + 1,1,2 Katlı,,Sıfır Bina,Klima,Eşyalı Değil,Boş,Kat Mülkiyeti,"Kuzey, Güney, Doğu, Batı",,https://www.hepsiemlak.com/aydin-didim-hisar-satilik/villa/119379-610
44424-3123,Hürriyet,Kağıthane,İstanbul,5.130.000 TL,82,76,2 + 1,1,6 Katlı,3. Kat,5 Yaşında,Kombi,Eşyalı Değil,Boş,Kat Mülkiyeti,Güney,,https://www.hepsiemlak.com/istanbul-kagithane-hurriyet-satilik/daire/44424-3123
170300-1,Şirinkapı,Buca,İzmir,3.100.000 TL,65,60,1 + 1,1,3 Katlı,Yüksek Giriş,5 Yaşında,Kombi,Eşyalı Değil,Boş,Kat İrtifakı,Doğu,,https://www.hepsiemlak.com/izmir-buca-sirinkapi-satilik/daire/170300-1
71170-512,Efeler,Didim,Aydın,21.750.000 TL,160,140,4 + 1,3,2 Katlı,Bahçe Katı,Sıfır Bina,Klima,,Boş,Kat İrtifakı,"Kuzey, Güney, Doğu, Batı",,https://www.hepsiemlak.com/aydin-didim-efeler-satilik/villa/71170-512
155994-75,Beyobası,Köyceğiz,Muğla,30.000.000 TL,205,200,4 + 1,2,2 Katlı,Bahçe Katı,4 Yaşında,Klima,Eşyalı,Mülk Sahibi,Müstakil Tapulu,,,https://www.hepsiemlak.com/mugla-koycegiz-beyobasi-satilik/villa/155994-75
119442-1694,Gültepe,Altındağ,Ankara,4.520.000 TL,110,90,2 + 1,1,7 Katlı,3. Kat,Sıfır Bina,Kombi,Eşyalı Değil,Mülk Sahibi,Kat Mülkiyeti,Güney,,https://www.hepsiemlak.com/ankara-altindag-gultepe-satilik/daire/119442-1694
119442-2159,Örnek,Altındağ,Ankara,1.990.000 TL,115,100,3 + 1,3,3 Katlı,3. Kat,31 Yaşında,Kombi,Eşyalı Değil,Mülk Sahibi,Kat Mülkiyeti,"Güney, Doğu",,https://www.hepsiemlak.com/ankara-altindag-ornek-satilik/daire/119442-2159
119442-2156,Sancaktepe,Keçiören,Ankara,8.450.000 TL,290,220,4 + 2,2,3 Katlı,3. Kat,11 Yaşında,Kombi,Eşyalı Değil,Boş,Kat Mülkiyeti,"Güney, Doğu, Batı",,https://www.hepsiemlak.com/ankara-kecioren-sancaktepe-satilik/daire/119442-2156
88824-845,Altınova,Ayvalık,Balıkesir,13.000.000 TL,235,210,5 + 1,3,3 Katlı,,20 Yaşında,Klima,Eşyalı Değil,Mülk Sahibi,Kat Mülkiyeti,"Kuzey, Güney, Doğu, Batı",500 TL,https://www.hepsiemlak.com/balikesir-ayvalik-altinova-satilik/villa/88824-845
2499-12984,Akarca,Seferihisar,İzmir,15.900.000 TL,200,160,4 + 1,3,2 Katlı,,3 Yaşında,Yerden Isıtma,Eşyalı Değil,Boş,Kat Mülkiyeti,"Kuzey, Güney, Doğu, Batı",,https://www.hepsiemlak.com/izmir-seferihisar-akarca-satilik/villa/2499-12984
53138-12872,Ege,Mamak,Ankara,8.800.000 TL,135,125,3 + 1,2,9 Katlı,2. Kat,Sıfır Bina,Yerden Isıtma,Eşyalı Değil,Boş,Yabancıdan,"Güney, Doğu",,https://www.hepsiemlak.com/ankara-mamak-ege-satilik/daire/53138-12872
151807-92,Cumhuriyet,Beylikdüzü,İstanbul,2.852.000 TL,125,110,2 + 1,1,12 Katlı,8. Kat,6 Yaşında,Kombi,Eşyalı Değil,Boş,Yabancıdan,"Kuzey, Güney, Doğu, Batı",675 TL,https://www.hepsiemlak.com/istanbul-beylikduzu-cumhuriyet-satilik/daire/151807-92
151807-82,Barış,Beylikdüzü,İstanbul,3.725.000 TL,140,125,3 + 1,2,12 Katlı,7. Kat,6 Yaşında,Kombi,Eşyalı Değil,Boş,Yabancıdan,"Kuzey, Güney, Doğu, Batı",500 TL,https://www.hepsiemlak.com/istanbul-beylikduzu-baris-satilik/daire/151807-82
151807-89,Kavaklı,Beylikdüzü,İstanbul,3.285.000 TL,145,125,3 + 1,2,7 Katlı,2. Kat,3 Yaşında,Kombi,Eşyalı Değil,Boş,Yabancıdan,"Güney, Doğu",500 TL,https://www.hepsiemlak.com/istanbul-beylikduzu-kavakli-satilik/daire/151807-89
159884-110,Kazım Karabekir,Karabağlar,İzmir,5.000.000 TL,135,125,3 + 1,1,5 Katlı,2. Kat,26 Yaşında,Kombi,Eşyalı Değil,Mülk Sahibi,Kat İrtifakı,"Kuzey, Güney, Doğu, Batı",,https://www.hepsiemlak.com/izmir-karabaglar-kazim-karabekir-satilik/daire/159884-110
159524-401,Akşemsettin,Mamak,Ankara,7.800.000 TL,140,130,3 + 1,2,15 Katlı,13. Kat,Sıfır Bina,Kombi,Eşyalı Değil,Belirtilmemiş,Kat İrtifakı,"Kuzey, Güney, Doğu, Batı",,https://www.hepsiemlak.com/ankara-mamak-aksemsettin-satilik/daire/159524-401
169829-14,Muradiye,Yunusemre,Manisa,2.500.000 TL,55,45,1 + 1,1,4 Katlı,3. Kat,Sıfır Bina,Yerden Isıtma,Eşyalı Değil,Boş,Kat Mülkiyeti,,,https://www.hepsiemlak.com/manisa-yunusemre-muradiye-satilik/daire/169829-14
160912-57,Davutlar,Kuşadası,Aydın,8.250.000 TL,130,100,2 + 1,2,2 Katlı,Villa Katı,4 Yaşında,Klima,Eşyalı,Boş,Kat Mülkiyeti,"Güney, Doğu, Batı",2.350 TL,https://www.hepsiemlak.com/aydin-kusadasi-davutlar-satilik/yazlik/160912-57
149942-39,Atatürk,Buca,İzmir,4.500.000 TL,127,120,3 + 1,2,11 Katlı,1. Kat,26 Yaşında,Kombi,Eşyalı Değil,Boş,Kat Mülkiyeti,"Güney, Doğu",500 TL,https://www.hepsiemlak.com/izmir-buca-ataturk-satilik/daire/149942-39
5167-2001,Salacak,Üsküdar,İstanbul,11.900.000 TL,90,75,2 + 1,1,4 Katlı,2. Kat,22 Yaşında,Kombi,Eşyalı Değil,Boş,Kat İrtifakı,"Kuzey, Güney, Batı",,https://www.hepsiemlak.com/istanbul-uskudar-salacak-satilik/daire/5167-2001
147787-11,Yeşilkent,Esenyurt,İstanbul,4.150.000 TL,140,120,2 + 1,1,17 Katlı,1. Kat,6 Yaşında,Merkezi (Pay Öl...,Eşyalı,Kiracılı,Yabancıdan,,,https://www.hepsiemlak.com/istanbul-esenyurt-yesilkent-satilik/daire/147787-11
147787-10,Kavaklı,Beylikdüzü,İstanbul,5.500.000 TL,60,45,1 + 1,1,12 Katlı,9. Kat,5 Yaşında,Merkezi (Pay Öl...,Eşyalı,Boş,Yabancıdan,,,https://www.hepsiemlak.com/istanbul-beylikduzu-kavakli-satilik/daire/147787-10
125745-1877,Yalı,Karasu,Sakarya,2.025.000 TL,65,60,1 + 1,1,3 Katlı,2. Kat,Sıfır Bina,Yerden Isıtma,Eşyalı Değil,Boş,Yabancıdan,"Kuzey, Güney, Doğu, Batı",,https://www.hepsiemlak.com/sakarya-karasu-yali-satilik/daire/125745-1877
44631-1072,İsmetpaşa,Foça,İzmir,8.500.000 TL,85,80,2 + 1,1,3 Katlı,3. Kat,30 Yaşında,Klima,Eşyalı Değil,Boş,Kat İrtifakı,Doğu,,https://www.hepsiemlak.com/izmir-foca-ismetpasa-satilik/daire/44631-1072
44631-1067,Atatürk,Foça,İzmir,17.500.000 TL,150,100,3 + 1,1,2 Katlı,,25 Yaşında,Klima,Eşyalı Değil,Boş,Müstakil Tapulu,"Kuzey, Güney, Batı",,https://www.hepsiemlak.com/izmir-foca-ataturk-satilik/mustakil-ev/44631-1067
122463-2460,Erenköy,Kadıköy,İstanbul,26.950.000 TL,225,175,4 + 1,1,10 Katlı,10. Kat,10 Yaşında,Kombi,Eşyalı Değil,Mülk Sahibi,Kat Mülkiyeti,"Güney, Doğu",,https://www.hepsiemlak.com/istanbul-kadikoy-erenkoy-satilik/daire/122463-2460
134691-68,Umurca,Bodrum,Muğla,14.750.000 TL,140,120,3 + 1,1,,Bahçe Katı,16 Yaşında,Klima,Eşyalı Değil,Mülk Sahibi,Kat Mülkiyeti,,1.500 TL,https://www.hepsiemlak.com/mugla-bodrum-umurca-satilik/mustakil-ev/134691-68
122463-2531,Göztepe,Kadıköy,İstanbul,25.000.000 TL,160,120,3 + 1,2,6 Katlı,4. Kat,Sıfır Bina,Kombi,Eşyalı Değil,Boş,Kat Mülkiyeti,Güney,,https://www.hepsiemlak.com/istanbul-kadikoy-goztepe-satilik/daire/122463-2531
122463-2541,Göztepe,Kadıköy,İstanbul,22.950.000 TL,135,98,3 + 1,2,7 Katlı,2. Kat,5 Yaşında,Kombi,Eşyalı Değil,Boş,Kat Mülkiyeti,Güney,,https://www.hepsiemlak.com/istanbul-kadikoy-goztepe-satilik/daire/122463-2541
135337-193,Karataş,Şahinbey,Gaziantep,4.699.000 TL,175,165,3 + 1,2,16 Katlı,5. Kat,11 Yaşında,Kombi,Eşyalı Değil,Mülk Sahibi,Kat Mülkiyeti,,,https://www.hepsiemlak.com/gaziantep-sahinbey-karatas-satilik/daire/135337-193
119442-1966,Yenidoğan,Merkez,Kütahya,4.349.000 TL,150,135,3 + 1,1,5 Katlı,3. Kat,6 Yaşında,Kombi,Eşyalı Değil,Boş,Kat Mülkiyeti,"Doğu, Batı",100 TL,https://www.hepsiemlak.com/kutahya-merkez-yenidogan-satilik/daire/119442-1966
40842-8788,Soğucak,Kuşadası,Aydın,24.000.000 TL,400,300,4 + 1,4,3 Katlı,Bahçe Katı,6 Yaşında,Yerden Isıtma,Eşyalı Değil,Boş,Kat Mülkiyeti,"Kuzey, Güney, Doğu, Batı",,https://www.hepsiemlak.com/aydin-kusadasi-sogucak-satilik/villa/40842-8788
40842-8798,Yavansu,Kuşadası,Aydın,26.000.000 TL,370,300,5 + 1,4,3 Katlı,Bahçe Katı,Sıfır Bina,Yerden Isıtma,Eşyalı Değil,Boş,Kat Mülkiyeti,"Kuzey, Güney, Doğu, Batı",,https://www.hepsiemlak.com/aydin-kusadasi-yavansu-satilik/villa/40842-8798
135253-928,Caddebostan,Kadıköy,İstanbul,44.950.000 TL,175,130,4 + 1,2,14 Katlı,12. Kat,5 Yaşında,Merkezi (Pay Öl...,Eşyalı Değil,Boş,Dernekten/Vakıf...,Güney,,https://www.hepsiemlak.com/istanbul-kadikoy-caddebostan-satilik/daire/135253-928
170145-3,Turgut Özal,Esenyurt,İstanbul,3.650.000 TL,110,98,2 + 1,1,5 Katlı,1. Kat,5 Yaşında,Kombi,Eşyalı Değil,Mülk Sahibi,Kat Mülkiyeti,"Güney, Batı",,https://www.hepsiemlak.com/istanbul-esenyurt-turgut-ozal-satilik/daire/170145-3
66766-1322,Halife Sultan,Merkez,Isparta,5.300.000 TL,170,160,3 + 1,,5 Katlı,1. Kat,24 Yaşında,Merkezi,Eşyalı Değil,Boş,Kat Mülkiyeti,"Kuzey, Güney, Batı",,https://www.hepsiemlak.com/isparta-merkez-halife-sultan-satilik/daire/66766-1322
66766-1274,Gülevler,Merkez,Isparta,3.675.000 TL,160,130,3 + 1,1,5 Katlı,2. Kat,28 Yaşında,Kombi,Eşyalı Değil,Boş,Kat Mülkiyeti,"Güney, Doğu, Batı",,https://www.hepsiemlak.com/isparta-merkez-gulevler-satilik/daire/66766-1274
164258-95,İkiçeşmelik,Kuşadası,Aydın,3.375.000 TL,58,52,1 + 1,1,5 Katlı,4. Kat,6 Yaşında,Yerden Isıtma,Eşyalı Değil,Boş,Kat Mülkiyeti,Batı,,https://www.hepsiemlak.com/aydin-kusadasi-ikicesmelik-satilik/daire/164258-95
62840-2572,Cumhuriyet,Süleymanpaşa,Tekirdağ,3.170.000 TL,54,45,1 + 1,,2 Katlı,3. Kat,Sıfır Bina,Kombi,Eşyalı Değil,Boş,Tapu Yok,"Güney, Doğu",,https://www.hepsiemlak.com/tekirdag-suleymanpasa-cumhuriyet-satilik/daire/62840-2572
53749-278,Şirinevler,Bahçelievler,İstanbul,3.000.000 TL,85,75,2 + 1,1,5 Katlı,4. Kat,31 Yaşında,Kombi,,Kiracılı,Kat İrtifakı,,,https://www.hepsiemlak.com/istanbul-bahcelievler-sirinevler-satilik/daire/53749-278
69330-157,Güneştepe,Güngören,İstanbul,3.750.000 TL,85,80,2 + 1,1,4 Katlı,Bahçe Katı,16 Yaşında,Kombi,Eşyalı Değil,Kiracılı,Kat İrtifakı,Güney,,https://www.hepsiemlak.com/istanbul-gungoren-gunestepe-satilik/daire/69330-157
69330-158,Mareşal Çakmak,Güngören,İstanbul,3.500.000 TL,95,90,2 + 1,1,4 Katlı,4. Kat,31 Yaşında,Kombi,Eşyalı Değil,Boş,Kat İrtifakı,Güney,,https://www.hepsiemlak.com/istanbul-gungoren-maresal-cakmak-satilik/daire/69330-158
163191-174,Karakaya,Keçiören,Ankara,3.950.000 TL,200,180,4 + 1,2,3 Katlı,Giriş Katı,Sıfır Bina,Kombi,Eşyalı Değil,Boş,Kat Mülkiyeti,Güney,,https://www.hepsiemlak.com/ankara-kecioren-karakaya-satilik/daire/163191-174
69330-154,Mareşal Çakmak,Güngören,İstanbul,2.500.000 TL,95,85,2 + 1,1,5 Katlı,5. Kat,31 Yaşında,Kombi,Eşyalı Değil,Kiracılı,Hisseli Tapu,Güney,,https://www.hepsiemlak.com/istanbul-gungoren-maresal-cakmak-satilik/daire/69330-154
107507-305,Orta,Menderes,İzmir,15.500.000 TL,196,126,3 + 1,2,2 Katlı,,5 Yaşında,Klima,Eşyalı,Boş,Kat Mülkiyeti,"Kuzey, Doğu",,https://www.hepsiemlak.com/izmir-menderes-orta-satilik/villa/107507-305
169047-4,Merkez,Güngören,İstanbul,7.150.000 TL,95,85,2 + 1,1,4 Katlı,3. Kat,2 Yaşında,Kombi,Eşyalı Değil,Kiracılı,Kat Mülkiyeti,Güney,,https://www.hepsiemlak.com/istanbul-gungoren-merkez-satilik/daire/169047-4
169047-1,Güneştepe,Güngören,İstanbul,2.700.000 TL,70,60,2 + 1,1,4 Katlı,4. Kat,31 Yaşında,Kombi,Eşyalı Değil,Kiracılı,Arsa,Güney,,https://www.hepsiemlak.com/istanbul-gungoren-gunestepe-satilik/daire/169047-1
124220-574,Güzelyalı,Konak,İzmir,4.650.000 TL,130,125,3 + 1,2,4 Katlı,3. Kat,40 Yaşında,Kombi,,,Kat Mülkiyeti,,,https://www.hepsiemlak.com/izmir-konak-guzelyali-satilik/daire/124220-574
3218-2154,İlkadım,Çankaya,Ankara,8.750.000 TL,95,85,2 + 1,1,15 Katlı,8. Kat,20 Yaşında,Merkezi,Eşyalı Değil,Boş,Kat Mülkiyeti,"Kuzey, Doğu",2.000 TL,https://www.hepsiemlak.com/ankara-cankaya-ilkadim-satilik/daire/3218-2154
169100-10,Merkez,Bağcılar,İstanbul,2.200.000 TL,75,70,1 + 1,1,4 Katlı,Giriş Katı,26 Yaşında,Kombi,,Kiracılı,Arsa,,,https://www.hepsiemlak.com/istanbul-bagcilar-merkez-satilik/daire/169100-10
169100-6,Mareşal Çakmak,Güngören,İstanbul,2.440.000 TL,75,70,1 + 1,1,5 Katlı,Giriş Katı,31 Yaşında,Kombi,,Mülk Sahibi,Kat İrtifakı,,,https://www.hepsiemlak.com/istanbul-gungoren-maresal-cakmak-satilik/daire/169100-6
169100-11,Güneştepe,Güngören,İstanbul,2.800.000 TL,85,80,2 + 1,1,5 Katlı,5. Kat,31 Yaşında,Kombi,Eşyalı Değil,Kiracılı,Hisseli Tapu,,,https://www.hepsiemlak.com/istanbul-gungoren-gunestepe-satilik/daire/169100-11
126649-30,Esenler,Pendik,İstanbul,3.580.000 TL,120,105,3 + 1,2,4 Katlı,3. Kat,21 Yaşında,Kombi,Eşyalı Değil,Mülk Sahibi,Arsa,"Güney, Doğu",,https://www.hepsiemlak.com/istanbul-pendik-esenler-satilik/daire/126649-30
114144-2900,Bahçelievler,Çankaya,Ankara,15.000.000 TL,160,135,3 + 1,3,4 Katlı,4. Kat,Sıfır Bina,Yerden Isıtma,Eşyalı Değil,Boş,Kat Mülkiyeti,"Güney, Doğu",,https://www.hepsiemlak.com/ankara-cankaya-bahcelievler-satilik/daire/114144-2900
114144-2903,Bahçelievler,Çankaya,Ankara,14.000.000 TL,115,100,3 + 1,1,3 Katlı,Ara Kat,Sıfır Bina,Kombi,Eşyalı Değil,Boş,Kat Mülkiyeti,"Güney, Batı",1.500 TL,https://www.hepsiemlak.com/ankara-cankaya-bahcelievler-satilik/daire/114144-2903
114144-2853,Bahçelievler,Çankaya,Ankara,13.500.000 TL,95,87,2 + 1,1,3 Katlı,1. Kat,Sıfır Bina,Merkezi (Pay Öl...,Eşyalı Değil,Boş,Kat Mülkiyeti,,,https://www.hepsiemlak.com/ankara-cankaya-bahcelievler-satilik/daire/114144-2853
114144-2849,Bahçelievler,Çankaya,Ankara,12.800.000 TL,115,100,3 + 1,1,3 Katlı,2. Kat,Sıfır Bina,Kombi,Eşyalı Değil,Boş,Kat Mülkiyeti,"Güney, Doğu",1.500 TL,https://www.hepsiemlak.com/ankara-cankaya-bahcelievler-satilik/daire/114144-2849
3413-3584,Zümrütevler,Maltepe,İstanbul,13.900.000 TL,110,95,2 + 1,2,13 Katlı,4. Kat,5 Yaşında,Merkezi (Pay Öl...,Eşyalı Değil,Boş,Kat Mülkiyeti,Güney,1 TL,https://www.hepsiemlak.com/istanbul-maltepe-zumrutevler-satilik/daire/3413-3584
152198-306,Yenidoğan,Odunpazarı,Eskişehir,4.600.000 TL,130,115,3 + 1,1,4 Katlı,2. Kat,11 Yaşında,Kombi,Eşyalı Değil,Mülk Sahibi,Kat Mülkiyeti,"Doğu, Batı",400 TL,https://www.hepsiemlak.com/eskisehir-odunpazari-yenidogan-satilik/daire/152198-306
152198-326,71 Evler,Odunpazarı,Eskişehir,4.000.000 TL,105,95,2 + 1,1,3 Katlı,3. Kat,5 Yaşında,Kombi,Eşyalı Değil,Boş,Kat Mülkiyeti,"Güney, Batı",400 TL,https://www.hepsiemlak.com/eskisehir-odunpazari-71-evler-satilik/daire/152198-326
40658-22670,Bağlarbaşı,Safranbolu,Karabük,8.000.000 TL,260,230,4 + 2,3,3 Katlı,3. Kat,3 Yaşında,Yerden Isıtma,Eşyalı Değil,Mülk Sahibi,Kat İrtifakı,"Kuzey, Güney, Doğu, Batı",500 TL,https://www.hepsiemlak.com/karabuk-safranbolu-baglarbasi-satilik/daire/40658-22670
153790-372,Huzurevleri,Çukurova,Adana,4.990.000 TL,135,115,3 + 1,2,15 Katlı,12. Kat,9 Yaşında,Kombi,Eşyalı Değil,Boş,Kat Mülkiyeti,"Kuzey, Güney, Doğu",,https://www.hepsiemlak.com/adana-cukurova-huzurevleri-satilik/daire/153790-372
131789-191,Orta,Efeler,Aydın,2.000.000 TL,45,43,1 + 1,1,2 Katlı,2. Kat,10 Yaşında,Klima,Eşyalı,Kiracılı,Kat İrtifakı,Güney,350 TL,https://www.hepsiemlak.com/aydin-efeler-orta-satilik/daire/131789-191
2501-2052,Fenerbahçe,Kadıköy,İstanbul,43.000.000 TL,155,125,3 + 1,2,7 Katlı,3. Kat,Sıfır Bina,Kombi,Eşyalı Değil,Boş,Kat Mülkiyeti,Güney,,https://www.hepsiemlak.com/istanbul-kadikoy-fenerbahce-satilik/daire/2501-2052
14994-11886,Ertuğrulgazi,Sincan,Ankara,4.950.000 TL,115,99,2 + 1,1,3 Katlı,1. Kat,23 Yaşında,Merkezi,,Kiracılı,Kat Mülkiyeti,"Güney, Batı",2.500 TL,https://www.hepsiemlak.com/ankara-sincan-ertugrulgazi-satilik/daire/14994-11886
122460-1299,Başakşehir,Merkez,Karaman,1.595.000 TL,65,49,2 + 1,1,2 Katlı,Ara Kat,15 Yaşında,Kombi,,,Kat Mülkiyeti,,,https://www.hepsiemlak.com/karaman-merkez-basaksehir-satilik/daire/122460-1299
2533-2778,100. Yıl,Çankaya,Ankara,13.500.000 TL,130,120,3 + 1,1,4 Katlı,1. Kat,Sıfır Bina,Kombi,Eşyalı Değil,Boş,Kat Mülkiyeti,"Kuzey, Batı",500 TL,https://www.hepsiemlak.com/ankara-cankaya-100-yil-satilik/daire/2533-2778
145771-487,Atayurt,Etimesgut,Ankara,4.065.000 TL,117,105,3 + 1,1,12 Katlı,9. Kat,11 Yaşında,Merkezi (Pay Öl...,Eşyalı Değil,Boş,Kat Mülkiyeti,"Güney, Batı",,https://www.hepsiemlak.com/ankara-etimesgut-atayurt-satilik/daire/145771-487
113999-267,Konutkent,Çankaya,Ankara,12.250.000 TL,140,130,3 + 1,1,2 Katlı,,30 Yaşında,Kombi,Eşyalı Değil,Boş,Kat Mülkiyeti,,,https://www.hepsiemlak.com/ankara-cankaya-konutkent-satilik/villa/113999-267
34400-5345,Kuzguncuk,Üsküdar,İstanbul,1.250.000.000 TL,1900,1100,7 + 2,6,3 Katlı,,21 Yaşında,Kombi,Eşyalı Değil,Mülk Sahibi,Kat İrtifakı,"Kuzey, Güney, Doğu, Batı",,https://www.hepsiemlak.com/istanbul-uskudar-kuzguncuk-satilik/villa/34400-5345
112101-2054,Davutlar,Kuşadası,Aydın,11.500.000 TL,130,125,3 + 1,2,2 Katlı,Bahçe Katı,Sıfır Bina,Yerden Isıtma,Eşyalı Değil,Boş,Tapu Yok,"Kuzey, Güney, Doğu, Batı",,https://www.hepsiemlak.com/aydin-kusadasi-davutlar-satilik/villa/112101-2054
131861-637,Efeler,Didim,Aydın,3.700.000 TL,110,95,2 + 1,3,4 Katlı,1. Kat,13 Yaşında,Klima,Eşyalı Değil,Boş,Kat Mülkiyeti,"Kuzey, Doğu",,https://www.hepsiemlak.com/aydin-didim-efeler-satilik/daire/131861-637
131861-659,Fevzipaşa,Didim,Aydın,5.500.000 TL,110,95,3 + 1,1,2 Katlı,Villa Katı,25 Yaşında,Klima,Eşyalı Değil,Boş,Kat Mülkiyeti,"Güney, Doğu",,https://www.hepsiemlak.com/aydin-didim-fevzipasa-satilik/yazlik/131861-659
131861-655,Altınkum,Didim,Aydın,11.000.000 TL,200,180,5 + 1,3,3 Katlı,,16 Yaşında,Klima,Eşyalı Değil,Boş,Kat Mülkiyeti,"Güney, Doğu",,https://www.hepsiemlak.com/aydin-didim-altinkum-satilik/villa/131861-655
29795-4965,Maden,Sarıyer,İstanbul,17.000.000 TL,220,200,3 + 1,2,4 Katlı,Villa Katı,9 Yaşında,Kombi,Eşyalı Değil,Kiracılı,Kat Mülkiyeti,"Güney, Doğu, Batı",2.000 TL,https://www.hepsiemlak.com/istanbul-sariyer-maden-satilik/daire/29795-4965
115942-437,Habibler,Kepez,Antalya,3.899.999 TL,80,70,2 + 1,1,6 Katlı,6. Kat,3 Yaşında,Klima,Eşyalı Değil,Mülk Sahibi,Kat İrtifakı,"Güney, Doğu",,https://www.hepsiemlak.com/antalya-kepez-habibler-satilik/daire/115942-437
116390-158,Zeynep Kamil,Üsküdar,İstanbul,7.100.000 TL,90,80,2 + 1,1,5 Katlı,2. Kat,35 Yaşında,Kombi,Eşyalı Değil,Kiracılı,Kat İrtifakı,"Kuzey, Güney",,https://www.hepsiemlak.com/istanbul-uskudar-zeynep-kamil-satilik/daire/116390-158
166705-83,Zafer,Bahçelievler,İstanbul,7.590.000 TL,102,90,2 + 1,1,5 Katlı,4. Kat,Sıfır Bina,Kombi,Eşyalı Değil,Boş,Kat Mülkiyeti,Güney,1.000 TL,https://www.hepsiemlak.com/istanbul-bahcelievler-zafer-satilik/daire/166705-83
14072-13764,Metin Akkuş,Çankaya,Ankara,3.550.000 TL,105,95,2 + 1,1,3 Katlı,Yüksek Giriş,26 Yaşında,Kombi,Eşyalı Değil,Boş,Kat Mülkiyeti,"Kuzey, Güney, Batı",,https://www.hepsiemlak.com/ankara-cankaya-metin-akkus-satilik/daire/14072-13764
115942-394,Sütçüler,Kepez,Antalya,5.100.000 TL,85,75,2 + 1,1,3 Katlı,2. Kat,Sıfır Bina,Klima,Eşyalı Değil,Mülk Sahibi,Kat Mülkiyeti,"Kuzey, Güney, Doğu",,https://www.hepsiemlak.com/antalya-kepez-sutculer-satilik/daire/115942-394
124703-375,Sarısalkım,Şahinbey,Gaziantep,25.000.000 TL,400,220,4 + 1,3,2 Katlı,Bahçe Katı,Sıfır Bina,Yerden Isıtma,Eşyalı Değil,Boş,Kat Mülkiyeti,,,https://www.hepsiemlak.com/gaziantep-sahinbey-sarisalkim-satilik/villa/124703-375
124703-612,Pancarlı,Şehitkamil,Gaziantep,13.500.000 TL,210,180,3 + 1,2,6 Katlı,5. Kat,Sıfır Bina,Yerden Isıtma,Eşyalı Değil,Boş,Kat Mülkiyeti,,,https://www.hepsiemlak.com/gaziantep-sehitkamil-pancarli-satilik/daire/124703-612
124703-591,Osmangazi,Şehitkamil,Gaziantep,9.850.000 TL,200,170,3 + 1,2,11 Katlı,3. Kat,4 Yaşında,Yerden Isıtma,Eşyalı Değil,Boş,Kat Mülkiyeti,,,https://www.hepsiemlak.com/gaziantep-sehitkamil-osmangazi-satilik/daire/124703-591
124703-636,Osmangazi,Şehitkamil,Gaziantep,14.500.000 TL,360,320,4 + 1,3,11 Katlı,9. Kat,Sıfır Bina,Yerden Isıtma,Eşyalı Değil,Boş,Kat Mülkiyeti,,,https://www.hepsiemlak.com/gaziantep-sehitkamil-osmangazi-satilik/daire/124703-636
159734-97,Ayvalı,Keçiören,Ankara,6.100.000 TL,165,160,4 + 1,2,3 Katlı,Giriş Katı,11 Yaşında,Kombi,Eşyalı Değil,Mülk Sahibi,Kat Mülkiyeti,"Kuzey, Güney, Doğu, Batı",500 TL,https://www.hepsiemlak.com/ankara-kecioren-ayvali-satilik/daire/159734-97
154574-70,Bahçeşehir 2. Kısım,Başakşehir,İstanbul,10.900.000 TL,200,145,3 + 1,2,4 Katlı,2. Kat,20 Yaşında,Kombi,Eşyalı,Boş,Kat Mülkiyeti,Güney,1.600 TL,https://www.hepsiemlak.com/istanbul-basaksehir-bahcesehir-2-kisim-satilik/daire/154574-70
32411-4239,Pınarbaşı,Sincan,Ankara,4.399.000 TL,135,120,3 + 1,1,2 Katlı,2. Kat,11 Yaşında,Kombi,Eşyalı Değil,Kiracılı,Kat Mülkiyeti,"Güney, Batı",,https://www.hepsiemlak.com/ankara-sincan-pinarbasi-satilik/daire/32411-4239
162101-75,Zübeyde Hanım,Sultangazi,İstanbul,3.990.000 TL,95,90,2 + 1,1,5 Katlı,2. Kat,26 Yaşında,Kombi,Eşyalı Değil,Kiracılı,Kat İrtifakı,Güney,,https://www.hepsiemlak.com/istanbul-sultangazi-zubeyde-hanim-satilik/daire/162101-75
4367-6079,Evrenseki,Manavgat,Antalya,11.600.000 TL,165,150,3 + 1,1,1 Katlı,,15 Yaşında,Klima,Eşyalı,Boş,Kat Mülkiyeti,"Kuzey, Doğu, Batı",3.000 TL,https://www.hepsiemlak.com/antalya-manavgat-evrenseki-satilik/villa/4367-6079
4367-6248,Güvenevler,Çankaya,Ankara,17.250.000 TL,145,135,3 + 1,2,4 Katlı,1. Kat,Sıfır Bina,Kombi,Eşyalı Değil,Boş,Kat Mülkiyeti,"Güney, Batı",500 TL,https://www.hepsiemlak.com/ankara-cankaya-guvenevler-satilik/daire/4367-6248
170385-15,Güzelkent,Etimesgut,Ankara,6.290.000 TL,130,120,3 + 1,1,5 Katlı,Ara Kat,20 Yaşında,Kombi,,,Kat Mülkiyeti,"Kuzey, Güney, Doğu, Batı",500 TL,https://www.hepsiemlak.com/ankara-etimesgut-guzelkent-satilik/daire/170385-15
162101-67,Yunus Emre,Sultangazi,İstanbul,4.250.000 TL,110,95,2 + 1,1,5 Katlı,4. Kat,21 Yaşında,Kombi,Eşyalı Değil,Mülk Sahibi,Kat İrtifakı,Güney,,https://www.hepsiemlak.com/istanbul-sultangazi-yunus-emre-satilik/daire/162101-67
15474-2014,Mareşal Çakmak,Sincan,Ankara,2.350.000 TL,130,120,3 + 1,1,4 Katlı,Yarı Bodrum,26 Yaşında,Kombi,Eşyalı Değil,Boş,Kat Mülkiyeti,"Güney, Batı",200 TL,https://www.hepsiemlak.com/ankara-sincan-maresal-cakmak-satilik/daire/15474-2014
92647-4788,Bağlıca,Etimesgut,Ankara,24.990.000 TL,250,200,4 + 1,3,2 Katlı,,Sıfır Bina,Yerden Isıtma,,Boş,Kat Mülkiyeti,"Kuzey, Güney, Doğu, Batı",,https://www.hepsiemlak.com/ankara-etimesgut-baglica-satilik/villa/92647-4788
15474-2012,Mareşal Çakmak,Sincan,Ankara,3.250.000 TL,120,115,3 + 1,1,4 Katlı,Yüksek Giriş,21 Yaşında,Kombi,Eşyalı Değil,Mülk Sahibi,Kat Mülkiyeti,"Doğu, Batı",300 TL,https://www.hepsiemlak.com/ankara-sincan-maresal-cakmak-satilik/daire/15474-2012
92647-4789,Bağlıca,Etimesgut,Ankara,19.450.000 TL,270,210,4 + 1,3,3 Katlı,,Sıfır Bina,Yerden Isıtma,Eşyalı Değil,,Kat Mülkiyeti,"Kuzey, Güney, Doğu, Batı",,https://www.hepsiemlak.com/ankara-etimesgut-baglica-satilik/villa/92647-4789
92647-4770,Bağlıca,Etimesgut,Ankara,9.199.000 TL,130,110,2 + 1,2,6 Katlı,6. Kat,5 Yaşında,Kombi,Eşyalı Değil,Boş,Kat Mülkiyeti,,,https://www.hepsiemlak.com/ankara-etimesgut-baglica-satilik/daire/92647-4770
92647-4747,Bağlıca,Etimesgut,Ankara,6.700.000 TL,110,95,3 + 1,2,14 Katlı,Zemin,Sıfır Bina,Merkezi (Pay Öl...,Eşyalı Değil,Boş,Kat Mülkiyeti,Kuzey,,https://www.hepsiemlak.com/ankara-etimesgut-baglica-satilik/daire/92647-4747
117050-5338,Huzurevleri,Çukurova,Adana,4.390.000 TL,110,85,2 + 1,2,18 Katlı,5. Kat,5 Yaşında,Kombi,Eşyalı Değil,Boş,Kat Mülkiyeti,Güney,1 TL,https://www.hepsiemlak.com/adana-cukurova-huzurevleri-satilik/daire/117050-5338
160426-115,Zincirlikuyu,Tepebaşı,Eskişehir,1.880.000 TL,65,50,1 + 1,1,3 Katlı,2. Kat,Sıfır Bina,Kombi,Eşyalı Değil,Boş,Kat Mülkiyeti,"Kuzey, Batı",,https://www.hepsiemlak.com/eskisehir-tepebasi-zincirlikuyu-satilik/daire/160426-115
4337-3967,Alacaatlı,Çankaya,Ankara,73.000.000 TL,520,420,6 + 2,4,2 Katlı,Villa Katı,22 Yaşında,Kat Kaloriferi,Eşyalı Değil,Mülk Sahibi,Kat Mülkiyeti,"Kuzey, Güney, Doğu, Batı",12.000 TL,https://www.hepsiemlak.com/ankara-cankaya-alacaatli-satilik/daire/4337-3967
83561-139,Türközü,Mamak,Ankara,5.650.000 TL,250,220,4 + 1,2,3 Katlı,En Üst Kat,25 Yaşında,Kombi,Eşyalı Değil,Mülk Sahibi,Kat İrtifakı,Güney,300 TL,https://www.hepsiemlak.com/ankara-mamak-turkozu-satilik/daire/83561-139
65106-1616,Şehitlik,Polatlı,Ankara,3.750.000 TL,195,175,4 + 1,1,8 Katlı,3. Kat,18 Yaşında,Kombi,Eşyalı Değil,Boş,Kat Mülkiyeti,"Kuzey, Güney, Batı",350 TL,https://www.hepsiemlak.com/ankara-polatli-sehitlik-satilik/daire/65106-1616
65106-1500,İstiklal,Polatlı,Ankara,3.950.000 TL,130,110,2 + 1,1,12 Katlı,9. Kat,3 Yaşında,Kombi,Eşyalı Değil,Boş,Yabancıdan,"Kuzey, Güney, Doğu, Batı",350 TL,https://www.hepsiemlak.com/ankara-polatli-istiklal-satilik/daire/65106-1500
65106-1639,Zafer,Polatlı,Ankara,2.100.000 TL,145,120,3 + 1,1,4 Katlı,Giriş Katı,18 Yaşında,Kombi,Eşyalı Değil,Boş,Yabancıdan,"Kuzey, Güney, Doğu",150 TL,https://www.hepsiemlak.com/ankara-polatli-zafer-satilik/daire/65106-1639
89768-442,Aydınlıkevler,Altındağ,Ankara,6.250.000 TL,145,125,3 + 1,1,3 Katlı,3. Kat,16 Yaşında,Kombi,Eşyalı Değil,Kiracılı,Kat Mülkiyeti,"Kuzey, Doğu, Batı",400 TL,https://www.hepsiemlak.com/ankara-altindag-aydinlikevler-satilik/daire/89768-442
3584-29278,Bahçelievler,Çankaya,Ankara,8.500.000 TL,95,80,2 + 1,1,4 Katlı,Yüksek Giriş,Sıfır Bina,Kombi,Eşyalı Değil,Boş,Kat Mülkiyeti,,1.250 TL,https://www.hepsiemlak.com/ankara-cankaya-bahcelievler-satilik/daire/3584-29278
161135-92,Yapracık,Etimesgut,Ankara,5.399.999 TL,95,90,2 + 1,2,12 Katlı,Yüksek Giriş,Sıfır Bina,Yerden Isıtma,Eşyalı Değil,Boş,Kat Mülkiyeti,"Güney, Doğu",1.950 TL,https://www.hepsiemlak.com/ankara-etimesgut-yapracik-satilik/daire/161135-92
9089-3708,Harbiye,Çankaya,Ankara,5.750.000 TL,125,115,3 + 1,1,3 Katlı,1. Kat,30 Yaşında,Kombi,Eşyalı Değil,Kiracılı,Kat Mülkiyeti,"Güney, Doğu",300 TL,https://www.hepsiemlak.com/ankara-cankaya-harbiye-satilik/daire/9089-3708
9089-3689,Öveçler,Çankaya,Ankara,5.475.000 TL,125,110,3 + 1,1,3 Katlı,3. Kat,27 Yaşında,Kombi,Eşyalı Değil,Boş,Kat Mülkiyeti,"Güney, Doğu, Batı",250 TL,https://www.hepsiemlak.com/ankara-cankaya-ovecler-satilik/daire/9089-3689
9089-3566,Aydınlar,Çankaya,Ankara,5.450.000 TL,100,90,2 + 1,1,3 Katlı,Giriş Katı,5 Yaşında,Kombi,Eşyalı,Boş,Kat Mülkiyeti,"Güney, Doğu",250 TL,https://www.hepsiemlak.com/ankara-cankaya-aydinlar-satilik/daire/9089-3566
151732-304,Zafer,Polatlı,Ankara,1.450.000 TL,110,100,3 + 1,1,4 Katlı,Yüksek Giriş,30 Yaşında,Kombi,,,Kat Mülkiyeti,,,https://www.hepsiemlak.com/ankara-polatli-zafer-satilik/daire/151732-304
170233-16,Zafer,Polatlı,Ankara,3.400.000 TL,145,130,3 + 1,1,3 Katlı,3. Kat,8 Yaşında,Kombi,Eşyalı Değil,Mülk Sahibi,Kat Mülkiyeti,"Kuzey, Güney, Batı",1 TL,https://www.hepsiemlak.com/ankara-polatli-zafer-satilik/daire/170233-16
170233-8,Zafer,Polatlı,Ankara,3.950.000 TL,185,170,4 + 1,1,4 Katlı,2. Kat,11 Yaşında,Kombi,Eşyalı Değil,Mülk Sahibi,Kat Mülkiyeti,"Kuzey, Batı",,https://www.hepsiemlak.com/ankara-polatli-zafer-satilik/daire/170233-8
170233-5,Cumhuriyet,Polatlı,Ankara,2.400.000 TL,145,135,3 + 1,1,4 Katlı,2. Kat,26 Yaşında,Kombi,Eşyalı Değil,Mülk Sahibi,Kat Mülkiyeti,"Kuzey, Güney",,https://www.hepsiemlak.com/ankara-polatli-cumhuriyet-satilik/daire/170233-5
129186-1586,Şehitlik,Polatlı,Ankara,3.145.000 TL,125,115,3 + 1,1,4 Katlı,Giriş Katı,3 Yaşında,Kombi,Eşyalı Değil,Kiracılı,Kat Mülkiyeti,"Kuzey, Güney, Doğu",,https://www.hepsiemlak.com/ankara-polatli-sehitlik-satilik/daire/129186-1586
129186-1581,Gazi,Polatlı,Ankara,4.195.000 TL,160,140,3 + 1,1,9 Katlı,7. Kat,11 Yaşında,Kombi,Eşyalı Değil,Kiracılı,Kat Mülkiyeti,"Kuzey, Batı",,https://www.hepsiemlak.com/ankara-polatli-gazi-satilik/daire/129186-1581
118239-14747,Şirintepe,Kağıthane,İstanbul,3.500.000 TL,50,49,1 + 1,1,4 Katlı,2. Kat,15 Yaşında,Kombi,,Mülk Sahibi,Kat İrtifakı,"Güney, Doğu",,https://www.hepsiemlak.com/istanbul-kagithane-sirintepe-satilik/daire/118239-14747
160334-34,Güneykent,Merkez,Elazığ,2.450.000 TL,140,115,3 + 1,1,6 Katlı,Kot 1,Sıfır Bina,Merkezi (Pay Öl...,Eşyalı Değil,Boş,Tapu Yok,"Kuzey, Doğu, Batı",1.300 TL,https://www.hepsiemlak.com/elazig-merkez-guneykent-satilik/daire/160334-34
160334-30,İcadiye,Merkez,Elazığ,2.740.000 TL,160,145,3 + 1,1,5 Katlı,Yüksek Giriş,13 Yaşında,Merkezi,Eşyalı Değil,Mülk Sahibi,Kat İrtifakı,"Güney, Doğu",250 TL,https://www.hepsiemlak.com/elazig-merkez-icadiye-satilik/daire/160334-30
169354-2,Merkez,Kozlu,Zonguldak,12.050.000 TL,225,200,4 + 2,2,3 Katlı,Bahçe Katı,16 Yaşında,Kombi,Eşyalı Değil,Mülk Sahibi,Kat Mülkiyeti,Doğu,400 TL,https://www.hepsiemlak.com/zonguldak-kozlu-merkez-satilik/villa/169354-2
162599-187,Çankaya,Kepez,Antalya,5.450.000 TL,95,85,2 + 1,1,7 Katlı,1. Kat,Sıfır Bina,Yerden Isıtma,Eşyalı Değil,Boş,Kat Mülkiyeti,"Güney, Doğu",,https://www.hepsiemlak.com/antalya-kepez-cankaya-satilik/daire/162599-187
162599-186,Habibler,Kepez,Antalya,3.749.000 TL,95,85,2 + 1,1,5 Katlı,4. Kat,10 Yaşında,Kombi,Eşyalı Değil,Mülk Sahibi,Kat Mülkiyeti,"Kuzey, Güney, Batı",600 TL,https://www.hepsiemlak.com/antalya-kepez-habibler-satilik/daire/162599-186
147960-56,Sinanoba,Büyükçekmece,İstanbul,26.950.000 TL,280,240,4 + 1,2,5 Katlı,4. Kat,11 Yaşında,Kombi,Eşyalı Değil,Boş,Yabancıdan,"Güney, Doğu, Batı",11.122 TL,https://www.hepsiemlak.com/istanbul-buyukcekmece-sinanoba-satilik/daire/147960-56
147960-113,Mimaroba,Büyükçekmece,İstanbul,17.400.000 TL,190,170,3 + 1,2,7 Katlı,3. Kat,5 Yaşında,Kombi,Eşyalı Değil,Boş,Yabancıdan,Doğu,,https://www.hepsiemlak.com/istanbul-buyukcekmece-mimaroba-satilik/daire/147960-113
147960-11,Ekinoba,Büyükçekmece,İstanbul,9.600.000 TL,246,186,4 + 1,2,5 Katlı,5. Kat,11 Yaşında,Merkezi (Pay Öl...,Eşyalı Değil,Boş,Yabancıdan,Batı,,https://www.hepsiemlak.com/istanbul-buyukcekmece-ekinoba-satilik/daire/147960-11
77162-5274,İskele,Edremit,Balıkesir,9.700.000 TL,95,77,2 + 1,1,3 Katlı,3. Kat,11 Yaşında,Klima,Eşyalı Değil,Boş,Kat Mülkiyeti,"Kuzey, Güney, Batı",,https://www.hepsiemlak.com/balikesir-edremit-iskele-satilik/yazlik/77162-5274
27203-3909,Kazım Özalp,Çankaya,Ankara,9.400.000 TL,160,145,3 + 1,2,2 Katlı,Yüksek Giriş,40 Yaşında,Kombi,Eşyalı Değil,Kiracılı,Kat Mülkiyeti,"Kuzey, Doğu",1.100 TL,https://www.hepsiemlak.com/ankara-cankaya-kazim-ozalp-satilik/daire/27203-3909
27203-3897,Çankaya,Çankaya,Ankara,10.300.000 TL,160,150,3 + 1,1,3 Katlı,2. Kat,45 Yaşında,Merkezi,Eşyalı Değil,,Kat Mülkiyeti,,,https://www.hepsiemlak.com/ankara-cankaya-cankaya-satilik/daire/27203-3897
27203-3885,Ata,Çankaya,Ankara,6.400.000 TL,110,100,3 + 1,1,5 Katlı,Yüksek Giriş,15 Yaşında,Kombi,,Kiracılı,Kat Mülkiyeti,,,https://www.hepsiemlak.com/ankara-cankaya-ata-satilik/daire/27203-3885
27203-3902,Akpınar,Çankaya,Ankara,5.500.000 TL,110,105,3 + 1,2,4 Katlı,Kot 1,19 Yaşında,Kombi,Eşyalı Değil,Boş,Kat Mülkiyeti,"Güney, Doğu",700 TL,https://www.hepsiemlak.com/ankara-cankaya-akpinar-satilik/daire/27203-3902
27203-3905,Kazım Özalp,Çankaya,Ankara,8.600.000 TL,150,140,4 + 1,1,2 Katlı,Kot 1,41 Yaşında,Merkezi,,Mülk Sahibi,Kat Mülkiyeti,"Güney, Doğu",3.150 TL,https://www.hepsiemlak.com/ankara-cankaya-kazim-ozalp-satilik/daire/27203-3905
159884-135,Onur,Balçova,İzmir,5.950.000 TL,110,100,3 + 1,2,4 Katlı,Yüksek Giriş,35 Yaşında,Jeotermal Isıtm...,,Mülk Sahibi,Kat İrtifakı,"Kuzey, Güney, Doğu, Batı",,https://www.hepsiemlak.com/izmir-balcova-onur-satilik/daire/159884-135
130985-832,Etlik,Keçiören,Ankara,3.649.000 TL,100,90,2 + 1,2,3 Katlı,Giriş Katı,26 Yaşında,Kombi,Eşyalı,Kiracılı,Kat Mülkiyeti,"Güney, Doğu, Batı",,https://www.hepsiemlak.com/ankara-kecioren-etlik-satilik/daire/130985-832
111267-1747,Atayurt,Etimesgut,Ankara,5.600.000 TL,98,90,2 + 1,2,13 Katlı,1. Kat,Sıfır Bina,Yerden Isıtma,Eşyalı Değil,Boş,Kat İrtifakı,"Kuzey, Güney, Doğu, Batı",100 TL,https://www.hepsiemlak.com/ankara-etimesgut-atayurt-satilik/daire/111267-1747
111267-1754,Atayurt,Etimesgut,Ankara,4.900.000 TL,90,80,2 + 1,2,12 Katlı,Ara Kat,Sıfır Bina,Yerden Isıtma,Eşyalı Değil,Boş,Kat İrtifakı,"Kuzey, Güney, Doğu, Batı",100 TL,https://www.hepsiemlak.com/ankara-etimesgut-atayurt-satilik/daire/111267-1754
111267-1757,Atayurt,Etimesgut,Ankara,4.650.000 TL,90,80,2 + 1,2,12 Katlı,Ara Kat,Sıfır Bina,Kombi,Eşyalı Değil,Boş,Kat Mülkiyeti,"Kuzey, Güney, Doğu, Batı",100 TL,https://www.hepsiemlak.com/ankara-etimesgut-atayurt-satilik/daire/111267-1757
111267-1814,Atayurt,Etimesgut,Ankara,4.900.000 TL,85,80,2 + 1,2,9 Katlı,1. Kat,Sıfır Bina,Yerden Isıtma,Eşyalı Değil,Boş,Kat Mülkiyeti,"Kuzey, Güney, Doğu, Batı",100 TL,https://www.hepsiemlak.com/ankara-etimesgut-atayurt-satilik/daire/111267-1814
111267-1631,Atayurt,Etimesgut,Ankara,4.300.000 TL,85,80,2 + 1,2,10 Katlı,Giriş Katı,Sıfır Bina,Yerden Isıtma,Eşyalı Değil,Boş,Kat Mülkiyeti,"Kuzey, Güney, Doğu, Batı",100 TL,https://www.hepsiemlak.com/ankara-etimesgut-atayurt-satilik/daire/111267-1631
64510-568,1. Murat,Merkez,Edirne,4.150.000 TL,95,85,2 + 1,1,4 Katlı,1. Kat,10 Yaşında,Kombi,Eşyalı Değil,Kiracılı,Kat Mülkiyeti,Güney,450 TL,https://www.hepsiemlak.com/edirne-merkez-1-murat-satilik/daire/64510-568
169941-13,Mimaroba,Büyükçekmece,İstanbul,9.000.000 TL,150,125,3 + 1,2,9 Katlı,3. Kat,16 Yaşında,Kombi,Eşyalı Değil,Kiracılı,Kat Mülkiyeti,"Kuzey, Batı",5.900 TL,https://www.hepsiemlak.com/istanbul-buyukcekmece-mimaroba-satilik/daire/169941-13
160069-31,Çetin Emeç,Balçova,İzmir,8.800.000 TL,145,140,3 + 1,1,8 Katlı,Ara Kat,21 Yaşında,Jeotermal Isıtm...,Eşyalı Değil,Mülk Sahibi,Kat Mülkiyeti,Doğu,1.000 TL,https://www.hepsiemlak.com/izmir-balcova-cetin-emec-satilik/daire/160069-31
164258-106,Ege,Kuşadası,Aydın,7.500.000 TL,125,110,3 + 1,1,5 Katlı,Yüksek Giriş,16 Yaşında,Kombi,Eşyalı Değil,Boş,Yabancıdan,"Kuzey, Güney, Doğu, Batı",1.250 TL,https://www.hepsiemlak.com/aydin-kusadasi-ege-satilik/daire/164258-106
114044-267,Karaağaç Şarkonak,Arsuz,Hatay,7.500.000 TL,135,120,3 + 1,2,3 Katlı,Yüksek Giriş,Sıfır Bina,Kombi,Eşyalı Değil,Boş,Kat İrtifakı,"Kuzey, Güney, Doğu, Batı",,https://www.hepsiemlak.com/hatay-arsuz-karaagac-sarkonak-satilik/daire/114044-267
114044-269,Karaağaç Şarkonak,Arsuz,Hatay,6.500.000 TL,120,80,2 + 1,2,3 Katlı,Ara Kat,Sıfır Bina,Kombi,Eşyalı Değil,Boş,Kat İrtifakı,"Kuzey, Güney, Doğu, Batı",,https://www.hepsiemlak.com/hatay-arsuz-karaagac-sarkonak-satilik/daire/114044-269
97582-434,Düzce,Seferihisar,İzmir,11.500.000 TL,180,150,4 + 2,2,3 Katlı,Bahçe Katı,16 Yaşında,Klima,Eşyalı Değil,Mülk Sahibi,Kat Mülkiyeti,"Güney, Doğu, Batı",,https://www.hepsiemlak.com/izmir-seferihisar-duzce-satilik/villa/97582-434
97582-427,Turabiye,Seferihisar,İzmir,4.650.000 TL,100,95,2 + 1,1,4 Katlı,2. Kat,6 Yaşında,Kombi,Eşyalı Değil,Mülk Sahibi,Kat Mülkiyeti,"Güney, Doğu, Batı",,https://www.hepsiemlak.com/izmir-seferihisar-turabiye-satilik/daire/97582-427
97582-425,Hıdırlık,Seferihisar,İzmir,5.300.000 TL,90,80,2 + 1,2,5 Katlı,4. Kat,Sıfır Bina,Kombi,Eşyalı Değil,Boş,Kat İrtifakı,"Güney, Doğu, Batı",,https://www.hepsiemlak.com/izmir-seferihisar-hidirlik-satilik/daire/97582-425
148527-89,Kuzeykent,Merkez,Kastamonu,1.900.000 TL,50,45,1 + 1,1,15 Katlı,15. Kat,Sıfır Bina,Merkezi (Pay Öl...,Eşyalı Değil,Boş,Kat İrtifakı,"Kuzey, Doğu",,https://www.hepsiemlak.com/kastamonu-merkez-kuzeykent-satilik/daire/148527-89
148527-84,Saraçlar,Merkez,Kastamonu,4.400.000 TL,105,88,2 + 1,1,15 Katlı,10. Kat,4 Yaşında,Merkezi (Pay Öl...,Eşyalı Değil,Boş,Kat Mülkiyeti,"Kuzey, Doğu",,https://www.hepsiemlak.com/kastamonu-merkez-saraclar-satilik/daire/148527-84
4537-11663,Büyükesat,Çankaya,Ankara,7.000.000 TL,140,131,3 + 1,2,5 Katlı,Kot 2,32 Yaşında,Merkezi,Eşyalı Değil,Kiracılı,Kat Mülkiyeti,"Güney, Batı",3.400 TL,https://www.hepsiemlak.com/ankara-cankaya-buyukesat-satilik/daire/4537-11663
132307-140,Yurt,Çukurova,Adana,3.998.000 TL,95,85,2 + 1,1,15 Katlı,2. Kat,9 Yaşında,Kombi,Eşyalı Değil,Boş,Kat İrtifakı,,,https://www.hepsiemlak.com/adana-cukurova-yurt-satilik/daire/132307-140
132307-143,Huzurevleri,Çukurova,Adana,6.980.000 TL,220,200,4 + 1,2,10 Katlı,5. Kat,7 Yaşında,Kombi,Eşyalı Değil,,Kat İrtifakı,,,https://www.hepsiemlak.com/adana-cukurova-huzurevleri-satilik/daire/132307-143
159844-50,Esentepe,Kartal,İstanbul,7.300.000 TL,95,75,2 + 1,1,5 Katlı,3. Kat,14 Yaşında,Kombi,Eşyalı Değil,Mülk Sahibi,Kat Mülkiyeti,"Kuzey, Güney, Batı",600 TL,https://www.hepsiemlak.com/istanbul-kartal-esentepe-satilik/daire/159844-50
169368-34,Güneş,Lüleburgaz,Kırklareli,3.400.000 TL,135,120,3 + 1,1,4 Katlı,4. Kat,26 Yaşında,Kombi,Eşyalı Değil,Boş,Kat İrtifakı,"Kuzey, Doğu",400 TL,https://www.hepsiemlak.com/kirklareli-luleburgaz-gunes-satilik/daire/169368-34
145920-332,Villakent,Menemen,İzmir,2.099.000 TL,56,49,1 + 1,1,4 Katlı,3. Kat,Sıfır Bina,Doğalgaz Sobası,Eşyalı Değil,Boş,Kat İrtifakı,,100 TL,https://www.hepsiemlak.com/izmir-menemen-villakent-satilik/daire/145920-332
136685-3339,Battalgazi,Sultanbeyli,İstanbul,6.950.000 TL,105,85,2 + 1,1,7 Katlı,2. Kat,11 Yaşında,Kombi,Eşyalı Değil,Mülk Sahibi,Kat Mülkiyeti,"Güney, Batı",2.600 TL,https://www.hepsiemlak.com/istanbul-sultanbeyli-battalgazi-satilik/daire/136685-3339
13574-523,Büğdüz,Akyurt,Ankara,8.250.000 TL,220,200,3 + 1,2,2 Katlı,Bahçe Katı,1 Yaşında,Yerden Isıtma,Eşyalı Değil,Mülk Sahibi,Kat Mülkiyeti,"Güney, Doğu",,https://www.hepsiemlak.com/ankara-akyurt-bugduz-satilik/villa/13574-523
13574-687,Beyazıt,Akyurt,Ankara,4.750.000 TL,150,120,3 + 1,2,9 Katlı,1. Kat,6 Yaşında,Merkezi (Pay Öl...,Eşyalı Değil,Kiracılı,Kat Mülkiyeti,"Güney, Batı",1.000 TL,https://www.hepsiemlak.com/ankara-akyurt-beyazit-satilik/daire/13574-687
13574-585,Beyazıt,Akyurt,Ankara,3.250.000 TL,145,130,3 + 1,1,4 Katlı,3. Kat,6 Yaşında,Kombi,Eşyalı Değil,Mülk Sahibi,Kat Mülkiyeti,"Güney, Batı",200 TL,https://www.hepsiemlak.com/ankara-akyurt-beyazit-satilik/daire/13574-585
151301-804,15 Temmuz,Bağcılar,İstanbul,6.150.000 TL,95,85,2 + 1,1,3 Katlı,2. Kat,6 Yaşında,Kombi,Eşyalı,Boş,Kat Mülkiyeti,"Güney, Doğu, Batı",,https://www.hepsiemlak.com/istanbul-bagcilar-15-temmuz-satilik/daire/151301-804
39637-11684,Yurt,Çukurova,Adana,3.750.000 TL,90,80,2 + 1,1,12 Katlı,4. Kat,6 Yaşında,Klima,Eşyalı Değil,Mülk Sahibi,Kat Mülkiyeti,"Kuzey, Doğu",600 TL,https://www.hepsiemlak.com/adana-cukurova-yurt-satilik/daire/39637-11684
168389-9,Koru (Atakent),Çınarcık,Yalova,2.750.000 TL,125,114,3 + 1,1,3 Katlı,En Üst Kat,26 Yaşında,Kombi,Eşyalı Değil,,Kat Mülkiyeti,"Güney, Batı",200 TL,https://www.hepsiemlak.com/yalova-cinarcik-koru-atakent-satilik/daire/168389-9
168389-8,Çamlık,Çınarcık,Yalova,4.500.000 TL,130,120,3 + 2,2,3 Katlı,2. Kat,4 Yaşında,Kombi,Eşyalı Değil,Mülk Sahibi,Kat Mülkiyeti,Güney,300 TL,https://www.hepsiemlak.com/yalova-cinarcik-camlik-satilik/daire/168389-8
167496-7,Karadeniz,Gaziosmanpaşa,İstanbul,3.850.000 TL,110,100,2 + 1,1,5 Katlı,1. Kat,31 Yaşında,Kombi,Eşyalı Değil,Kiracılı,Hisseli Tapu,Doğu,300 TL,https://www.hepsiemlak.com/istanbul-gaziosmanpasa-karadeniz-satilik/daire/167496-7
160819-43,Pınartepe,Büyükçekmece,İstanbul,6.850.000 TL,125,115,2 + 1,1,5 Katlı,1. Kat,6 Yaşında,Merkezi (Pay Öl...,Eşyalı Değil,Boş,Kat Mülkiyeti,"Kuzey, Doğu, Batı",3.000 TL,https://www.hepsiemlak.com/istanbul-buyukcekmece-pinartepe-satilik/daire/160819-43
160819-39,Pınartepe,Büyükçekmece,İstanbul,6.700.000 TL,155,145,3 + 1,2,5 Katlı,2. Kat,6 Yaşında,Merkezi (Pay Öl...,Eşyalı Değil,Boş,Kat Mülkiyeti,"Kuzey, Güney, Batı",3.000 TL,https://www.hepsiemlak.com/istanbul-buyukcekmece-pinartepe-satilik/daire/160819-39
160819-38,Ekinoba,Büyükçekmece,İstanbul,5.350.000 TL,155,145,3 + 1,2,7 Katlı,2. Kat,21 Yaşında,Kombi,Eşyalı Değil,Boş,Kat Mülkiyeti,"Kuzey, Güney, Batı",2.500 TL,https://www.hepsiemlak.com/istanbul-buyukcekmece-ekinoba-satilik/daire/160819-38
4480-25970,Mimar Sinan,Pursaklar,Ankara,9.750.000 TL,205,200,4 + 1,3,13 Katlı,1. Kat,5 Yaşında,Yerden Isıtma,Eşyalı Değil,Mülk Sahibi,Kat Mülkiyeti,,,https://www.hepsiemlak.com/ankara-pursaklar-mimar-sinan-satilik/daire/4480-25970
4480-25951,Fatih,Pursaklar,Ankara,4.590.000 TL,105,100,2 + 1,1,7 Katlı,2. Kat,Sıfır Bina,Yerden Isıtma,Eşyalı Değil,Boş,Kat Mülkiyeti,,,https://www.hepsiemlak.com/ankara-pursaklar-fatih-satilik/daire/4480-25951
4480-25875,Tevfik İleri,Pursaklar,Ankara,15.500.000 TL,200,175,4 + 1,2,16 Katlı,10. Kat,1 Yaşında,Yerden Isıtma,Eşyalı Değil,Mülk Sahibi,Kat Mülkiyeti,,,https://www.hepsiemlak.com/ankara-pursaklar-tevfik-ileri-satilik/daire/4480-25875
156577-58,Durali Alıç,Mamak,Ankara,4.800.000 TL,130,120,3 + 1,1,4 Katlı,4. Kat,12 Yaşında,Kat Kaloriferi,Eşyalı Değil,Mülk Sahibi,Kat Mülkiyeti,Batı,300 TL,https://www.hepsiemlak.com/ankara-mamak-durali-alic-satilik/daire/156577-58
137450-727,Orhan Gazi,Esenyurt,İstanbul,2.900.000 TL,90,76,2 + 1,1,5 Katlı,Yüksek Giriş,8 Yaşında,Kombi,Eşyalı,Boş,Kat Mülkiyeti,"Güney, Doğu",100 TL,https://www.hepsiemlak.com/istanbul-esenyurt-orhan-gazi-satilik/daire/137450-727
164708-46,Neviye,Arifiye,Sakarya,4.100.000 TL,93,80,2 + 1,2,3 Katlı,2. Kat,Sıfır Bina,Yerden Isıtma,Eşyalı Değil,Boş,Kat Mülkiyeti,"Kuzey, Güney, Doğu, Batı",,https://www.hepsiemlak.com/sakarya-arifiye-neviye-satilik/daire/164708-46
164708-19,Neviye,Arifiye,Sakarya,4.120.000 TL,98,85,2 + 1,1,3 Katlı,2. Kat,Sıfır Bina,Yerden Isıtma,Eşyalı Değil,Boş,Kat Mülkiyeti,"Kuzey, Güney, Doğu, Batı",,https://www.hepsiemlak.com/sakarya-arifiye-neviye-satilik/daire/164708-19
160757-127,Sorgun,Manavgat,Antalya,13.495.000 TL,130,120,3 + 1,2,1 Katlı,Yüksek Giriş,Sıfır Bina,Yerden Isıtma,Eşyalı Değil,Boş,Kat Mülkiyeti,"Kuzey, Güney, Doğu, Batı",,https://www.hepsiemlak.com/antalya-manavgat-sorgun-satilik/daire/160757-127
160757-136,Ilıca,Manavgat,Antalya,8.450.000 TL,110,100,2 + 1,2,1 Katlı,Bahçe Katı,2 Yaşında,Yerden Isıtma,Eşyalı Değil,Mülk Sahibi,Kat Mülkiyeti,"Güney, Doğu, Batı",,https://www.hepsiemlak.com/antalya-manavgat-ilica-satilik/daire/160757-136
160757-132,Ilıca,Manavgat,Antalya,9.000.000 TL,170,160,4 + 1,2,2 Katlı,2. Kat,Sıfır Bina,Klima,Eşyalı Değil,Boş,Kat İrtifakı,"Kuzey, Güney, Doğu",,https://www.hepsiemlak.com/antalya-manavgat-ilica-satilik/daire/160757-132
160757-140,Kadriye,Serik,Antalya,19.500.000 TL,200,180,4 + 1,2,3 Katlı,Bahçe Katı,16 Yaşında,Klima,Eşyalı Değil,Mülk Sahibi,Kat Mülkiyeti,"Kuzey, Güney, Doğu, Batı",,https://www.hepsiemlak.com/antalya-serik-kadriye-satilik/villa/160757-140
7027-1449,Orhaniye,Menteşe,Muğla,14.800.000 TL,220,210,4 + 1,3,4 Katlı,4. Kat,10 Yaşında,Merkezi,Eşyalı Değil,Mülk Sahibi,Kat Mülkiyeti,"Kuzey, Güney, Doğu, Batı",1 TL,https://www.hepsiemlak.com/mugla-mentese-orhaniye-satilik/daire/7027-1449
65704-9011,Valide-i Atik,Üsküdar,İstanbul,4.000.000 TL,80,69,2 + 1,1,5 Katlı,Giriş Katı,30 Yaşında,Kombi,Eşyalı Değil,Kiracılı,Arsa,Güney,200 TL,https://www.hepsiemlak.com/istanbul-uskudar-valide-i-atik-satilik/daire/65704-9011
65704-9009,Zeynep Kamil,Üsküdar,İstanbul,4.650.000 TL,90,80,2 + 1,1,5 Katlı,4. Kat,37 Yaşında,Kombi,Eşyalı Değil,Kiracılı,Kat Mülkiyeti,Güney,200 TL,https://www.hepsiemlak.com/istanbul-uskudar-zeynep-kamil-satilik/daire/65704-9009
65704-8998,Valide-i Atik,Üsküdar,İstanbul,6.500.000 TL,100,90,3 + 1,1,4 Katlı,3. Kat,37 Yaşında,Kombi,Eşyalı Değil,Mülk Sahibi,Kat Mülkiyeti,Güney,,https://www.hepsiemlak.com/istanbul-uskudar-valide-i-atik-satilik/daire/65704-8998
4355-136848,Postane,Tuzla,İstanbul,40.000.000 TL,250,225,5 + 1,2,3 Katlı,,30 Yaşında,Yerden Isıtma,Eşyalı Değil,Boş,Kat Mülkiyeti,"Kuzey, Güney, Doğu, Batı",1 TL,https://www.hepsiemlak.com/istanbul-tuzla-postane-satilik/villa/4355-136848
4355-136797,Göztepe,Kadıköy,İstanbul,23.000.000 TL,135,110,3 + 1,2,7 Katlı,5. Kat,15 Yaşında,Kombi,Eşyalı Değil,Kiracılı,Kat Mülkiyeti,"Güney, Doğu",3.750 TL,https://www.hepsiemlak.com/istanbul-kadikoy-goztepe-satilik/daire/4355-136797
1500-19837,Beyazevler,Çukurova,Adana,4.785.000 TL,100,75,2 + 1,2,5 Katlı,2. Kat,10 Yaşında,Kombi,Eşyalı Değil,Boş,Kat Mülkiyeti,"Güney, Batı",1.150 TL,https://www.hepsiemlak.com/adana-cukurova-beyazevler-satilik/daire/1500-19837
4355-136741,Fulya,Şişli,İstanbul,15.500.000 TL,160,140,3 + 1,1,6 Katlı,2. Kat,31 Yaşında,Kombi,Eşyalı Değil,Kiracılı,Kat Mülkiyeti,"Güney, Doğu",1.500 TL,https://www.hepsiemlak.com/istanbul-sisli-fulya-satilik/daire/4355-136741
4355-136906,Caferağa,Kadıköy,İstanbul,15.250.000 TL,120,105,3 + 1,1,4 Katlı,4. Kat,35 Yaşında,Kombi,Eşyalı Değil,Boş,Kat Mülkiyeti,Güney,1.500 TL,https://www.hepsiemlak.com/istanbul-kadikoy-caferaga-satilik/daire/4355-136906
4355-136702,Caferağa,Kadıköy,İstanbul,12.500.000 TL,139,110,3 + 1,1,4 Katlı,4. Kat,35 Yaşında,Kombi,Eşyalı Değil,Mülk Sahibi,Kat Mülkiyeti,"Kuzey, Güney",100 TL,https://www.hepsiemlak.com/istanbul-kadikoy-caferaga-satilik/daire/4355-136702
142438-104,Güzelyurt,Merkez,Nevşehir,1.950.000 TL,55,50,2 + 0,1,3 Katlı,1. Kat,Sıfır Bina,Kombi,Eşyalı Değil,Boş,Kat Mülkiyeti,Kuzey,600 TL,https://www.hepsiemlak.com/nevsehir-merkez-guzelyurt-satilik/daire/142438-104
4355-136919,Karacakaya,Yenimahalle,Ankara,7.400.000 TL,154,134,3 + 1,1,13 Katlı,3. Kat,7 Yaşında,Merkezi (Pay Öl...,Eşyalı Değil,Mülk Sahibi,Kat Mülkiyeti,"Güney, Batı",2.200 TL,https://www.hepsiemlak.com/ankara-yenimahalle-karacakaya-satilik/daire/4355-136919
4355-136822,Site,Ümraniye,İstanbul,7.530.000 TL,75,65,2 + 1,1,13 Katlı,1. Kat,9 Yaşında,Kombi,Eşyalı Değil,Kiracılı,Kat Mülkiyeti,"Güney, Batı",3.000 TL,https://www.hepsiemlak.com/istanbul-umraniye-site-satilik/residence/4355-136822
4355-136697,Emek,Darıca,Kocaeli,4.000.000 TL,160,120,4 + 1,2,5 Katlı,Yüksek Giriş,15 Yaşında,Kombi,Eşyalı Değil,Boş,Kat Mülkiyeti,"Güney, Doğu, Batı",300 TL,https://www.hepsiemlak.com/kocaeli-darica-emek-satilik/daire/4355-136697
4355-136838,Bostancı,Kadıköy,İstanbul,28.000.000 TL,180,140,4 + 1,2,11 Katlı,1. Kat,17 Yaşında,Kombi,Eşyalı Değil,Boş,Kat Mülkiyeti,"Kuzey, Doğu, Batı",9.500 TL,https://www.hepsiemlak.com/istanbul-kadikoy-bostanci-satilik/daire/4355-136838
56007-3203,Yıldızevler,Çankaya,Ankara,15.500.000 TL,185,165,4 + 1,2,7 Katlı,2. Kat,20 Yaşında,Merkezi,Eşyalı Değil,Boş,Kat Mülkiyeti,"Güney, Doğu, Batı",8.000 TL,https://www.hepsiemlak.com/ankara-cankaya-yildizevler-satilik/daire/56007-3203
159475-17,Bağlarbaşı,Darıca,Kocaeli,4.300.000 TL,85,70,2 + 1,1,4 Katlı,Zemin,6 Yaşında,Kombi,Eşyalı Değil,Boş,Kat Mülkiyeti,"Güney, Batı",2.200 TL,https://www.hepsiemlak.com/kocaeli-darica-baglarbasi-satilik/daire/159475-17
72482-1320,Paşabayır,Bandırma,Balıkesir,1.850.000 TL,80,75,2 + 1,1,4 Katlı,3. Kat,31 Yaşında,Kombi,Eşyalı Değil,Mülk Sahibi,Kat İrtifakı,"Kuzey, Doğu",,https://www.hepsiemlak.com/balikesir-bandirma-pasabayir-satilik/daire/72482-1320
72482-1208,Paşakent,Bandırma,Balıkesir,10.900.000 TL,180,165,4 + 1,2,8 Katlı,2. Kat,4 Yaşında,Kombi,Eşyalı Değil,Boş,Kat İrtifakı,"Doğu, Batı",,https://www.hepsiemlak.com/balikesir-bandirma-pasakent-satilik/daire/72482-1208
9192-1151,Bostanlı,Karşıyaka,İzmir,26.000.000 TL,160,140,4 + 1,2,6 Katlı,6. Kat,Sıfır Bina,Kombi,Eşyalı Değil,Boş,Kat Mülkiyeti,"Kuzey, Güney, Doğu",,https://www.hepsiemlak.com/izmir-karsiyaka-bostanli-satilik/daire/9192-1151
122845-4023,Hürel,Mamak,Ankara,3.690.000 TL,120,110,3 + 1,1,3 Katlı,3. Kat,26 Yaşında,Kombi,Eşyalı Değil,Mülk Sahibi,Kat Mülkiyeti,"Güney, Batı",200 TL,https://www.hepsiemlak.com/ankara-mamak-hurel-satilik/daire/122845-4023
159353-163,Zeynep Kamil,Üsküdar,İstanbul,7.650.000 TL,115,100,3 + 1,1,4 Katlı,3. Kat,31 Yaşında,Kombi,Eşyalı Değil,Boş,Kat Mülkiyeti,"Güney, Doğu",,https://www.hepsiemlak.com/istanbul-uskudar-zeynep-kamil-satilik/daire/159353-163
159353-158,Mimar Sinan,Üsküdar,İstanbul,6.550.000 TL,75,65,2 + 1,1,4 Katlı,Giriş Katı,2 Yaşında,Kombi,Eşyalı Değil,Boş,Kat Mülkiyeti,"Güney, Doğu",,https://www.hepsiemlak.com/istanbul-uskudar-mimar-sinan-satilik/daire/159353-158
168792-8,Esenyalı,Pendik,İstanbul,7.900.000 TL,210,200,4 + 3,2,4 Katlı,4. Kat,11 Yaşında,Kombi,Eşyalı Değil,Boş,Kat İrtifakı,"Güney, Doğu, Batı",,https://www.hepsiemlak.com/istanbul-pendik-esenyali-satilik/daire/168792-8
146377-38,Çalı,Nilüfer,Bursa,19.000.000 TL,315,305,6 + 1,4,4 Katlı,Bahçe Katı,4 Yaşında,Kombi,Eşyalı Değil,Boş,Yabancıdan,"Kuzey, Güney, Doğu, Batı",,https://www.hepsiemlak.com/bursa-nilufer-cali-satilik/villa/146377-38
114218-3380,Siyavuşpaşa,Bahçelievler,İstanbul,7.450.000 TL,85,76,2 + 1,1,5 Katlı,3. Kat,2 Yaşında,Kombi,Eşyalı Değil,Boş,Kat Mülkiyeti,Güney,,https://www.hepsiemlak.com/istanbul-bahcelievler-siyavuspasa-satilik/daire/114218-3380
121815-44,Altınoluk,Edremit,Balıkesir,3.850.000 TL,75,65,1 + 1,1,3 Katlı,Yüksek Giriş,20 Yaşında,Klima,Eşyalı Değil,Mülk Sahibi,Kat İrtifakı,Güney,,https://www.hepsiemlak.com/balikesir-edremit-altinoluk-satilik/daire/121815-44
1202-97221,Mithatpaşa,Eyüpsultan,İstanbul,62.000.000 TL,320,280,4 + 2,5,4 Katlı,Bahçe Katı,11 Yaşında,Kombi,Eşyalı Değil,Mülk Sahibi,Kat Mülkiyeti,Batı,30.000 TL,https://www.hepsiemlak.com/istanbul-eyupsultan-mithatpasa-satilik/villa/1202-97221
139936-662,Orhangazi,Ereğli,Konya,3.300.000 TL,140,135,3 + 1,1,2 Katlı,Yüksek Giriş,3 Yaşında,Kombi,,,Kat Mülkiyeti,,,https://www.hepsiemlak.com/konya-eregli-orhangazi-satilik/daire/139936-662
130826-2539,Efeler,Didim,Aydın,4.550.000 TL,90,80,2 + 1,1,4 Katlı,Bahçe Katı,5 Yaşında,Klima,Eşyalı Değil,Mülk Sahibi,Kat Mülkiyeti,Batı,50 TL,https://www.hepsiemlak.com/aydin-didim-efeler-satilik/daire/130826-2539
151813-2,Kabaoğlu,İzmit,Kocaeli,4.136.000 TL,76,63,1 + 1,1,3 Katlı,Ara Kat,Sıfır Bina,Kombi,Eşyalı Değil,Boş,Kat İrtifakı,"Güney, Doğu, Batı",,https://www.hepsiemlak.com/kocaeli-izmit-kabaoglu-satilik/daire/151813-2
13622-323,Aziziye,Karasu,Sakarya,1.000.000 TL,80,70,2 + 1,1,3 Katlı,Bahçe Katı,Sıfır Bina,Yerden Isıtma,Eşyalı Değil,Boş,Tapu Yok,"Kuzey, Güney, Doğu, Batı",,https://www.hepsiemlak.com/sakarya-karasu-aziziye-satilik/daire/13622-323
9595-2496,Bahçelievler,Çankaya,Ankara,7.600.000 TL,110,100,3 + 1,1,4 Katlı,4. Kat,35 Yaşında,Merkezi,Eşyalı Değil,Boş,Kat Mülkiyeti,Doğu,2.000 TL,https://www.hepsiemlak.com/ankara-cankaya-bahcelievler-satilik/daire/9595-2496
169872-4,Koru (Cumhuriyet),Çınarcık,Yalova,3.220.000 TL,85,75,2 + 1,1,5 Katlı,1. Kat,31 Yaşında,Kombi,Eşyalı Değil,Boş,Kat İrtifakı,"Güney, Doğu",,https://www.hepsiemlak.com/yalova-cinarcik-koru-cumhuriyet-satilik/daire/169872-4
2078-8343,Alemdağ,Çekmeköy,İstanbul,8.650.000 TL,125,110,3 + 1,2,5 Katlı,1. Kat,1 Yaşında,Kombi,Eşyalı Değil,Mülk Sahibi,Kat İrtifakı,"Kuzey, Doğu",1.000 TL,https://www.hepsiemlak.com/istanbul-cekmekoy-alemdag-satilik/daire/2078-8343
38443-4466,Erenköy,Kadıköy,İstanbul,22.750.000 TL,105,85,3 + 1,1,9 Katlı,9. Kat,3 Yaşında,Kombi,Eşyalı Değil,Mülk Sahibi,Kat Mülkiyeti,"Güney, Doğu",,https://www.hepsiemlak.com/istanbul-kadikoy-erenkoy-satilik/daire/38443-4466
147736-83,Güllük,Milas,Muğla,35.000.000 TL,150,135,3 + 1,2,2 Katlı,Bahçe Katı,Sıfır Bina,Yerden Isıtma,Eşyalı Değil,Boş,Hisseli Tapu,"Güney, Doğu, Batı",1 TL,https://www.hepsiemlak.com/mugla-milas-gulluk-satilik/villa/147736-83
9595-2501,Emek,Çankaya,Ankara,9.490.000 TL,115,100,2 + 1,1,3 Katlı,1. Kat,13 Yaşında,Kombi,Eşyalı Değil,Boş,Kat Mülkiyeti,"Güney, Doğu, Batı",1.000 TL,https://www.hepsiemlak.com/ankara-cankaya-emek-satilik/daire/9595-2501
159749-78,Namık Kemal,Esenyurt,İstanbul,3.970.000 TL,95,85,2 + 1,1,5 Katlı,3. Kat,9 Yaşında,Kombi,,,Kat İrtifakı,,,https://www.hepsiemlak.com/istanbul-esenyurt-namik-kemal-satilik/daire/159749-78
65633-1108,Demetevler,Yenimahalle,Ankara,4.000.000 TL,115,110,3 + 1,1,6 Katlı,5. Kat,30 Yaşında,Kombi,Eşyalı Değil,Kiracılı,Kat Mülkiyeti,"Güney, Batı",300 TL,https://www.hepsiemlak.com/ankara-yenimahalle-demetevler-satilik/daire/65633-1108
170233-4,Şehitlik,Polatlı,Ankara,5.700.000 TL,170,160,4 + 1,2,12 Katlı,5. Kat,1 Yaşında,Kombi,Eşyalı Değil,Mülk Sahibi,Kat Mülkiyeti,"Kuzey, Güney, Batı",,https://www.hepsiemlak.com/ankara-polatli-sehitlik-satilik/daire/170233-4
129186-1567,Kurtuluş,Polatlı,Ankara,2.545.000 TL,110,100,2 + 1,1,2 Katlı,Yüksek Giriş,6 Yaşında,Kombi,Eşyalı Değil,Boş,Kat Mülkiyeti,"Güney, Batı",,https://www.hepsiemlak.com/ankara-polatli-kurtulus-satilik/daire/129186-1567
121815-13,Narlı,Edremit,Balıkesir,14.000.000 TL,150,135,3 + 1,2,2 Katlı,,26 Yaşında,Klima,Eşyalı Değil,Kiracılı,Kat Mülkiyeti,"Güney, Doğu, Batı",,https://www.hepsiemlak.com/balikesir-edremit-narli-satilik/villa/121815-13
121815-40,Altınoluk,Edremit,Balıkesir,4.960.000 TL,100,90,2 + 1,1,3 Katlı,Teras Katı,20 Yaşında,Klima,Eşyalı Değil,Kiracılı,Kat İrtifakı,Güney,,https://www.hepsiemlak.com/balikesir-edremit-altinoluk-satilik/daire/121815-40
123596-295,Atatürk,Küçükçekmece,İstanbul,2.100.000 TL,97,90,2 + 1,1,6 Katlı,5. Kat,21 Yaşında,Kombi,Eşyalı Değil,Kiracılı,Arsa,,50 TL,https://www.hepsiemlak.com/istanbul-kucukcekmece-ataturk-satilik/daire/123596-295
123596-278,Atatürk,Küçükçekmece,İstanbul,2.100.000 TL,97,90,2 + 1,1,6 Katlı,5. Kat,21 Yaşında,Kombi,Eşyalı Değil,Kiracılı,Kat İrtifakı,,50 TL,https://www.hepsiemlak.com/istanbul-kucukcekmece-ataturk-satilik/daire/123596-278
123596-287,Altınşehir,Başakşehir,İstanbul,4.620.000 TL,99,95,2 + 1,1,2 Katlı,1. Kat,Sıfır Bina,Kombi,Eşyalı Değil,Boş,Tapu Yok,"Kuzey, Güney",50 TL,https://www.hepsiemlak.com/istanbul-basaksehir-altinsehir-satilik/daire/123596-287
51689-7860,Yaya,Gömeç,Balıkesir,4.750.000 TL,140,120,3 + 1,1,4 Katlı,Ara Kat,10 Yaşında,Kombi,Eşyalı Değil,Boş,Kat Mülkiyeti,"Kuzey, Güney, Doğu, Batı",,https://www.hepsiemlak.com/balikesir-gomec-yaya-satilik/daire/51689-7860
135850-1536,Akçay,Edremit,Balıkesir,6.750.000 TL,140,130,3 + 1,2,3 Katlı,1. Kat,15 Yaşında,Kombi,Eşyalı Değil,Boş,Kat Mülkiyeti,"Kuzey, Güney, Doğu, Batı",,https://www.hepsiemlak.com/balikesir-edremit-akcay-satilik/daire/135850-1536
19492-2679,Turgutreis,Bodrum,Muğla,23.000.000 TL,180,170,3 + 1,2,2 Katlı,,11 Yaşında,Klima,Eşyalı Değil,Mülk Sahibi,Kat Mülkiyeti,Batı,,https://www.hepsiemlak.com/mugla-bodrum-turgutreis-satilik/mustakil-ev/19492-2679
159569-29,Barbaros,Merkez,Çanakkale,3.650.000 TL,65,55,1 + 1,1,3 Katlı,Giriş Katı,11 Yaşında,Kombi,Eşyalı,Kiracılı,Kat İrtifakı,,400 TL,https://www.hepsiemlak.com/canakkale-merkez-barbaros-satilik/daire/159569-29
159569-26,İsmetpaşa,Merkez,Çanakkale,2.900.000 TL,55,50,1 + 1,1,7 Katlı,6. Kat,6 Yaşında,Merkezi (Pay Öl...,Eşyalı Değil,Boş,Kat İrtifakı,,750 TL,https://www.hepsiemlak.com/canakkale-merkez-ismetpasa-satilik/daire/159569-26
168792-7,Güzelyalı,Pendik,İstanbul,3.500.000 TL,130,120,3 + 1,1,7 Katlı,6. Kat,26 Yaşında,Kombi,Eşyalı Değil,Boş,Arsa,"Güney, Doğu, Batı",,https://www.hepsiemlak.com/istanbul-pendik-guzelyali-satilik/daire/168792-7
162147-127,Hacı Yusuf,Bandırma,Balıkesir,5.225.000 TL,140,137,3 + 1,1,4 Katlı,3. Kat,26 Yaşında,Kombi,Eşyalı Değil,Mülk Sahibi,Kat Mülkiyeti,"Kuzey, Batı",500 TL,https://www.hepsiemlak.com/balikesir-bandirma-haci-yusuf-satilik/daire/162147-127
154509-117,Nusratiye,Çorlu,Tekirdağ,3.570.000 TL,130,120,3 + 1,1,4 Katlı,2. Kat,11 Yaşında,Kombi,Eşyalı Değil,Kiracılı,Kat Mülkiyeti,Güney,,https://www.hepsiemlak.com/tekirdag-corlu-nusratiye-satilik/daire/154509-117
154509-136,Zafer,Çorlu,Tekirdağ,18.500.000 TL,360,320,6 + 2,3,3 Katlı,Bahçe Katı,4 Yaşında,Yerden Isıtma,Eşyalı Değil,Boş,Kat Mülkiyeti,"Kuzey, Güney, Doğu, Batı",,https://www.hepsiemlak.com/tekirdag-corlu-zafer-satilik/villa/154509-136
159636-81,Eşref Dinçer,Gemlik,Bursa,3.950.000 TL,145,140,3 + 1,2,3 Katlı,3. Kat,5 Yaşında,Kombi,Eşyalı Değil,Boş,Kat İrtifakı,,50 TL,https://www.hepsiemlak.com/bursa-gemlik-esref-dincer-satilik/daire/159636-81
97573-738,Cihangir,Avcılar,İstanbul,3.750.000 TL,80,75,2 + 1,1,2 Katlı,Yüksek Giriş,11 Yaşında,Kombi,Eşyalı Değil,Kiracılı,Kat İrtifakı,"Kuzey, Güney, Doğu, Batı",200 TL,https://www.hepsiemlak.com/istanbul-avcilar-cihangir-satilik/daire/97573-738
147889-143,Emirefendi,Bafra,Samsun,1.800.000 TL,125,115,2 + 1,1,3 Katlı,3. Kat,26 Yaşında,Kombi,Eşyalı Değil,Boş,Arsa,,,https://www.hepsiemlak.com/samsun-bafra-emirefendi-satilik/daire/147889-143
147889-149,Emirefendi,Bafra,Samsun,1.799.000 TL,120,110,3 + 1,1,4 Katlı,1. Kat,31 Yaşında,Kombi,Eşyalı Değil,Mülk Sahibi,Kat İrtifakı,,,https://www.hepsiemlak.com/samsun-bafra-emirefendi-satilik/daire/147889-149
147889-132,Çilhane,Bafra,Samsun,1.595.000 TL,145,135,3 + 1,1,4 Katlı,4. Kat,26 Yaşında,Kombi,Eşyalı Değil,Mülk Sahibi,Kat Mülkiyeti,,,https://www.hepsiemlak.com/samsun-bafra-cilhane-satilik/daire/147889-132
170140-10,Mareşal Çakmak,Sincan,Ankara,3.347.000 TL,120,109,3 + 1,1,5 Katlı,Ara Kat,29 Yaşında,Kombi,Eşyalı Değil,Mülk Sahibi,Kat Mülkiyeti,"Güney, Doğu, Batı",150 TL,https://www.hepsiemlak.com/ankara-sincan-maresal-cakmak-satilik/daire/170140-10
119217-993,Çıplaklı,Alanya,Antalya,4.750.000 TL,100,90,2 + 1,2,5 Katlı,1. Kat,1 Yaşında,Klima,Eşyalı Değil,Boş,Kat İrtifakı,"Güney, Batı",,https://www.hepsiemlak.com/antalya-alanya-ciplakli-satilik/daire/119217-993
41314-2299,Yeşilyurt,Seyhan,Adana,5.350.000 TL,165,150,3 + 1,1,9 Katlı,4. Kat,10 Yaşında,Kombi,Eşyalı Değil,Mülk Sahibi,Kat İrtifakı,"Kuzey, Güney, Doğu",500 TL,https://www.hepsiemlak.com/adana-seyhan-yesilyurt-satilik/daire/41314-2299
169873-5,Yakacık Yeni,Kartal,İstanbul,7.500.000 TL,145,110,3 + 1,1,3 Katlı,1. Kat,30 Yaşında,Kombi,Eşyalı Değil,Boş,Arsa,"Güney, Doğu",250 TL,https://www.hepsiemlak.com/istanbul-kartal-yakacik-yeni-satilik/daire/169873-5
170125-1,Fatih,Tuzla,İstanbul,3.400.000 TL,38,28,1 + 0,1,4 Katlı,3. Kat,16 Yaşında,Merkezi (Pay Öl...,Eşyalı,Boş,Kat Mülkiyeti,Doğu,5.038 TL,https://www.hepsiemlak.com/istanbul-tuzla-fatih-satilik/daire/170125-1
143901-224,Türkmen,Kuşadası,Aydın,6.490.000 TL,92,82,2 + 1,1,4 Katlı,3. Kat,5 Yaşında,Klima,Eşyalı Değil,Mülk Sahibi,Tapu Yok,Doğu,500 TL,https://www.hepsiemlak.com/aydin-kusadasi-turkmen-satilik/daire/143901-224
169873-15,Bahçelievler,Pendik,İstanbul,7.500.000 TL,116,96,2 + 1,2,6 Katlı,3. Kat,3 Yaşında,Kombi,Eşyalı Değil,Kiracılı,Kat Mülkiyeti,"Güney, Doğu",1.000 TL,https://www.hepsiemlak.com/istanbul-pendik-bahcelievler-satilik/daire/169873-15
2450-1834,Tepealtı,Yenimahalle,Ankara,5.950.000 TL,89,83,3 + 1,1,3 Katlı,1. Kat,26 Yaşında,Kombi,Eşyalı Değil,Boş,Kat Mülkiyeti,"Kuzey, Güney, Doğu",500 TL,https://www.hepsiemlak.com/ankara-yenimahalle-tepealti-satilik/daire/2450-1834
147341-168,Yenimahalle,Atakum,Samsun,2.500.000 TL,55,50,1 + 1,1,5 Katlı,1. Kat,1 Yaşında,Kombi,Eşyalı Değil,Boş,Kat Mülkiyeti,"Kuzey, Güney, Doğu, Batı",150 TL,https://www.hepsiemlak.com/samsun-atakum-yenimahalle-satilik/daire/147341-168
147341-177,Camii,Atakum,Samsun,16.999.999 TL,264,225,3 + 1,3,2 Katlı,Bahçe Katı,Sıfır Bina,Yerden Isıtma,Eşyalı Değil,Boş,Kat Mülkiyeti,,,https://www.hepsiemlak.com/samsun-atakum-camii-satilik/villa/147341-177
147341-187,Körfez,Atakum,Samsun,2.425.000 TL,55,50,1 + 1,1,5 Katlı,2. Kat,1 Yaşında,Yerden Isıtma,Eşyalı Değil,Boş,Kat Mülkiyeti,"Kuzey, Güney, Doğu, Batı",250 TL,https://www.hepsiemlak.com/samsun-atakum-korfez-satilik/daire/147341-187
130911-5418,Çarkıpare,Sarıçam,Adana,2.100.000 TL,60,50,1 + 1,1,12 Katlı,7. Kat,Sıfır Bina,Klima,Eşyalı Değil,Boş,Yabancıdan,"Kuzey, Güney, Doğu, Batı",,https://www.hepsiemlak.com/adana-saricam-carkipare-satilik/daire/130911-5418
147341-181,Büyükoyumca,Atakum,Samsun,22.500.000 TL,300,210,3 + 1,2,2 Katlı,Bahçe Katı,Sıfır Bina,Yerden Isıtma,Eşyalı Değil,Boş,Kat Mülkiyeti,"Kuzey, Güney, Doğu, Batı",,https://www.hepsiemlak.com/samsun-atakum-buyukoyumca-satilik/villa/147341-181
14072-13820,Naci Çakır,Çankaya,Ankara,7.290.000 TL,135,125,3 + 1,1,5 Katlı,Yarı Bodrum,31 Yaşında,Kombi,Eşyalı Değil,Boş,Kat Mülkiyeti,"Kuzey, Doğu",300 TL,https://www.hepsiemlak.com/ankara-cankaya-naci-cakir-satilik/daire/14072-13820
14072-13604,Harbiye,Çankaya,Ankara,5.850.000 TL,140,128,3 + 1,1,3 Katlı,3. Kat,28 Yaşında,Kombi,Eşyalı Değil,Boş,Kat Mülkiyeti,"Güney, Doğu",,https://www.hepsiemlak.com/ankara-cankaya-harbiye-satilik/daire/14072-13604
170165-8,Zafertepe,Konak,İzmir,3.750.000 TL,100,90,2 + 1,1,4 Katlı,Giriş Katı,6 Yaşında,Kombi,Eşyalı Değil,Boş,Kat Mülkiyeti,"Güney, Batı",,https://www.hepsiemlak.com/izmir-konak-zafertepe-satilik/daire/170165-8
162312-75,Abdurrahmangazi,Sancaktepe,İstanbul,8.500.000 TL,95,73,2 + 1,1,7 Katlı,2. Kat,Sıfır Bina,Merkezi (Pay Öl...,Eşyalı Değil,Boş,Kat İrtifakı,"Kuzey, Güney, Doğu",,https://www.hepsiemlak.com/istanbul-sancaktepe-abdurrahmangazi-satilik/daire/162312-75
162312-64,Taşdelen,Çekmeköy,İstanbul,9.500.000 TL,124,84,3 + 1,2,11 Katlı,3. Kat,Sıfır Bina,Yerden Isıtma,Eşyalı Değil,Boş,Kat Mülkiyeti,"Güney, Doğu, Batı",,https://www.hepsiemlak.com/istanbul-cekmekoy-tasdelen-satilik/daire/162312-64
162312-56,Adil,Sultanbeyli,İstanbul,5.850.000 TL,105,95,2 + 1,2,4 Katlı,Ara Kat,Sıfır Bina,Kombi,Eşyalı Değil,Boş,Kat Mülkiyeti,"Güney, Doğu",,https://www.hepsiemlak.com/istanbul-sultanbeyli-adil-satilik/daire/162312-56
77162-5172,Akçay,Edremit,Balıkesir,24.500.000 TL,200,140,3 + 1,3,2 Katlı,,Sıfır Bina,Kat Kaloriferi,Eşyalı Değil,Boş,Kat Mülkiyeti,"Kuzey, Güney, Doğu, Batı",2.000 TL,https://www.hepsiemlak.com/balikesir-edremit-akcay-satilik/villa/77162-5172
22114-13037,Ata,Çankaya,Ankara,8.750.000 TL,145,135,3 + 1,2,4 Katlı,1. Kat,18 Yaşında,Kombi,Eşyalı Değil,Mülk Sahibi,Kat Mülkiyeti,"Güney, Batı",500 TL,https://www.hepsiemlak.com/ankara-cankaya-ata-satilik/daire/22114-13037
22114-13034,Harbiye,Çankaya,Ankara,6.750.000 TL,115,110,3 + 1,1,3 Katlı,3. Kat,28 Yaşında,Merkezi,Eşyalı Değil,Mülk Sahibi,Kat Mülkiyeti,"Güney, Batı",2.200 TL,https://www.hepsiemlak.com/ankara-cankaya-harbiye-satilik/daire/22114-13034
22114-13031,Aydınlar,Çankaya,Ankara,5.075.000 TL,120,110,3 + 1,1,2 Katlı,1. Kat,30 Yaşında,Kombi,Eşyalı Değil,Mülk Sahibi,Kat Mülkiyeti,"Kuzey, Doğu",250 TL,https://www.hepsiemlak.com/ankara-cankaya-aydinlar-satilik/daire/22114-13031
22114-13033,Keklik Pınarı,Çankaya,Ankara,6.500.000 TL,130,120,3 + 1,2,5 Katlı,Yüksek Giriş,16 Yaşında,Kombi,Eşyalı Değil,Mülk Sahibi,Kat Mülkiyeti,"Güney, Batı",400 TL,https://www.hepsiemlak.com/ankara-cankaya-keklik-pinari-satilik/daire/22114-13033
160281-38,Alparslan,Kulu,Konya,4.200.000 TL,185,145,3 + 1,2,4 Katlı,4. Kat,Sıfır Bina,Kombi,Eşyalı Değil,Boş,Kat İrtifakı,"Kuzey, Batı",,https://www.hepsiemlak.com/konya-kulu-alparslan-satilik/daire/160281-38
1505-7532,Silahtarağa,Eyüpsultan,İstanbul,10.750.000 TL,170,134,2 + 1,3,5 Katlı,1. Kat,6 Yaşında,Merkezi (Pay Öl...,Eşyalı Değil,Boş,Kat Mülkiyeti,"Kuzey, Doğu",,https://www.hepsiemlak.com/istanbul-eyupsultan-silahtaraga-satilik/daire/1505-7532
43014-3635,Hilal,Çankaya,Ankara,23.700.000 TL,290,171,4 + 1,2,30 Katlı,4. Kat,Sıfır Bina,Merkezi (Pay Öl...,Eşyalı Değil,Boş,Kooperatiften H...,"Kuzey, Doğu",,https://www.hepsiemlak.com/ankara-cankaya-hilal-satilik/daire/43014-3635
123596-292,Karlıbayır,Arnavutköy,İstanbul,4.470.000 TL,70,65,2 + 1,1,4 Katlı,Yüksek Giriş,Sıfır Bina,Kombi,Eşyalı Değil,Boş,Kat Mülkiyeti,,,https://www.hepsiemlak.com/istanbul-arnavutkoy-karlibayir-satilik/daire/123596-292
77162-5100,Güre,Edremit,Balıkesir,10.500.000 TL,90,70,2 + 0,1,2 Katlı,1. Kat,Sıfır Bina,Kat Kaloriferi,Eşyalı Değil,Boş,Kat Mülkiyeti,"Güney, Doğu",1.250 TL,https://www.hepsiemlak.com/balikesir-edremit-gure-satilik/daire/77162-5100
77162-5148,Altınoluk,Edremit,Balıkesir,5.350.000 TL,60,40,1 + 1,1,5 Katlı,2. Kat,Sıfır Bina,Klima,Eşyalı Değil,Boş,Kat Mülkiyeti,"Güney, Doğu, Batı",500 TL,https://www.hepsiemlak.com/balikesir-edremit-altinoluk-satilik/daire/77162-5148
77162-5173,Güre,Edremit,Balıkesir,24.500.000 TL,150,100,3 + 1,3,2 Katlı,,Sıfır Bina,Kat Kaloriferi,Eşyalı Değil,Boş,Kat Mülkiyeti,"Kuzey, Güney, Doğu, Batı",1.000 TL,https://www.hepsiemlak.com/balikesir-edremit-gure-satilik/villa/77162-5173
77162-5296,Altınoluk,Edremit,Balıkesir,45.000.000 TL,300,180,4 + 1,4,2 Katlı,,Sıfır Bina,Isı Pompası,Eşyalı Değil,Boş,Kat Mülkiyeti,"Kuzey, Güney, Doğu, Batı",1 TL,https://www.hepsiemlak.com/balikesir-edremit-altinoluk-satilik/villa/77162-5296
99756-2344,Pelitköy,Burhaniye,Balıkesir,16.000.000 TL,170,135,3 + 1,3,2 Katlı,,Sıfır Bina,Yerden Isıtma,Eşyalı Değil,Boş,Kat Mülkiyeti,"Kuzey, Güney, Doğu, Batı",,https://www.hepsiemlak.com/balikesir-burhaniye-pelitkoy-satilik/villa/99756-2344
161682-93,Çatalmeşe,Çekmeköy,İstanbul,6.757.000 TL,125,110,3 + 1,1,5 Katlı,3. Kat,6 Yaşında,Kombi,Eşyalı Değil,Mülk Sahibi,Kat Mülkiyeti,Güney,350 TL,https://www.hepsiemlak.com/istanbul-cekmekoy-catalmese-satilik/daire/161682-93
161682-148,Güngören,Çekmeköy,İstanbul,5.500.000 TL,95,80,2 + 1,2,5 Katlı,1. Kat,6 Yaşında,Kombi,Eşyalı Değil,Boş,Yabancıdan,Güney,400 TL,https://www.hepsiemlak.com/istanbul-cekmekoy-gungoren-satilik/daire/161682-148
134068-152,Cumhuriyet,Beylikdüzü,İstanbul,11.000.000 TL,178,146,3 + 1,2,8 Katlı,8. Kat,26 Yaşında,Merkezi,Eşyalı Değil,Boş,Kat Mülkiyeti,"Doğu, Batı",,https://www.hepsiemlak.com/istanbul-beylikduzu-cumhuriyet-satilik/daire/134068-152
161682-116,Kirazlıdere,Çekmeköy,İstanbul,5.597.000 TL,90,78,2 + 1,1,7 Katlı,7. Kat,6 Yaşında,Kombi,Eşyalı Değil,Boş,Kat Mülkiyeti,Güney,300 TL,https://www.hepsiemlak.com/istanbul-cekmekoy-kirazlidere-satilik/daire/161682-116
134068-160,Kumbağ,Süleymanpaşa,Tekirdağ,3.550.000 TL,85,70,2 + 1,1,4 Katlı,Yüksek Giriş,1 Yaşında,Kombi,Eşyalı Değil,Boş,Kat Mülkiyeti,"Güney, Doğu, Batı",,https://www.hepsiemlak.com/tekirdag-suleymanpasa-kumbag-satilik/daire/134068-160
161682-155,Çatalmeşe,Çekmeköy,İstanbul,4.900.000 TL,120,105,3 + 1,2,6 Katlı,Yüksek Giriş,6 Yaşında,Kombi,Eşyalı Değil,Boş,Kat Mülkiyeti,Güney,300 TL,https://www.hepsiemlak.com/istanbul-cekmekoy-catalmese-satilik/daire/161682-155
161682-158,Merve,Sancaktepe,İstanbul,5.157.000 TL,130,120,3 + 1,2,3 Katlı,Yüksek Giriş,6 Yaşında,Kombi,Eşyalı Değil,Boş,Kat Mülkiyeti,Güney,300 TL,https://www.hepsiemlak.com/istanbul-sancaktepe-merve-satilik/daire/161682-158
169353-59,Ulubatlı Hasan,Sincan,Ankara,3.050.000 TL,125,118,3 + 1,1,4 Katlı,En Üst Kat,27 Yaşında,Kombi,Eşyalı Değil,Mülk Sahibi,Kat Mülkiyeti,"Kuzey, Doğu, Batı",200 TL,https://www.hepsiemlak.com/ankara-sincan-ulubatli-hasan-satilik/daire/169353-59
170369-5,Side,Manavgat,Antalya,7.500.000 TL,90,80,2 + 1,1,4 Katlı,Yüksek Giriş,11 Yaşında,Klima,Eşyalı,Boş,Kat Mülkiyeti,"Kuzey, Güney, Doğu, Batı",2.500 TL,https://www.hepsiemlak.com/antalya-manavgat-side-satilik/daire/170369-5
42416-1575,Emek,Kepez,Antalya,5.000.000 TL,100,80,2 + 1,2,4 Katlı,2. Kat,11 Yaşında,Kombi,Eşyalı Değil,Boş,Kat İrtifakı,"Güney, Doğu",250 TL,https://www.hepsiemlak.com/antalya-kepez-emek-satilik/daire/42416-1575
94349-799,Kültür,Aliağa,İzmir,5.750.000 TL,75,70,2 + 1,1,6 Katlı,3. Kat,10 Yaşında,Kombi,Eşyalı,Boş,Kat İrtifakı,"Kuzey, Doğu",,https://www.hepsiemlak.com/izmir-aliaga-kultur-satilik/daire/94349-799
42416-1412,Kılıçali Paşa,Beyoğlu,İstanbul,18.200.000 TL,230,140,3 + 1,3,5 Katlı,Kot 2,2 Yaşında,Kombi,Eşyalı Değil,Boş,Kat Mülkiyeti,"Doğu, Batı",550 TL,https://www.hepsiemlak.com/istanbul-beyoglu-kilicali-pasa-satilik/daire/42416-1412
146510-96,Turgut Reis,Konak,İzmir,6.200.000 TL,140,120,3 + 1,1,7 Katlı,2. Kat,31 Yaşında,Kombi,Eşyalı Değil,Mülk Sahibi,Kat Mülkiyeti,"Kuzey, Batı",300 TL,https://www.hepsiemlak.com/izmir-konak-turgut-reis-satilik/daire/146510-96
42416-1587,Pürtelaş Hasan Efendi,Beyoğlu,İstanbul,24.900.000 TL,117,100,3 + 1,2,5 Katlı,Çatı Katı,6 Yaşında,Kombi,Eşyalı Değil,Boş,Kat Mülkiyeti,"Doğu, Batı",1.000 TL,https://www.hepsiemlak.com/istanbul-beyoglu-purtelas-hasan-efendi-satilik/daire/42416-1587
146510-98,Murat Reis,Konak,İzmir,4.500.000 TL,130,110,3 + 1,1,4 Katlı,4. Kat,31 Yaşında,Kombi,Eşyalı Değil,Mülk Sahibi,Kat Mülkiyeti,"Kuzey, Batı",,https://www.hepsiemlak.com/izmir-konak-murat-reis-satilik/daire/146510-98
146510-102,Murat Reis,Konak,İzmir,4.240.000 TL,90,75,2 + 1,1,5 Katlı,1. Kat,31 Yaşında,Kombi,Eşyalı Değil,Boş,Kat Mülkiyeti,"Doğu, Batı",500 TL,https://www.hepsiemlak.com/izmir-konak-murat-reis-satilik/daire/146510-102
161981-28,Tuna,Esenler,İstanbul,8.250.000 TL,130,110,3 + 1,1,5 Katlı,1. Kat,Sıfır Bina,Yerden Isıtma,Eşyalı Değil,Boş,Kat Mülkiyeti,Güney,,https://www.hepsiemlak.com/istanbul-esenler-tuna-satilik/daire/161981-28
161981-24,Tuna,Esenler,İstanbul,4.250.000 TL,100,90,2 + 1,1,5 Katlı,Bahçe Katı,Sıfır Bina,Yerden Isıtma,Eşyalı Değil,Boş,Kat Mülkiyeti,Güney,,https://www.hepsiemlak.com/istanbul-esenler-tuna-satilik/daire/161981-24
160426-283,Emek,Odunpazarı,Eskişehir,2.050.000 TL,60,50,2 + 0,1,4 Katlı,2. Kat,Sıfır Bina,Yerden Isıtma,Eşyalı Değil,Boş,Kat İrtifakı,"Doğu, Batı",,https://www.hepsiemlak.com/eskisehir-odunpazari-emek-satilik/daire/160426-283
170264-65,Kuzeykent,Yenişehir,Mersin,10.600.000 TL,200,150,4 + 1,2,12 Katlı,3. Kat,6 Yaşında,Kombi,Eşyalı Değil,Mülk Sahibi,Kat İrtifakı,"Kuzey, Güney, Doğu",,https://www.hepsiemlak.com/mersin-yenisehir-kuzeykent-satilik/daire/170264-65
168071-27,Atalar,Kartal,İstanbul,6.840.000 TL,90,70,2 + 1,1,5 Katlı,3. Kat,6 Yaşında,Kombi,Eşyalı Değil,Kiracılı,Kat Mülkiyeti,"Kuzey, Güney, Doğu, Batı",,https://www.hepsiemlak.com/istanbul-kartal-atalar-satilik/daire/168071-27
168071-76,Karlıktepe,Kartal,İstanbul,5.750.000 TL,120,95,3 + 1,1,6 Katlı,5. Kat,26 Yaşında,Kombi,Eşyalı Değil,Mülk Sahibi,Kat İrtifakı,"Kuzey, Güney, Doğu, Batı",,https://www.hepsiemlak.com/istanbul-kartal-karliktepe-satilik/daire/168071-76
170120-1,Bostancı,Kadıköy,İstanbul,16.950.000 TL,86,70,2 + 1,1,8 Katlı,2. Kat,1 Yaşında,Kombi,Eşyalı Değil,Boş,Kat İrtifakı,,1.800 TL,https://www.hepsiemlak.com/istanbul-kadikoy-bostanci-satilik/daire/170120-1
49204-1816,Şemikler,Karşıyaka,İzmir,7.900.000 TL,140,125,3 + 1,2,5 Katlı,2. Kat,11 Yaşında,Kombi,Eşyalı Değil,Mülk Sahibi,Kat İrtifakı,"Kuzey, Doğu, Batı",500 TL,https://www.hepsiemlak.com/izmir-karsiyaka-semikler-satilik/daire/49204-1816
74274-1164,Şeyhcui,Merkez,Amasya,2.750.000 TL,105,88,2 + 1,1,4 Katlı,En Üst Kat,15 Yaşında,Kombi,Eşyalı Değil,Boş,Kat Mülkiyeti,"Kuzey, Batı",,https://www.hepsiemlak.com/amasya-merkez-seyhcui-satilik/daire/74274-1164
118929-535,Zümrütevler,Maltepe,İstanbul,5.425.000 TL,95,85,2 + 1,1,4 Katlı,2. Kat,6 Yaşında,Kombi,Eşyalı Değil,Boş,Kat Mülkiyeti,"Güney, Doğu, Batı",300 TL,https://www.hepsiemlak.com/istanbul-maltepe-zumrutevler-satilik/daire/118929-535
118929-542,Zümrütevler,Maltepe,İstanbul,3.945.000 TL,100,90,2 + 1,1,3 Katlı,Bahçe Katı,6 Yaşında,Kombi,Eşyalı Değil,Boş,Kat Mülkiyeti,"Güney, Doğu, Batı",250 TL,https://www.hepsiemlak.com/istanbul-maltepe-zumrutevler-satilik/daire/118929-542
118929-555,Zümrütevler,Maltepe,İstanbul,5.975.000 TL,95,85,2 + 1,1,5 Katlı,2. Kat,6 Yaşında,Kombi,Eşyalı Değil,Kiracılı,Yabancıdan,"Güney, Doğu, Batı",250 TL,https://www.hepsiemlak.com/istanbul-maltepe-zumrutevler-satilik/daire/118929-555
47322-1147,Durali Alıç,Mamak,Ankara,5.679.000 TL,140,135,3 + 1,2,13 Katlı,8. Kat,6 Yaşında,Kombi,Eşyalı Değil,Mülk Sahibi,Kat Mülkiyeti,"Güney, Doğu",,https://www.hepsiemlak.com/ankara-mamak-durali-alic-satilik/daire/47322-1147
165076-149,Gazi,Sultangazi,İstanbul,5.050.000 TL,115,105,3 + 1,1,5 Katlı,2. Kat,21 Yaşında,Kombi,Eşyalı Değil,Mülk Sahibi,Kat İrtifakı,Güney,,https://www.hepsiemlak.com/istanbul-sultangazi-gazi-satilik/daire/165076-149
165001-7,Menderes,Mezitli,Mersin,5.200.000 TL,210,180,4 + 1,3,13 Katlı,1. Kat,11 Yaşında,Kombi,Eşyalı Değil,Boş,Kat Mülkiyeti,"Kuzey, Güney, Batı",,https://www.hepsiemlak.com/mersin-mezitli-menderes-satilik/daire/165001-7
83306-3046,Küçükkuyu (Mıhlı),Ayvacık,Çanakkale,9.949.000 TL,140,125,4 + 1,2,3 Katlı,3. Kat,25 Yaşında,Klima,Eşyalı Değil,Boş,Kat Mülkiyeti,"Kuzey, Güney, Doğu, Batı",100 TL,https://www.hepsiemlak.com/canakkale-ayvacik-kucukkuyu-mihli-satilik/daire/83306-3046
168617-2,Hacımaşlı,Arnavutköy,İstanbul,3.000.000 TL,110,95,3 + 1,2,4 Katlı,4. Kat,Sıfır Bina,Merkezi (Pay Öl...,,Boş,Tapu Yok,,,https://www.hepsiemlak.com/istanbul-arnavutkoy-hacimasli-satilik/daire/168617-2
52083-78,Atakent,Atakum,Samsun,6.390.000 TL,149,134,3 + 1,2,8 Katlı,5. Kat,6 Yaşında,Kombi,Eşyalı Değil,Kiracılı,Kat Mülkiyeti,"Kuzey, Güney, Doğu",600 TL,https://www.hepsiemlak.com/samsun-atakum-atakent-satilik/daire/52083-78
114294-1018,Barbaros,Yenişehir,Mersin,3.850.000 TL,140,125,3 + 1,1,2 Katlı,Yüksek Giriş,6 Yaşında,Kombi,Eşyalı Değil,Kiracılı,Kat İrtifakı,,,https://www.hepsiemlak.com/mersin-yenisehir-barbaros-satilik/daire/114294-1018
167594-30,İstiklal,Menemen,İzmir,4.750.000 TL,130,120,3 + 1,1,7 Katlı,4. Kat,21 Yaşında,Kombi,Eşyalı Değil,Mülk Sahibi,Kat İrtifakı,"Kuzey, Batı",500 TL,https://www.hepsiemlak.com/izmir-menemen-istiklal-satilik/daire/167594-30
131745-993,Yıldırım Beyazıt,Sarıçam,Adana,1.740.000 TL,50,40,1 + 1,1,13 Katlı,7. Kat,Sıfır Bina,Kombi,Eşyalı Değil,Boş,Kat Mülkiyeti,,,https://www.hepsiemlak.com/adana-saricam-yildirim-beyazit-satilik/daire/131745-993
140874-27,Orhangazi,Merkez,Düzce,1.500.000 TL,50,40,1 + 1,1,3 Katlı,Ara Kat,Sıfır Bina,Yerden Isıtma,Eşyalı Değil,Boş,Kat İrtifakı,Doğu,,https://www.hepsiemlak.com/duzce-merkez-orhangazi-satilik/daire/140874-27
136218-1274,Valide-i Atik,Üsküdar,İstanbul,5.500.000 TL,75,70,2 + 1,1,5 Katlı,Bahçe Katı,Sıfır Bina,Kombi,Eşyalı Değil,Boş,Kat Mülkiyeti,,,https://www.hepsiemlak.com/istanbul-uskudar-valide-i-atik-satilik/daire/136218-1274
1124-6198,Yukarı Bahçelievler,Çankaya,Ankara,15.250.000 TL,210,199,4 + 1,2,3 Katlı,3. Kat,9 Yaşında,Kombi,Eşyalı Değil,Mülk Sahibi,Kat Mülkiyeti,"Güney, Batı",,https://www.hepsiemlak.com/ankara-cankaya-yukari-bahcelievler-satilik/daire/1124-6198
4596-5080,Necip Fazıl,Ümraniye,İstanbul,8.700.000 TL,135,115,3 + 1,2,9 Katlı,5. Kat,18 Yaşında,Kombi,Eşyalı Değil,Kiracılı,Kat Mülkiyeti,"Güney, Doğu, Batı",3.000 TL,https://www.hepsiemlak.com/istanbul-umraniye-necip-fazil-satilik/daire/4596-5080
1124-6199,Yukarı Bahçelievler,Çankaya,Ankara,14.500.000 TL,180,150,3 + 1,2,2 Katlı,3. Kat,9 Yaşında,Kombi,Eşyalı Değil,Mülk Sahibi,Kat Mülkiyeti,"Kuzey, Doğu, Batı",,https://www.hepsiemlak.com/ankara-cankaya-yukari-bahcelievler-satilik/daire/1124-6199
55521-745,Muradiye,Osmangazi,Bursa,1.795.000 TL,90,80,2 + 1,1,5 Katlı,Bahçe Katı,30 Yaşında,Kombi,Eşyalı Değil,Mülk Sahibi,Kat İrtifakı,,,https://www.hepsiemlak.com/bursa-osmangazi-muradiye-satilik/daire/55521-745
55521-734,Hamzabey,Osmangazi,Bursa,2.780.000 TL,85,80,2 + 1,1,3 Katlı,1. Kat,16 Yaşında,Kombi,Eşyalı Değil,Mülk Sahibi,Kat İrtifakı,,,https://www.hepsiemlak.com/bursa-osmangazi-hamzabey-satilik/daire/55521-734
131628-56,Çankaya,Kepez,Antalya,14.200.000 TL,122,100,3 + 1,2,7 Katlı,Ara Kat,Sıfır Bina,Kombi,Eşyalı Değil,Boş,Kat İrtifakı,"Kuzey, Güney, Doğu",2.000 TL,https://www.hepsiemlak.com/antalya-kepez-cankaya-satilik/daire/131628-56
156127-203,Kasımpaşa,Menemen,İzmir,4.300.000 TL,135,115,3 + 1,1,4 Katlı,3. Kat,16 Yaşında,Kombi,Eşyalı Değil,Mülk Sahibi,Kat İrtifakı,,,https://www.hepsiemlak.com/izmir-menemen-kasimpasa-satilik/daire/156127-203
156127-202,İsmet İnönü,Menemen,İzmir,5.750.000 TL,130,120,3 + 1,2,10 Katlı,1. Kat,1 Yaşında,Kombi,Eşyalı Değil,Boş,Kat İrtifakı,,,https://www.hepsiemlak.com/izmir-menemen-ismet-inonu-satilik/daire/156127-202
135142-562,Buharaevler,Merkez,Çorum,2.150.000 TL,140,135,3 + 1,1,5 Katlı,Giriş Katı,25 Yaşında,Kombi,,Boş,Kat Mülkiyeti,,,https://www.hepsiemlak.com/corum-merkez-buharaevler-satilik/daire/135142-562
18073-2211,Bostanlı,Karşıyaka,İzmir,5.950.000 TL,109,90,2 + 1,1,5 Katlı,Yüksek Giriş,29 Yaşında,Kombi,Eşyalı Değil,,Kat İrtifakı,,750 TL,https://www.hepsiemlak.com/izmir-karsiyaka-bostanli-satilik/daire/18073-2211
18073-2187,Yalı,Karşıyaka,İzmir,11.000.000 TL,130,110,3 + 1,2,8 Katlı,8. Kat,Sıfır Bina,Merkezi,Eşyalı Değil,Boş,Kat Mülkiyeti,Batı,1.000 TL,https://www.hepsiemlak.com/izmir-karsiyaka-yali-satilik/daire/18073-2187
151890-137,Ovacık,Keçiören,Ankara,7.395.000 TL,102,86,2 + 1,2,22 Katlı,4. Kat,Sıfır Bina,Yerden Isıtma,Eşyalı Değil,Boş,Kat İrtifakı,Doğu,,https://www.hepsiemlak.com/ankara-kecioren-ovacik-satilik/daire/151890-137
69820-1403,Diriliş,Mamak,Ankara,3.750.000 TL,128,120,3 + 1,2,15 Katlı,13. Kat,7 Yaşında,Merkezi (Pay Öl...,Eşyalı Değil,,İntifa Hakkı Te...,"Kuzey, Güney, Doğu, Batı",1.100 TL,https://www.hepsiemlak.com/ankara-mamak-dirilis-satilik/daire/69820-1403
132217-697,Adnan Kahveci,Beylikdüzü,İstanbul,6.750.000 TL,160,150,3 + 1,2,15 Katlı,2. Kat,15 Yaşında,Kombi,Eşyalı Değil,Boş,Kat Mülkiyeti,"Kuzey, Güney, Doğu",,https://www.hepsiemlak.com/istanbul-beylikduzu-adnan-kahveci-satilik/daire/132217-697
160204-152,Tepeören,Tuzla,İstanbul,44.000.000 TL,500,400,5 + 2,6,3 Katlı,,11 Yaşında,Yerden Isıtma,Eşyalı Değil,Mülk Sahibi,Kat Mülkiyeti,"Kuzey, Güney, Doğu, Batı",10.000 TL,https://www.hepsiemlak.com/istanbul-tuzla-tepeoren-satilik/villa/160204-152
19492-2664,Turgutreis,Bodrum,Muğla,16.500.000 TL,145,130,4 + 1,2,3 Katlı,3. Kat,11 Yaşında,Klima,Eşyalı,Mülk Sahibi,Kat Mülkiyeti,"Güney, Batı",1.750 TL,https://www.hepsiemlak.com/mugla-bodrum-turgutreis-satilik/daire/19492-2664
129481-1459,Şehremini,Fatih,İstanbul,2.300.000 TL,72,70,1 + 1,1,2 Katlı,Bodrum,30 Yaşında,Kombi,Eşyalı Değil,Kiracılı,Kat Mülkiyeti,,,https://www.hepsiemlak.com/istanbul-fatih-sehremini-satilik/daire/129481-1459
129481-1458,Mevlanakapı,Fatih,İstanbul,2.350.000 TL,75,70,1 + 1,1,3 Katlı,Yüksek Giriş,30 Yaşında,Kombi,Eşyalı Değil,Kiracılı,Kat Mülkiyeti,,,https://www.hepsiemlak.com/istanbul-fatih-mevlanakapi-satilik/daire/129481-1458
68738-427,Gümüşsuyu,Beyoğlu,İstanbul,9.900.000 TL,85,75,2 + 1,1,6 Katlı,1. Kat,60 Yaşında,Kombi,Eşyalı Değil,Kiracılı,Kat Mülkiyeti,Batı,1.000 TL,https://www.hepsiemlak.com/istanbul-beyoglu-gumussuyu-satilik/daire/68738-427
157972-93,Avsallar,Alanya,Antalya,2.825.000 TL,65,53,1 + 1,1,6 Katlı,3. Kat,Sıfır Bina,Klima,Eşyalı,Boş,Kat Mülkiyeti,Güney,1.500 TL,https://www.hepsiemlak.com/antalya-alanya-avsallar-satilik/daire/157972-93
170140-17,Akşemsettin,Sincan,Ankara,3.747.000 TL,130,120,3 + 1,1,4 Katlı,1. Kat,14 Yaşında,Kombi,Eşyalı Değil,Boş,Kat Mülkiyeti,"Güney, Doğu",100 TL,https://www.hepsiemlak.com/ankara-sincan-aksemsettin-satilik/daire/170140-17
124662-1529,Ertuğrulgazi,Sincan,Ankara,3.789.000 TL,125,119,3 + 1,1,4 Katlı,2. Kat,25 Yaşında,Kombi,Eşyalı Değil,Mülk Sahibi,Kat Mülkiyeti,"Güney, Doğu",300 TL,https://www.hepsiemlak.com/ankara-sincan-ertugrulgazi-satilik/daire/124662-1529
162554-1,Altınşehir,Merkez,Adıyaman,2.850.000 TL,155,143,3 + 1,2,8 Katlı,3. Kat,11 Yaşında,Merkezi,Eşyalı Değil,Kiracılı,Kat Mülkiyeti,Kuzey,1.500 TL,https://www.hepsiemlak.com/adiyaman-merkez-altinsehir-satilik/daire/162554-1
2744-14114,Sokullu Mehmet Paşa,Çankaya,Ankara,5.750.000 TL,120,115,3 + 1,1,3 Katlı,3. Kat,28 Yaşında,Kombi,Eşyalı Değil,Mülk Sahibi,Kat Mülkiyeti,"Güney, Batı",200 TL,https://www.hepsiemlak.com/ankara-cankaya-sokullu-mehmet-pasa-satilik/daire/2744-14114
169864-6,Yenidoğan,Zeytinburnu,İstanbul,3.950.000 TL,75,68,2 + 1,1,3 Katlı,Yüksek Giriş,35 Yaşında,Kombi,Eşyalı Değil,Belirtilmemiş,Kat Mülkiyeti,,,https://www.hepsiemlak.com/istanbul-zeytinburnu-yenidogan-satilik/daire/169864-6
9766-1239,Büyükesat,Çankaya,Ankara,12.000.000 TL,220,200,4 + 1,2,2 Katlı,2. Kat,33 Yaşında,Merkezi,Eşyalı Değil,Boş,Kat Mülkiyeti,"Doğu, Batı",2.500 TL,https://www.hepsiemlak.com/ankara-cankaya-buyukesat-satilik/daire/9766-1239
117629-4695,Sunullah,Bandırma,Balıkesir,6.000.000 TL,136,135,3 + 0,2,2 Katlı,En Üst Kat,3 Yaşında,Kombi,,Mülk Sahibi,Kat Mülkiyeti,,,https://www.hepsiemlak.com/balikesir-bandirma-sunullah-satilik/daire/117629-4695
139790-154,Tınaztepe,Çankaya,Ankara,9.250.000 TL,120,110,3 + 1,1,4 Katlı,2. Kat,Sıfır Bina,Yerden Isıtma,Eşyalı Değil,Boş,Kat İrtifakı,"Güney, Doğu",,https://www.hepsiemlak.com/ankara-cankaya-tinaztepe-satilik/daire/139790-154
139785-200,Güzelhisar,Akyurt,Ankara,1.490.000 TL,115,110,3 + 1,2,4 Katlı,3. Kat,11 Yaşında,Kombi,Eşyalı Değil,Boş,Kat Mülkiyeti,"Güney, Doğu",100 TL,https://www.hepsiemlak.com/ankara-akyurt-guzelhisar-satilik/daire/139785-200
139785-206,Yıldırım,Akyurt,Ankara,5.095.000 TL,145,125,3 + 1,2,3 Katlı,3. Kat,Sıfır Bina,Yerden Isıtma,Eşyalı Değil,Boş,Kat Mülkiyeti,"Güney, Doğu",150 TL,https://www.hepsiemlak.com/ankara-akyurt-yildirim-satilik/daire/139785-206
161216-1,Topçular,Gölcük,Kocaeli,8.550.000 TL,210,164,4 + 1,1,2 Katlı,,12 Yaşında,Kombi,Eşyalı Değil,Boş,Kat Mülkiyeti,"Kuzey, Güney, Doğu, Batı",,https://www.hepsiemlak.com/kocaeli-golcuk-topcular-satilik/villa/161216-1
144780-312,Seyrantepe,Kağıthane,İstanbul,37.500.000 TL,200,150,4 + 1,2,9 Katlı,4. Kat,5 Yaşında,Merkezi (Pay Öl...,Eşyalı Değil,Boş,Kat Mülkiyeti,"Kuzey, Güney, Doğu, Batı",,https://www.hepsiemlak.com/istanbul-kagithane-seyrantepe-satilik/daire/144780-312
158736-25,Yayla,Keçiören,Ankara,4.400.000 TL,95,85,3 + 1,1,4 Katlı,2. Kat,13 Yaşında,Kombi,Eşyalı Değil,Boş,Kat Mülkiyeti,,400 TL,https://www.hepsiemlak.com/ankara-kecioren-yayla-satilik/daire/158736-25
77808-298,Atatürk,Yatağan,Muğla,4.350.000 TL,125,115,3 + 1,1,5 Katlı,5. Kat,25 Yaşında,Kombi,Eşyalı Değil,Boş,Müstakil Tapulu,Batı,200 TL,https://www.hepsiemlak.com/mugla-yatagan-ataturk-satilik/daire/77808-298
144780-259,Seyrantepe,Kağıthane,İstanbul,32.850.000 TL,218,150,4 + 1,2,8 Katlı,5. Kat,5 Yaşında,Merkezi (Pay Öl...,Eşyalı Değil,Boş,Kat Mülkiyeti,"Kuzey, Güney, Doğu, Batı",,https://www.hepsiemlak.com/istanbul-kagithane-seyrantepe-satilik/daire/144780-259
144780-286,Çağlayan,Kağıthane,İstanbul,5.600.000 TL,54,35,1 + 1,1,14 Katlı,12. Kat,6 Yaşında,Yerden Isıtma,Eşyalı Değil,Boş,Kat Mülkiyeti,"Kuzey, Güney, Doğu, Batı",4.000 TL,https://www.hepsiemlak.com/istanbul-kagithane-caglayan-satilik/residence/144780-286
6680-23996,Ambarlı,Avcılar,İstanbul,5.850.000 TL,90,85,2 + 1,1,5 Katlı,Giriş Katı,5 Yaşında,Kombi,Eşyalı Değil,Mülk Sahibi,Kat Mülkiyeti,"Güney, Doğu",500 TL,https://www.hepsiemlak.com/istanbul-avcilar-ambarli-satilik/daire/6680-23996
123596-269,Altınşehir,Başakşehir,İstanbul,5.175.000 TL,120,105,3 + 1,2,4 Katlı,Yüksek Giriş,1 Yaşında,Kombi,Eşyalı Değil,Kiracılı,Kat Mülkiyeti,"Güney, Doğu, Batı",300 TL,https://www.hepsiemlak.com/istanbul-basaksehir-altinsehir-satilik/daire/123596-269
149756-89,Esentepe,Kepez,Antalya,7.150.000 TL,190,170,5 + 1,2,3 Katlı,En Üst Kat,Sıfır Bina,Klima,Eşyalı Değil,Boş,Kat İrtifakı,"Güney, Batı",1 TL,https://www.hepsiemlak.com/antalya-kepez-esentepe-satilik/daire/149756-89
124662-1514,Mareşal Çakmak,Sincan,Ankara,3.950.000 TL,135,125,3 + 1,1,3 Katlı,1. Kat,19 Yaşında,Kombi,,Boş,Kat Mülkiyeti,"Güney, Doğu",,https://www.hepsiemlak.com/ankara-sincan-maresal-cakmak-satilik/daire/124662-1514
124662-1513,İstasyon,Sincan,Ankara,3.519.000 TL,130,120,3 + 1,1,3 Katlı,2. Kat,20 Yaşında,Kombi,Eşyalı Değil,Boş,Kat Mülkiyeti,,,https://www.hepsiemlak.com/ankara-sincan-istasyon-satilik/daire/124662-1513
168548-9,Büyükdere,Havran,Balıkesir,4.999.000 TL,130,120,3 + 1,1,2 Katlı,,31 Yaşında,Soba,Eşyalı,Mülk Sahibi,Arsa,,,https://www.hepsiemlak.com/balikesir-havran-buyukdere-satilik/mustakil-ev/168548-9
168548-20,Pelitköy,Burhaniye,Balıkesir,15.750.000 TL,400,330,4 + 1,3,3 Katlı,Bahçe Katı,6 Yaşında,Kombi,Eşyalı Değil,Mülk Sahibi,Kat Mülkiyeti,"Kuzey, Batı",1.555 TL,https://www.hepsiemlak.com/balikesir-burhaniye-pelitkoy-satilik/villa/168548-20
168958-2,Ataevler,Nilüfer,Bursa,9.450.000 TL,140,120,3 + 1,2,10 Katlı,4. Kat,Sıfır Bina,Kombi,Eşyalı Değil,,Kat Mülkiyeti,"Kuzey, Batı",,https://www.hepsiemlak.com/bursa-nilufer-ataevler-satilik/daire/168958-2
27748-865,İlkadım,Çankaya,Ankara,5.500.000 TL,129,114,3 + 1,1,4 Katlı,2. Kat,30 Yaşında,Kombi,Eşyalı Değil,Boş,Kat Mülkiyeti,"Güney, Batı",400 TL,https://www.hepsiemlak.com/ankara-cankaya-ilkadim-satilik/daire/27748-865
169951-9,Çengelköy,Üsküdar,İstanbul,7.750.000 TL,80,75,2 + 1,1,3 Katlı,3. Kat,31 Yaşında,Klima,Eşyalı Değil,Boş,Kat Mülkiyeti,,,https://www.hepsiemlak.com/istanbul-uskudar-cengelkoy-satilik/daire/169951-9
152126-16,Fatih,Bucak,Burdur,6.000.000 TL,119,100,3 + 1,1,3 Katlı,Zemin,Sıfır Bina,Kombi,Eşyalı Değil,Boş,Kat İrtifakı,"Kuzey, Güney, Doğu",1 TL,https://www.hepsiemlak.com/burdur-bucak-fatih-satilik/daire/152126-16
125062-1154,Tosmur,Alanya,Antalya,3.700.000 TL,53,50,1 + 1,1,10 Katlı,Ara Kat,2 Yaşında,Klima,Eşyalı Değil,,Yabancıdan,Güney,,https://www.hepsiemlak.com/antalya-alanya-tosmur-satilik/daire/125062-1154
125062-1158,Kargıcak,Alanya,Antalya,13.350.000 TL,240,230,3 + 1,4,5 Katlı,En Üst Kat,10 Yaşında,Klima,Eşyalı,Boş,Yabancıdan,Güney,,https://www.hepsiemlak.com/antalya-alanya-kargicak-satilik/daire/125062-1158
125062-1152,Mahmutlar,Alanya,Antalya,3.600.000 TL,53,50,1 + 1,1,5 Katlı,Ara Kat,2 Yaşında,Klima,Eşyalı,Boş,Yabancıdan,Güney,1.250 TL,https://www.hepsiemlak.com/antalya-alanya-mahmutlar-satilik/daire/125062-1152
125062-1157,Mahmutlar,Alanya,Antalya,3.185.000 TL,40,35,1 + 0,1,7 Katlı,Ara Kat,4 Yaşında,Klima,Eşyalı Değil,Boş,Yabancıdan,Doğu,,https://www.hepsiemlak.com/antalya-alanya-mahmutlar-satilik/daire/125062-1157
14072-13777,İlkadım,Çankaya,Ankara,4.990.000 TL,110,100,3 + 1,1,3 Katlı,1. Kat,31 Yaşında,Merkezi,Eşyalı Değil,Boş,Kat Mülkiyeti,"Kuzey, Batı",,https://www.hepsiemlak.com/ankara-cankaya-ilkadim-satilik/daire/14072-13777
170264-78,Menderes,Mezitli,Mersin,6.190.000 TL,185,135,4 + 1,2,15 Katlı,15. Kat,11 Yaşında,Kombi,Eşyalı Değil,Boş,Kat Mülkiyeti,"Kuzey, Güney, Doğu",,https://www.hepsiemlak.com/mersin-mezitli-menderes-satilik/daire/170264-78
1386-222,Yavuz Selim,Etimesgut,Ankara,9.950.000 TL,300,244,5 + 1,2,3 Katlı,Bahçe Katı,16 Yaşında,Kombi,Eşyalı Değil,Boş,Kat Mülkiyeti,"Doğu, Batı",,https://www.hepsiemlak.com/ankara-etimesgut-yavuz-selim-satilik/villa/1386-222
2078-8341,Emek,Sancaktepe,İstanbul,10.950.000 TL,108,80,2 + 1,1,10 Katlı,6. Kat,12 Yaşında,Merkezi,Eşyalı Değil,Boş,Kat Mülkiyeti,"Kuzey, Güney",8.200 TL,https://www.hepsiemlak.com/istanbul-sancaktepe-emek-satilik/daire/2078-8341
2078-8293,Emek,Sancaktepe,İstanbul,13.200.000 TL,118,81,2 + 1,1,10 Katlı,Bahçe Katı,11 Yaşında,Merkezi (Pay Öl...,Eşyalı Değil,Mülk Sahibi,Kat Mülkiyeti,"Kuzey, Güney",6.905 TL,https://www.hepsiemlak.com/istanbul-sancaktepe-emek-satilik/daire/2078-8293
146239-170,İsmetpaşa,Bafra,Samsun,2.650.000 TL,135,125,3 + 1,1,4 Katlı,1. Kat,35 Yaşında,Kombi,Eşyalı Değil,Boş,Kooperatiften H...,"Güney, Doğu",400 TL,https://www.hepsiemlak.com/samsun-bafra-ismetpasa-satilik/daire/146239-170
146239-174,Tabakhane,Bafra,Samsun,3.375.000 TL,145,140,3 + 1,2,5 Katlı,2. Kat,15 Yaşında,Kombi,Eşyalı,Boş,Kooperatiften H...,"Güney, Doğu",400 TL,https://www.hepsiemlak.com/samsun-bafra-tabakhane-satilik/daire/146239-174
146239-182,Denizevleri,Atakum,Samsun,3.850.000 TL,135,125,3 + 1,1,5 Katlı,2. Kat,35 Yaşında,Kombi,Eşyalı Değil,Boş,Kooperatiften H...,"Kuzey, Güney",500 TL,https://www.hepsiemlak.com/samsun-atakum-denizevleri-satilik/daire/146239-182
130477-198,Aşıkpaşa,Merkez,Kırşehir,1.590.000 TL,100,80,2 + 1,1,7 Katlı,Ara Kat,27 Yaşında,Kombi,Eşyalı Değil,Mülk Sahibi,Kat İrtifakı,"Kuzey, Doğu",,https://www.hepsiemlak.com/kirsehir-merkez-asikpasa-satilik/daire/130477-198
169721-7,Mehtap,Mamak,Ankara,3.215.000 TL,110,100,3 + 1,1,3 Katlı,2. Kat,21 Yaşında,Kombi,Eşyalı Değil,Boş,Kat Mülkiyeti,"Güney, Batı",,https://www.hepsiemlak.com/ankara-mamak-mehtap-satilik/daire/169721-7
169721-22,Küçük Kayaş,Mamak,Ankara,3.645.000 TL,90,75,2 + 1,1,21 Katlı,4. Kat,Sıfır Bina,Merkezi (Pay Öl...,Eşyalı Değil,Boş,Kat İrtifakı,,,https://www.hepsiemlak.com/ankara-mamak-kucuk-kayas-satilik/daire/169721-22
125635-611,Zafer,Tepebaşı,Eskişehir,1.800.000 TL,85,70,2 + 0,1,3 Katlı,1. Kat,5 Yaşında,Kombi,Eşyalı Değil,Kiracılı,Kat Mülkiyeti,"Güney, Doğu",75 TL,https://www.hepsiemlak.com/eskisehir-tepebasi-zafer-satilik/daire/125635-611
169721-11,Demirlibahçe,Mamak,Ankara,4.100.000 TL,80,70,2 + 1,1,3 Katlı,Yarı Bodrum,21 Yaşında,Kombi,Eşyalı Değil,Kiracılı,Kat Mülkiyeti,Güney,250 TL,https://www.hepsiemlak.com/ankara-mamak-demirlibahce-satilik/daire/169721-11
93326-23,Erikliman,Merkez,Giresun,2.500.000 TL,60,55,1 + 1,1,9 Katlı,8. Kat,Sıfır Bina,Kombi,Eşyalı Değil,Boş,Kat İrtifakı,,250 TL,https://www.hepsiemlak.com/giresun-merkez-erikliman-satilik/daire/93326-23
168939-206,Yalıncak,Ortahisar,Trabzon,8.000.000 TL,175,155,3 + 1,2,8 Katlı,3. Kat,5 Yaşında,Kombi,Eşyalı,Boş,Yabancıdan,"Kuzey, Batı",,https://www.hepsiemlak.com/trabzon-ortahisar-yalincak-satilik/daire/168939-206
93326-39,Hacımiktat,Merkez,Giresun,2.300.000 TL,140,120,3 + 1,1,4 Katlı,3. Kat,25 Yaşında,Kombi,Eşyalı Değil,Boş,Kat İrtifakı,,,https://www.hepsiemlak.com/giresun-merkez-hacimiktat-satilik/daire/93326-39
93326-7,Erikliman,Merkez,Giresun,3.580.000 TL,90,80,2 + 1,1,9 Katlı,1. Kat,Sıfır Bina,Kombi,Eşyalı Değil,Boş,Kat İrtifakı,,250 TL,https://www.hepsiemlak.com/giresun-merkez-erikliman-satilik/daire/93326-7
80923-129,İstiklal,Menemen,İzmir,5.100.000 TL,150,130,3 + 1,2,6 Katlı,5. Kat,3 Yaşında,Kombi,Eşyalı Değil,Boş,Kat Mülkiyeti,"Kuzey, Güney, Doğu, Batı",1.650 TL,https://www.hepsiemlak.com/izmir-menemen-istiklal-satilik/daire/80923-129
47576-1261,İnönü,Şişli,İstanbul,4.800.000 TL,85,80,2 + 1,1,5 Katlı,Giriş Katı,15 Yaşında,Kombi,Eşyalı Değil,Boş,Kat Mülkiyeti,Güney,300 TL,https://www.hepsiemlak.com/istanbul-sisli-inonu-satilik/daire/47576-1261
47576-1264,Paşa,Şişli,İstanbul,3.750.000 TL,85,80,2 + 1,1,6 Katlı,4. Kat,35 Yaşında,Kombi,Eşyalı Değil,Kiracılı,Kat Mülkiyeti,Güney,300 TL,https://www.hepsiemlak.com/istanbul-sisli-pasa-satilik/daire/47576-1264
138294-809,Fatih,Melikgazi,Kayseri,2.090.000 TL,110,80,2 + 1,1,3 Katlı,Yüksek Giriş,5 Yaşında,Kombi,Eşyalı Değil,Boş,Kat Mülkiyeti,"Kuzey, Güney, Doğu, Batı",,https://www.hepsiemlak.com/kayseri-melikgazi-fatih-satilik/daire/138294-809
64204-1557,Merkez Fatih,Yeşilyurt,Malatya,6.250.000 TL,175,165,3 + 1,2,3 Katlı,2. Kat,11 Yaşında,Kombi,Eşyalı Değil,Mülk Sahibi,Kat İrtifakı,,,https://www.hepsiemlak.com/malatya-yesilyurt-merkez-fatih-satilik/daire/64204-1557
144436-205,Adatepe,Buca,İzmir,2.930.000 TL,55,50,1 + 1,1,2 Katlı,1. Kat,6 Yaşında,Klima,Eşyalı,Kiracılı,Kat İrtifakı,,1 TL,https://www.hepsiemlak.com/izmir-buca-adatepe-satilik/daire/144436-205
22114-13035,Metin Akkuş,Çankaya,Ankara,6.550.000 TL,120,110,3 + 1,1,2 Katlı,1. Kat,28 Yaşında,Kombi,Eşyalı Değil,Mülk Sahibi,Kat Mülkiyeti,"Kuzey, Doğu",250 TL,https://www.hepsiemlak.com/ankara-cankaya-metin-akkus-satilik/daire/22114-13035
22114-13038,Naci Çakır,Çankaya,Ankara,11.500.000 TL,160,140,3 + 1,1,10 Katlı,9. Kat,30 Yaşında,Merkezi,Eşyalı Değil,Mülk Sahibi,Kat Mülkiyeti,"Güney, Batı",3.300 TL,https://www.hepsiemlak.com/ankara-cankaya-naci-cakir-satilik/daire/22114-13038
22114-13032,Malazgirt,Çankaya,Ankara,5.490.000 TL,110,100,3 + 1,1,5 Katlı,Yüksek Giriş,20 Yaşında,Kombi,Eşyalı Değil,Mülk Sahibi,Kat Mülkiyeti,"Kuzey, Doğu",300 TL,https://www.hepsiemlak.com/ankara-cankaya-malazgirt-satilik/daire/22114-13032
22114-13036,Aydınlar,Çankaya,Ankara,8.590.000 TL,190,170,4 + 1,2,3 Katlı,3. Kat,30 Yaşında,Kombi,Eşyalı Değil,Mülk Sahibi,Kat Mülkiyeti,"Kuzey, Doğu",350 TL,https://www.hepsiemlak.com/ankara-cankaya-aydinlar-satilik/daire/22114-13036
148169-198,Aratol İstiklal,Merkez,Aksaray,1.249.000 TL,55,42,1 + 1,1,3 Katlı,2. Kat,Sıfır Bina,Kombi,Eşyalı Değil,Boş,Kat Mülkiyeti,Batı,300 TL,https://www.hepsiemlak.com/aksaray-merkez-aratol-istiklal-satilik/daire/148169-198
26775-2552,Naci Çakır,Çankaya,Ankara,4.395.000 TL,125,115,3 + 1,1,3 Katlı,Giriş Katı,31 Yaşında,Kombi,Eşyalı Değil,Boş,Kat Mülkiyeti,"Kuzey, Doğu",200 TL,https://www.hepsiemlak.com/ankara-cankaya-naci-cakir-satilik/daire/26775-2552
16761-33317,İlkadım,Çankaya,Ankara,4.990.000 TL,105,95,2 + 1,1,3 Katlı,Giriş Katı,28 Yaşında,Kombi,Eşyalı Değil,Boş,Kat Mülkiyeti,"Güney, Doğu",350 TL,https://www.hepsiemlak.com/ankara-cankaya-ilkadim-satilik/daire/16761-33317
158362-1065,Yaya,Gömeç,Balıkesir,7.750.000 TL,225,110,2 + 1,1,2 Katlı,,16 Yaşında,Kombi,Eşyalı Değil,Mülk Sahibi,Kat Mülkiyeti,"Kuzey, Güney, Doğu, Batı",,https://www.hepsiemlak.com/balikesir-gomec-yaya-satilik/villa/158362-1065
4367-6245,Durali Alıç,Mamak,Ankara,8.600.000 TL,145,135,3 + 1,2,12 Katlı,2. Kat,16 Yaşında,Kombi,Eşyalı Değil,Boş,Kat Mülkiyeti,"Güney, Batı",2.000 TL,https://www.hepsiemlak.com/ankara-mamak-durali-alic-satilik/daire/4367-6245
77045-2784,Hüdavendigar,Osmangazi,Bursa,7.500.000 TL,250,170,4 + 1,1,6 Katlı,6. Kat,25 Yaşında,Kombi,Eşyalı Değil,Boş,Kat İrtifakı,"Kuzey, Doğu, Batı",250 TL,https://www.hepsiemlak.com/bursa-osmangazi-hudavendigar-satilik/daire/77045-2784
3483-6592,Aydınlar,Çankaya,Ankara,4.975.000 TL,110,100,2 + 1,1,2 Katlı,Bahçe Katı,21 Yaşında,Kombi,Eşyalı Değil,Boş,Kat Mülkiyeti,"Güney, Doğu",300 TL,https://www.hepsiemlak.com/ankara-cankaya-aydinlar-satilik/daire/3483-6592
18510-20033,Tevfik İleri,Pursaklar,Ankara,9.350.000 TL,180,165,4 + 1,2,17 Katlı,7. Kat,Sıfır Bina,Yerden Isıtma,Eşyalı Değil,Boş,Yabancıdan,Güney,,https://www.hepsiemlak.com/ankara-pursaklar-tevfik-ileri-satilik/daire/18510-20033
97134-1790,Arnavutköy,Beşiktaş,İstanbul,18.000.000 TL,85,75,2 + 1,1,4 Katlı,1. Kat,29 Yaşında,Merkezi,Eşyalı Değil,,Kat Mülkiyeti,"Kuzey, Güney, Doğu",,https://www.hepsiemlak.com/istanbul-besiktas-arnavutkoy-satilik/daire/97134-1790
47774-443,Siteler,Çiftlikköy,Yalova,3.950.000 TL,70,65,2 + 1,1,3 Katlı,Kot 3,4 Yaşında,Kombi,Eşyalı Değil,Boş,Kat İrtifakı,"Güney, Batı",300 TL,https://www.hepsiemlak.com/yalova-ciftlikkoy-siteler-satilik/daire/47774-443
47774-440,Sahil,Çiftlikköy,Yalova,2.400.000 TL,110,95,2 + 1,1,4 Katlı,2. Kat,32 Yaşında,Kombi,Eşyalı,Kiracılı,Kat İrtifakı,Güney,200 TL,https://www.hepsiemlak.com/yalova-ciftlikkoy-sahil-satilik/daire/47774-440
165744-22,Çıtlakkale,Merkez,Giresun,6.000.000 TL,280,250,9 + 2,2,7 Katlı,6. Kat,20 Yaşında,Kombi,Eşyalı Değil,Mülk Sahibi,Müstakil Tapulu,Batı,,https://www.hepsiemlak.com/giresun-merkez-citlakkale-satilik/daire/165744-22
152558-69,Karaçayır,Merkez,Bolu,3.550.000 TL,110,100,2 + 1,1,3 Katlı,1. Kat,20 Yaşında,Kombi,Eşyalı Değil,Boş,Kat Mülkiyeti,"Kuzey, Doğu",,https://www.hepsiemlak.com/bolu-merkez-karacayir-satilik/daire/152558-69
90948-965,Bahçelievler,Merkez,Bolu,2.300.000 TL,60,50,1 + 1,1,5 Katlı,5. Kat,12 Yaşında,Kombi,Eşyalı Değil,,Kat Mülkiyeti,,,https://www.hepsiemlak.com/bolu-merkez-bahcelievler-satilik/daire/90948-965
159822-65,İncivez,Merkez,Zonguldak,2.100.000 TL,50,45,1 + 1,1,7 Katlı,1. Kat,10 Yaşında,Kombi,Eşyalı Değil,Boş,Kat Mülkiyeti,"Güney, Doğu, Batı",,https://www.hepsiemlak.com/zonguldak-merkez-incivez-satilik/daire/159822-65
82622-2003,Zafer,Süleymanpaşa,Tekirdağ,1.750.000 TL,95,84,2 + 1,1,4 Katlı,5. Kat,18 Yaşında,Kombi,Eşyalı Değil,Boş,Kat İrtifakı,"Güney, Doğu",,https://www.hepsiemlak.com/tekirdag-suleymanpasa-zafer-satilik/daire/82622-2003
76857-1935,Erenköy,Kadıköy,İstanbul,26.950.000 TL,160,140,3 + 1,2,7 Katlı,6. Kat,26 Yaşında,Merkezi,Eşyalı Değil,Boş,Kat İrtifakı,,,https://www.hepsiemlak.com/istanbul-kadikoy-erenkoy-satilik/daire/76857-1935
169811-4,Yıldıztepe,Bağcılar,İstanbul,3.200.000 TL,85,80,2 + 1,1,4 Katlı,4. Kat,11 Yaşında,Kombi,Eşyalı Değil,Mülk Sahibi,Kat İrtifakı,,,https://www.hepsiemlak.com/istanbul-bagcilar-yildiztepe-satilik/daire/169811-4
74571-282,Nuripaşa,Zeytinburnu,İstanbul,8.500.000 TL,125,115,3 + 1,1,3 Katlı,1. Kat,11 Yaşında,Kombi,Eşyalı Değil,Kiracılı,Kat İrtifakı,Batı,,https://www.hepsiemlak.com/istanbul-zeytinburnu-nuripasa-satilik/daire/74571-282
74571-288,Yeşiltepe,Zeytinburnu,İstanbul,2.500.000 TL,55,45,1 + 1,1,4 Katlı,Yüksek Giriş,31 Yaşında,Kombi,Eşyalı Değil,Kiracılı,Kat İrtifakı,,50 TL,https://www.hepsiemlak.com/istanbul-zeytinburnu-yesiltepe-satilik/daire/74571-288
74571-283,Nuripaşa,Zeytinburnu,İstanbul,8.600.000 TL,90,80,2 + 1,1,6 Katlı,4. Kat,Sıfır Bina,Kombi,Eşyalı Değil,Boş,Kat Mülkiyeti,"Doğu, Batı",,https://www.hepsiemlak.com/istanbul-zeytinburnu-nuripasa-satilik/daire/74571-283
169635-3,Bucak,Altınordu,Ordu,5.400.000 TL,136,120,3 + 1,2,9 Katlı,Yüksek Giriş,Sıfır Bina,Kombi,Eşyalı Değil,Boş,Kat İrtifakı,"Güney, Doğu, Batı",,https://www.hepsiemlak.com/ordu-altinordu-bucak-satilik/daire/169635-3
138828-550,Bahçelievler,Burhaniye,Balıkesir,5.150.000 TL,130,90,2 + 1,2,3 Katlı,En Üst Kat,Sıfır Bina,Kombi,Eşyalı Değil,Boş,Kat Mülkiyeti,"Kuzey, Güney, Doğu, Batı",,https://www.hepsiemlak.com/balikesir-burhaniye-bahcelievler-satilik/daire/138828-550
169353-55,Törekent,Sincan,Ankara,7.649.000 TL,180,160,4 + 1,2,15 Katlı,En Üst Kat,Sıfır Bina,Kombi,Eşyalı Değil,Boş,Tapu Yok,Kuzey,,https://www.hepsiemlak.com/ankara-sincan-torekent-satilik/daire/169353-55
114044-264,Karaağaç Şarkonak,Arsuz,Hatay,6.500.000 TL,120,80,2 + 1,2,3 Katlı,Ara Kat,Sıfır Bina,Kombi,Eşyalı Değil,Boş,Kat İrtifakı,"Kuzey, Güney, Doğu",,https://www.hepsiemlak.com/hatay-arsuz-karaagac-sarkonak-satilik/daire/114044-264
168617-4,Kayabaşı,Başakşehir,İstanbul,6.350.000 TL,115,100,3 + 1,2,4 Katlı,1. Kat,Sıfır Bina,Merkezi (Pay Öl...,Eşyalı Değil,Boş,Tapu Yok,,,https://www.hepsiemlak.com/istanbul-basaksehir-kayabasi-satilik/daire/168617-4
28888-2072,Atayurt,Etimesgut,Ankara,5.400.000 TL,102,86,2 + 1,2,11 Katlı,1. Kat,Sıfır Bina,Yerden Isıtma,Eşyalı Değil,Boş,Kat Mülkiyeti,"Güney, Doğu",,https://www.hepsiemlak.com/ankara-etimesgut-atayurt-satilik/daire/28888-2072
28888-2038,Atayurt,Etimesgut,Ankara,4.050.000 TL,83,76,2 + 1,2,13 Katlı,2. Kat,Sıfır Bina,Merkezi (Pay Öl...,Eşyalı Değil,Boş,Kat İrtifakı,"Güney, Batı",,https://www.hepsiemlak.com/ankara-etimesgut-atayurt-satilik/daire/28888-2038
131113-223,Muzaffer Türkeş,Merkez,Isparta,5.115.000 TL,165,135,3 + 1,2,6 Katlı,6. Kat,2 Yaşında,Kombi,Eşyalı Değil,Mülk Sahibi,Kat Mülkiyeti,"Kuzey, Doğu, Batı",250 TL,https://www.hepsiemlak.com/isparta-merkez-muzaffer-turkes-satilik/daire/131113-223
145377-352,Zafer,Yalvaç,Isparta,2.300.000 TL,135,125,3 + 1,1,4 Katlı,4. Kat,21 Yaşında,Kombi,Eşyalı Değil,Boş,Kat Mülkiyeti,"Güney, Doğu, Batı",,https://www.hepsiemlak.com/isparta-yalvac-zafer-satilik/daire/145377-352
168221-16,Kalınağıl,Milas,Muğla,3.230.000 TL,844,110,1 + 2,1,2 Katlı,,30 Yaşında,Klima,,,Arsa,,,https://www.hepsiemlak.com/mugla-milas-kalinagil-satilik/mustakil-ev/168221-16
170145-23,Saadetdere,Esenyurt,İstanbul,4.480.000 TL,110,100,2 + 1,1,5 Katlı,4. Kat,4 Yaşında,Kombi,Eşyalı Değil,Boş,Yabancıdan,"Güney, Batı",,https://www.hepsiemlak.com/istanbul-esenyurt-saadetdere-satilik/daire/170145-23
169353-58,Fevzi Çakmak,Sincan,Ankara,4.799.000 TL,135,120,3 + 1,1,4 Katlı,Ara Kat,15 Yaşında,Kombi,Eşyalı Değil,Mülk Sahibi,Kat Mülkiyeti,"Güney, Doğu",,https://www.hepsiemlak.com/ankara-sincan-fevzi-cakmak-satilik/daire/169353-58
130985-814,Yayla,Keçiören,Ankara,4.748.000 TL,145,131,3 + 1,1,3 Katlı,1. Kat,16 Yaşında,Kombi,Eşyalı Değil,Boş,Kat Mülkiyeti,"Güney, Doğu, Batı",100 TL,https://www.hepsiemlak.com/ankara-kecioren-yayla-satilik/daire/130985-814
97141-12580,Göksu,Etimesgut,Ankara,14.850.000 TL,200,176,4 + 1,2,21 Katlı,1. Kat,3 Yaşında,Merkezi (Pay Öl...,Eşyalı Değil,Mülk Sahibi,Kat Mülkiyeti,"Kuzey, Batı",,https://www.hepsiemlak.com/ankara-etimesgut-goksu-satilik/daire/97141-12580
27742-564,Merkez,Kemer,Antalya,12.300.000 TL,160,150,3 + 1,3,3 Katlı,3. Kat,14 Yaşında,Klima,Eşyalı Değil,Mülk Sahibi,Kat Mülkiyeti,"Kuzey, Güney, Doğu, Batı",,https://www.hepsiemlak.com/antalya-kemer-merkez-satilik/daire/27742-564
5422-5321,Öveçler,Çankaya,Ankara,8.750.000 TL,135,125,3 + 1,1,4 Katlı,4. Kat,17 Yaşında,Kombi,Eşyalı,Boş,Kat Mülkiyeti,"Kuzey, Batı",500 TL,https://www.hepsiemlak.com/ankara-cankaya-ovecler-satilik/daire/5422-5321
161746-25,Tacin,Merkez,Aksaray,1.995.000 TL,65,55,1 + 1,1,6 Katlı,Ara Kat,Sıfır Bina,Kombi,Eşyalı,,Kat İrtifakı,,,https://www.hepsiemlak.com/aksaray-merkez-tacin-satilik/daire/161746-25
69537-102847,Merkez,Kağıthane,İstanbul,4.800.000 TL,45,30,1 + 1,1,11 Katlı,7. Kat,5 Yaşında,Kombi,Eşyalı Değil,Boş,Kat Mülkiyeti,Güney,,https://www.hepsiemlak.com/istanbul-kagithane-merkez-satilik/daire/69537-102847
165223-97,Sultaniye,Esenyurt,İstanbul,2.900.000 TL,110,95,2 + 1,1,30 Katlı,21 ve üzeri,3 Yaşında,Merkezi,Eşyalı Değil,Boş,Kat Mülkiyeti,"Güney, Doğu",,https://www.hepsiemlak.com/istanbul-esenyurt-sultaniye-satilik/daire/165223-97
49677-2213,Fevzi Çakmak,Merkez,Uşak,4.660.000 TL,200,170,5 + 0,2,2 Katlı,,28 Yaşında,Kombi,Eşyalı Değil,Kiracılı,Kat Mülkiyeti,"Güney, Doğu, Batı",20 TL,https://www.hepsiemlak.com/usak-merkez-fevzi-cakmak-satilik/mustakil-ev/49677-2213
4891-1316,Bayramoğlu,Darıca,Kocaeli,7.750.000 TL,150,120,3 + 1,1,5 Katlı,3. Kat,Sıfır Bina,Kombi,Eşyalı Değil,Boş,Kat Mülkiyeti,,,https://www.hepsiemlak.com/kocaeli-darica-bayramoglu-satilik/daire/4891-1316
112431-464,Güzelyurt,Merkez,Nevşehir,7.750.000 TL,180,170,3 + 1,1,5 Katlı,Ara Kat,15 Yaşında,Kombi,Eşyalı,,Kat Mülkiyeti,"Kuzey, Güney, Doğu",,https://www.hepsiemlak.com/nevsehir-merkez-guzelyurt-satilik/daire/112431-464
112431-448,2000 Evler,Merkez,Nevşehir,2.150.000 TL,75,60,2 + 1,1,5 Katlı,Yarı Bodrum,26 Yaşında,Kombi,Eşyalı Değil,Kiracılı,Kat Mülkiyeti,"Doğu, Batı",,https://www.hepsiemlak.com/nevsehir-merkez-2000-evler-satilik/daire/112431-448
165001-13,Arpaçbahşiş,Erdemli,Mersin,5.200.000 TL,120,119,2 + 1,1,12 Katlı,12. Kat,21 Yaşında,Klima,Eşyalı Değil,Boş,Kat Mülkiyeti,"Kuzey, Güney",,https://www.hepsiemlak.com/mersin-erdemli-arpacbahsis-satilik/daire/165001-13
75961-224,Zafertepe,Konak,İzmir,4.500.000 TL,85,73,2 + 1,1,4 Katlı,1. Kat,11 Yaşında,Kombi,Eşyalı Değil,Kiracılı,Kat İrtifakı,,,https://www.hepsiemlak.com/izmir-konak-zafertepe-satilik/daire/75961-224
168778-29,Esenevler,Ümraniye,İstanbul,6.200.000 TL,105,90,2 + 1,2,5 Katlı,Giriş Katı,11 Yaşında,Kombi,Eşyalı Değil,Boş,Kat Mülkiyeti,"Kuzey, Güney, Doğu, Batı",,https://www.hepsiemlak.com/istanbul-umraniye-esenevler-satilik/daire/168778-29
106733-752,Çarşı,Yenimahalle,Ankara,4.750.000 TL,100,90,2 + 1,1,4 Katlı,2. Kat,30 Yaşında,Kombi,Eşyalı Değil,Kiracılı,Kat Mülkiyeti,Güney,,https://www.hepsiemlak.com/ankara-yenimahalle-carsi-satilik/daire/106733-752
109158-3447,Mithatpaşa,Eyüpsultan,İstanbul,7.000.000 TL,120,95,2 + 1,1,5 Katlı,Bahçe Katı,Sıfır Bina,Kombi,Eşyalı Değil,Boş,Kat Mülkiyeti,"Güney, Doğu",,https://www.hepsiemlak.com/istanbul-eyupsultan-mithatpasa-satilik/daire/109158-3447
109158-3895,Çırçır,Eyüpsultan,İstanbul,5.450.000 TL,75,65,2 + 1,1,5 Katlı,Bahçe Katı,13 Yaşında,Kombi,Eşyalı Değil,Mülk Sahibi,Kat Mülkiyeti,"Güney, Doğu",250 TL,https://www.hepsiemlak.com/istanbul-eyupsultan-circir-satilik/daire/109158-3895
109158-3891,Ziya Gökalp,Başakşehir,İstanbul,15.500.000 TL,160,115,3 + 1,2,10 Katlı,2. Kat,3 Yaşında,Kombi,Eşyalı Değil,Boş,Kat Mülkiyeti,"Güney, Doğu",,https://www.hepsiemlak.com/istanbul-basaksehir-ziya-gokalp-satilik/daire/109158-3891
109158-3790,İskenderpaşa,Fatih,İstanbul,6.700.000 TL,120,100,3 + 1,1,4 Katlı,3. Kat,21 Yaşında,Kombi,Eşyalı Değil,Boş,Kat Mülkiyeti,"Güney, Doğu",250 TL,https://www.hepsiemlak.com/istanbul-fatih-iskenderpasa-satilik/daire/109158-3790
146775-183,Yeniçiftlik,Marmaraereğlisi,Tekirdağ,9.000.000 TL,220,210,4 + 1,4,3 Katlı,Bahçe Katı,Sıfır Bina,Kombi,Eşyalı Değil,Boş,Kat Mülkiyeti,"Kuzey, Güney, Doğu, Batı",,https://www.hepsiemlak.com/tekirdag-marmaraereglisi-yeniciftlik-satilik/villa/146775-183
146775-69,Dereağzı,Marmaraereğlisi,Tekirdağ,14.750.000 TL,265,250,4 + 1,3,2 Katlı,Bahçe Katı,Sıfır Bina,Yerden Isıtma,Eşyalı Değil,Boş,Kat Mülkiyeti,"Güney, Doğu, Batı",,https://www.hepsiemlak.com/tekirdag-marmaraereglisi-dereagzi-satilik/yazlik/146775-69
166892-52,Akpıyar,Karaköprü,Şanlıurfa,6.900.000 TL,210,185,4 + 1,2,6 Katlı,5. Kat,Sıfır Bina,Kombi,Eşyalı Değil,Boş,Kat İrtifakı,"Kuzey, Güney, Doğu, Batı",,https://www.hepsiemlak.com/sanliurfa-karakopru-akpiyar-satilik/daire/166892-52
146998-28,Barbaros,Bağcılar,İstanbul,4.195.000 TL,70,65,2 + 1,1,3 Katlı,Yüksek Giriş,6 Yaşında,Kombi,Eşyalı Değil,Boş,Kat Mülkiyeti,Güney,,https://www.hepsiemlak.com/istanbul-bagcilar-barbaros-satilik/daire/146998-28
146998-24,Kocasinan Merkez,Bahçelievler,İstanbul,6.290.000 TL,115,100,2 + 1,1,4 Katlı,3. Kat,16 Yaşında,Kombi,Eşyalı Değil,Kiracılı,Kat Mülkiyeti,,,https://www.hepsiemlak.com/istanbul-bahcelievler-kocasinan-merkez-satilik/daire/146998-24
168958-5,Kumla,Gemlik,Bursa,3.550.000 TL,90,75,2 + 1,1,4 Katlı,2. Kat,25 Yaşında,Kombi,Eşyalı Değil,Boş,Kat Mülkiyeti,"Güney, Doğu",300 TL,https://www.hepsiemlak.com/bursa-gemlik-kumla-satilik/daire/168958-5
142457-951,Atatürk,Süleymanpaşa,Tekirdağ,3.500.000 TL,55,48,1 + 1,1,5 Katlı,2. Kat,Sıfır Bina,Yerden Isıtma,Eşyalı Değil,Boş,Yabancıdan,"Kuzey, Güney, Doğu, Batı",,https://www.hepsiemlak.com/tekirdag-suleymanpasa-ataturk-satilik/daire/142457-951
140874-26,Orhangazi,Merkez,Düzce,1.700.000 TL,48,40,1 + 1,1,3 Katlı,Ara Kat,Sıfır Bina,Yerden Isıtma,Eşyalı Değil,Boş,Kat İrtifakı,"Güney, Doğu",,https://www.hepsiemlak.com/duzce-merkez-orhangazi-satilik/daire/140874-26
3413-3535,Zümrütevler,Maltepe,İstanbul,5.900.000 TL,160,150,2 + 2,2,3 Katlı,3. Kat,6 Yaşında,Kombi,Eşyalı Değil,Boş,Kat Mülkiyeti,Güney,1 TL,https://www.hepsiemlak.com/istanbul-maltepe-zumrutevler-satilik/daire/3413-3535
42003-7711,Kurtköy,Pendik,İstanbul,5.100.000 TL,90,72,2 + 1,1,4 Katlı,Zemin,13 Yaşında,Kombi,Eşyalı Değil,Boş,Kat Mülkiyeti,Doğu,,https://www.hepsiemlak.com/istanbul-pendik-kurtkoy-satilik/daire/42003-7711
28888-2071,Atayurt,Etimesgut,Ankara,5.350.000 TL,95,84,2 + 1,2,11 Katlı,2. Kat,Sıfır Bina,Yerden Isıtma,Eşyalı Değil,Boş,Kat Mülkiyeti,"Güney, Batı",,https://www.hepsiemlak.com/ankara-etimesgut-atayurt-satilik/daire/28888-2071
165076-211,Gazi,Sultangazi,İstanbul,7.750.000 TL,180,170,4 + 2,2,5 Katlı,3. Kat,2 Yaşında,Kombi,Eşyalı Değil,Boş,Kat İrtifakı,"Kuzey, Güney",,https://www.hepsiemlak.com/istanbul-sultangazi-gazi-satilik/daire/165076-211
3574-1343,Harbiye,Çankaya,Ankara,7.600.000 TL,150,140,3 + 1,1,5 Katlı,2. Kat,40 Yaşında,Kombi,Eşyalı Değil,Kiracılı,Kat Mülkiyeti,"Güney, Doğu",700 TL,https://www.hepsiemlak.com/ankara-cankaya-harbiye-satilik/daire/3574-1343
170310-13,Soğanlı,Osmangazi,Bursa,3.050.000 TL,130,129,3 + 1,1,1 Katlı,,20 Yaşında,Doğalgaz Sobası,Eşyalı Değil,,Müstakil Tapulu,,1 TL,https://www.hepsiemlak.com/bursa-osmangazi-soganli-satilik/mustakil-ev/170310-13
42003-7522,Kurtköy,Pendik,İstanbul,9.950.000 TL,115,98,3 + 1,2,7 Katlı,2. Kat,1 Yaşında,Merkezi (Pay Öl...,Eşyalı Değil,Boş,Kat Mülkiyeti,"Güney, Doğu",3.500 TL,https://www.hepsiemlak.com/istanbul-pendik-kurtkoy-satilik/daire/42003-7522
7551-3052,Çamlıtepe,Çankaya,Ankara,2.750.000 TL,55,50,1 + 1,1,3 Katlı,Zemin,31 Yaşında,Kombi,Eşyalı,Boş,Kat Mülkiyeti,Doğu,200 TL,https://www.hepsiemlak.com/ankara-cankaya-camlitepe-satilik/daire/7551-3052
7551-3054,Çamlıtepe,Çankaya,Ankara,8.000.000 TL,110,100,3 + 1,2,2 Katlı,Yüksek Giriş,2 Yaşında,Kombi,Eşyalı Değil,Boş,Kat Mülkiyeti,"Güney, Batı",400 TL,https://www.hepsiemlak.com/ankara-cankaya-camlitepe-satilik/daire/7551-3054
65633-1111,Demetlale,Yenimahalle,Ankara,2.575.000 TL,125,120,3 + 1,1,7 Katlı,6. Kat,35 Yaşında,Kombi,Eşyalı Değil,Kiracılı,Kat Mülkiyeti,"Güney, Batı",200 TL,https://www.hepsiemlak.com/ankara-yenimahalle-demetlale-satilik/daire/65633-1111
132583-96,Altayçeşme,Maltepe,İstanbul,9.500.000 TL,86,65,2 + 1,1,6 Katlı,5. Kat,Sıfır Bina,Kombi,Eşyalı Değil,Boş,Tapu Yok,"Kuzey, Doğu",,https://www.hepsiemlak.com/istanbul-maltepe-altaycesme-satilik/daire/132583-96
30521-595,Atatürk,Narlıdere,İzmir,5.650.000 TL,130,115,3 + 1,2,6 Katlı,3. Kat,20 Yaşında,Kombi,Eşyalı Değil,,Kat Mülkiyeti,"Kuzey, Güney, Doğu",,https://www.hepsiemlak.com/izmir-narlidere-ataturk-satilik/daire/30521-595
30521-620,Narlı,Narlıdere,İzmir,6.050.000 TL,90,70,2 + 1,1,6 Katlı,Bahçe Katı,16 Yaşında,Kombi,,,Kat Mülkiyeti,"Kuzey, Güney, Batı",,https://www.hepsiemlak.com/izmir-narlidere-narli-satilik/daire/30521-620
5042-3711,Bahçelievler,Çankaya,Ankara,6.750.000 TL,40,35,1 + 1,1,4 Katlı,Bahçe Katı,Sıfır Bina,Kombi,Eşyalı Değil,Boş,Kat İrtifakı,Kuzey,1.000 TL,https://www.hepsiemlak.com/ankara-cankaya-bahcelievler-satilik/daire/5042-3711
134299-219,Yapracık,Etimesgut,Ankara,15.000.000 TL,102,90,2 + 1,2,13 Katlı,6. Kat,1 Yaşında,Merkezi (Pay Öl...,Eşyalı Değil,Boş,Kat Mülkiyeti,"Kuzey, Güney, Doğu, Batı",2.800 TL,https://www.hepsiemlak.com/ankara-etimesgut-yapracik-satilik/daire/134299-219
71928-1836,Fatih,Sancaktepe,İstanbul,29.000.000 TL,220,195,4 + 1,2,2 Katlı,1. Kat,16 Yaşında,Kombi,Eşyalı Değil,Kiracılı,Kat İrtifakı,,,https://www.hepsiemlak.com/istanbul-sancaktepe-fatih-satilik/villa/71928-1836
134299-224,Çiçekli,İznik,Bursa,4.595.000 TL,280,200,5 + 1,4,2 Katlı,,31 Yaşında,Soba,Eşyalı Değil,Mülk Sahibi,Müstakil Tapulu,"Kuzey, Güney, Doğu, Batı",,https://www.hepsiemlak.com/bursa-iznik-cicekli-satilik/mustakil-ev/134299-224
42003-6247,Celaliye,Büyükçekmece,İstanbul,8.000.000 TL,135,107,3 + 1,2,3 Katlı,Bahçe Katı,1 Yaşında,Kombi,Eşyalı Değil,Boş,Kat Mülkiyeti,"Doğu, Batı",4.500 TL,https://www.hepsiemlak.com/istanbul-buyukcekmece-celaliye-satilik/daire/42003-6247
170144-6,Gazicelal,Edremit,Balıkesir,4.750.000 TL,71,61,1 + 1,1,4 Katlı,Ara Kat,Sıfır Bina,Kombi,Eşyalı Değil,Boş,Yabancıdan,,100 TL,https://www.hepsiemlak.com/balikesir-edremit-gazicelal-satilik/daire/170144-6
42003-7695,Fevzi Çakmak,Pendik,İstanbul,9.350.000 TL,145,105,3 + 1,2,7 Katlı,1. Kat,12 Yaşında,Merkezi (Pay Öl...,Eşyalı Değil,Boş,Kat Mülkiyeti,"Kuzey, Güney, Doğu",,https://www.hepsiemlak.com/istanbul-pendik-fevzi-cakmak-satilik/daire/42003-7695
146629-24,Ege,Kuşadası,Aydın,35.750.000 TL,180,160,3 + 1,2,5 Katlı,5. Kat,11 Yaşında,Kombi,Eşyalı,Mülk Sahibi,Kat Mülkiyeti,"Kuzey, Batı",4.000 TL,https://www.hepsiemlak.com/aydin-kusadasi-ege-satilik/residence/146629-24
169845-32,İstasyon,Küçükçekmece,İstanbul,6.470.000 TL,140,130,3 + 1,2,4 Katlı,4. Kat,6 Yaşında,Kombi,Eşyalı Değil,Mülk Sahibi,Kat Mülkiyeti,Batı,200 TL,https://www.hepsiemlak.com/istanbul-kucukcekmece-istasyon-satilik/daire/169845-32
4367-6154,Güvenevler,Çankaya,Ankara,8.900.000 TL,145,135,4 + 1,1,4 Katlı,2. Kat,45 Yaşında,Merkezi,Eşyalı,Boş,Kat Mülkiyeti,Doğu,4.000 TL,https://www.hepsiemlak.com/ankara-cankaya-guvenevler-satilik/daire/4367-6154
72190-1903,Tınaztepe,Çankaya,Ankara,3.950.000 TL,115,110,3 + 1,1,4 Katlı,3. Kat,45 Yaşında,Kombi,Eşyalı Değil,Boş,Kat Mülkiyeti,"Kuzey, Doğu",50 TL,https://www.hepsiemlak.com/ankara-cankaya-tinaztepe-satilik/daire/72190-1903
147509-53,Merkez,Kemer,Antalya,9.750.000 TL,100,80,2 + 1,1,1 Katlı,2. Kat,19 Yaşında,Klima,Eşyalı,Boş,Kat Mülkiyeti,"Güney, Doğu, Batı",,https://www.hepsiemlak.com/antalya-kemer-merkez-satilik/daire/147509-53
132639-1022,Çiftlikönü,Süleymanpaşa,Tekirdağ,2.800.000 TL,53,43,1 + 1,1,4 Katlı,1. Kat,Sıfır Bina,Kombi,Eşyalı,Mülk Sahibi,Kat İrtifakı,Güney,,https://www.hepsiemlak.com/tekirdag-suleymanpasa-ciftlikonu-satilik/daire/132639-1022
132639-1021,Atatürk,Süleymanpaşa,Tekirdağ,7.450.000 TL,150,130,3 + 1,1,4 Katlı,2. Kat,11 Yaşında,Kombi,Eşyalı Değil,Mülk Sahibi,Kat Mülkiyeti,Doğu,1.500 TL,https://www.hepsiemlak.com/tekirdag-suleymanpasa-ataturk-satilik/daire/132639-1021
132639-1046,Hürriyet,Süleymanpaşa,Tekirdağ,5.500.000 TL,90,85,2 + 1,1,3 Katlı,Bahçe Katı,8 Yaşında,Merkezi (Pay Öl...,Eşyalı,Kiracılı,Kat Mülkiyeti,Güney,2.500 TL,https://www.hepsiemlak.com/tekirdag-suleymanpasa-hurriyet-satilik/daire/132639-1046
132639-1040,Atatürk,Süleymanpaşa,Tekirdağ,22.000.000 TL,300,270,6 + 2,2,2 Katlı,,5 Yaşında,Kombi,Eşyalı Değil,Mülk Sahibi,Kat Mülkiyeti,"Kuzey, Güney, Doğu, Batı",,https://www.hepsiemlak.com/tekirdag-suleymanpasa-ataturk-satilik/villa/132639-1040
136008-215,Menderes,Yenice,Karabük,4.900.000 TL,160,139,3 + 1,2,9 Katlı,9. Kat,5 Yaşında,Kombi,Eşyalı Değil,Kiracılı,Kat Mülkiyeti,,,https://www.hepsiemlak.com/karabuk-yenice-menderes-satilik/daire/136008-215
77162-5293,Güre Cumhuriyet,Edremit,Balıkesir,32.000.000 TL,180,140,3 + 1,3,2 Katlı,,5 Yaşında,Isı Pompası,Eşyalı,Mülk Sahibi,Kat Mülkiyeti,"Güney, Doğu, Batı",2.000 TL,https://www.hepsiemlak.com/balikesir-edremit-gure-cumhuriyet-satilik/villa/77162-5293
43014-3676,Karşıyaka,Gölbaşı,Ankara,99.900.000 TL,550,450,6 + 1,5,2 Katlı,Bahçe Katı,2 Yaşında,Yerden Isıtma,Eşyalı Değil,Mülk Sahibi,Müstakil Tapulu,"Kuzey, Güney, Doğu, Batı",,https://www.hepsiemlak.com/ankara-golbasi-karsiyaka-satilik/villa/43014-3676
124319-580,Fevzi Çakmak,Sincan,Ankara,4.400.000 TL,135,125,3 + 1,2,3 Katlı,1. Kat,Sıfır Bina,Kombi,Eşyalı,Boş,İntifa Hakkı Te...,"Güney, Batı",,https://www.hepsiemlak.com/ankara-sincan-fevzi-cakmak-satilik/daire/124319-580
124319-588,Menderes,Sincan,Ankara,4.450.000 TL,115,105,2 + 1,1,4 Katlı,2. Kat,Sıfır Bina,Kombi,Eşyalı Değil,Boş,İntifa Hakkı Te...,"Güney, Doğu",,https://www.hepsiemlak.com/ankara-sincan-menderes-satilik/daire/124319-588
124319-567,Mustafa Kemal,Sincan,Ankara,5.850.000 TL,165,145,4 + 1,2,4 Katlı,1. Kat,3 Yaşında,Kombi,Eşyalı Değil,Boş,İntifa Hakkı Te...,"Güney, Doğu",,https://www.hepsiemlak.com/ankara-sincan-mustafa-kemal-satilik/daire/124319-567
124319-560,Menderes,Sincan,Ankara,6.200.000 TL,135,125,3 + 1,2,4 Katlı,3. Kat,Sıfır Bina,Kombi,Eşyalı Değil,Boş,İntifa Hakkı Te...,"Güney, Doğu",,https://www.hepsiemlak.com/ankara-sincan-menderes-satilik/daire/124319-560
169973-5,Fatih,Merkez,Isparta,1.900.000 TL,42,38,1 + 1,1,4 Katlı,Ara Kat,15 Yaşında,Merkezi,Eşyalı,Kiracılı,Kat Mülkiyeti,"Kuzey, Güney",,https://www.hepsiemlak.com/isparta-merkez-fatih-satilik/daire/169973-5
65106-1631,İstiklal,Polatlı,Ankara,3.250.000 TL,130,115,2 + 1,1,5 Katlı,Yüksek Giriş,Sıfır Bina,Kombi,Eşyalı Değil,Boş,Kat Mülkiyeti,"Güney, Batı",250 TL,https://www.hepsiemlak.com/ankara-polatli-istiklal-satilik/daire/65106-1631
159145-298,Demetgül,Yenimahalle,Ankara,4.300.000 TL,125,105,3 + 1,1,6 Katlı,3. Kat,36 Yaşında,Kombi,Eşyalı Değil,Boş,Kat Mülkiyeti,"Güney, Batı",550 TL,https://www.hepsiemlak.com/ankara-yenimahalle-demetgul-satilik/daire/159145-298
65106-1638,Şentepe,Polatlı,Ankara,4.150.000 TL,165,135,3 + 1,2,6 Katlı,3. Kat,10 Yaşında,Kombi,Eşyalı Değil,Kiracılı,Yabancıdan,"Kuzey, Güney, Doğu, Batı",350 TL,https://www.hepsiemlak.com/ankara-polatli-sentepe-satilik/daire/65106-1638
159145-309,Kültür,Çankaya,Ankara,4.490.000 TL,120,100,3 + 1,1,3 Katlı,3. Kat,41 Yaşında,Kombi,Eşyalı Değil,Kiracılı,Kat Mülkiyeti,"Güney, Batı",100 TL,https://www.hepsiemlak.com/ankara-cankaya-kultur-satilik/daire/159145-309
159145-347,Mutlu,Mamak,Ankara,5.500.000 TL,116,102,3 + 1,1,8 Katlı,3. Kat,Sıfır Bina,Kombi,Eşyalı Değil,Belirtilmemiş,Kat İrtifakı,"Güney, Batı",,https://www.hepsiemlak.com/ankara-mamak-mutlu-satilik/daire/159145-347
159145-437,Kazım Özalp,Çankaya,Ankara,12.550.000 TL,165,160,3 + 1,2,3 Katlı,2. Kat,31 Yaşında,Merkezi (Pay Öl...,Eşyalı Değil,Mülk Sahibi,Kat Mülkiyeti,Kuzey,1.800 TL,https://www.hepsiemlak.com/ankara-cankaya-kazim-ozalp-satilik/daire/159145-437
159145-272,Esatoğlu,Çankaya,Ankara,6.300.000 TL,115,105,3 + 1,1,5 Katlı,3. Kat,46 Yaşında,Kombi,Eşyalı Değil,Mülk Sahibi,Kat Mülkiyeti,"Kuzey, Güney, Doğu",200 TL,https://www.hepsiemlak.com/ankara-cankaya-esatoglu-satilik/daire/159145-272
159145-459,Yukarı Dikmen,Çankaya,Ankara,10.300.000 TL,168,160,4 + 1,2,4 Katlı,1. Kat,18 Yaşında,Kombi,Eşyalı Değil,Mülk Sahibi,Kat Mülkiyeti,"Güney, Batı",700 TL,https://www.hepsiemlak.com/ankara-cankaya-yukari-dikmen-satilik/daire/159145-459
159145-519,Küçükesat,Çankaya,Ankara,7.600.000 TL,115,100,3 + 1,1,5 Katlı,2. Kat,46 Yaşında,Kombi,Eşyalı Değil,Mülk Sahibi,Kat İrtifakı,"Kuzey, Doğu",900 TL,https://www.hepsiemlak.com/ankara-cankaya-kucukesat-satilik/daire/159145-519
148169-235,Paşacık,Merkez,Aksaray,1.770.000 TL,55,40,1 + 1,1,5 Katlı,4. Kat,Sıfır Bina,Kombi,Eşyalı Değil,Boş,Kat Mülkiyeti,"Kuzey, Doğu",450 TL,https://www.hepsiemlak.com/aksaray-merkez-pasacik-satilik/daire/148169-235
170337-9,Yenişehir,Meram,Konya,26.260.000 TL,450,390,6 + 2,4,9 Katlı,9. Kat,6 Yaşında,Yerden Isıtma,Eşyalı Değil,Boş,Müstakil Tapulu,"Güney, Doğu, Batı",7.000 TL,https://www.hepsiemlak.com/konya-meram-yenisehir-satilik/daire/170337-9
73018-12026,Merkez,Pursaklar,Ankara,4.790.000 TL,125,120,3 + 1,1,3 Katlı,1. Kat,16 Yaşında,Kombi,Eşyalı Değil,Boş,Kat Mülkiyeti,,,https://www.hepsiemlak.com/ankara-pursaklar-merkez-satilik/daire/73018-12026
73018-12006,Mimar Sinan,Pursaklar,Ankara,7.900.000 TL,185,170,4 + 1,2,17 Katlı,9. Kat,5 Yaşında,Merkezi (Pay Öl...,Eşyalı Değil,Boş,Kat Mülkiyeti,,,https://www.hepsiemlak.com/ankara-pursaklar-mimar-sinan-satilik/daire/73018-12006
73018-12049,Yunus Emre,Pursaklar,Ankara,4.190.000 TL,125,120,3 + 1,1,3 Katlı,1. Kat,16 Yaşında,Kombi,Eşyalı Değil,Mülk Sahibi,Kat Mülkiyeti,,,https://www.hepsiemlak.com/ankara-pursaklar-yunus-emre-satilik/daire/73018-12049
45377-2743,Atapark,Keçiören,Ankara,3.949.000 TL,130,120,3 + 1,1,3 Katlı,3. Kat,11 Yaşında,Kombi,Eşyalı Değil,Mülk Sahibi,Kat İrtifakı,,200 TL,https://www.hepsiemlak.com/ankara-kecioren-atapark-satilik/daire/45377-2743
45377-2674,Kanuni,Keçiören,Ankara,4.485.000 TL,130,120,3 + 1,1,3 Katlı,1. Kat,6 Yaşında,Kombi,Eşyalı Değil,Mülk Sahibi,Kat Mülkiyeti,,300 TL,https://www.hepsiemlak.com/ankara-kecioren-kanuni-satilik/daire/45377-2674
159145-517,Kırkkonaklar,Çankaya,Ankara,8.600.000 TL,155,140,3 + 1,1,3 Katlı,Bahçe Katı,22 Yaşında,Kombi,Eşyalı Değil,Boş,Kat Mülkiyeti,"Güney, Doğu",1.300 TL,https://www.hepsiemlak.com/ankara-cankaya-kirkkonaklar-satilik/daire/159145-517
159145-429,Remzi Oğuz Arık,Çankaya,Ankara,7.800.000 TL,130,106,3 + 1,1,4 Katlı,2. Kat,61 Yaşında,Merkezi,Eşyalı Değil,Kiracılı,Kat Mülkiyeti,"Güney, Batı",4.500 TL,https://www.hepsiemlak.com/ankara-cankaya-remzi-oguz-arik-satilik/daire/159145-429
159145-455,Kırkkonaklar,Çankaya,Ankara,10.800.000 TL,175,155,4 + 1,2,3 Katlı,1. Kat,26 Yaşında,Kombi,Eşyalı Değil,Mülk Sahibi,Kat Mülkiyeti,"Güney, Doğu, Batı",600 TL,https://www.hepsiemlak.com/ankara-cankaya-kirkkonaklar-satilik/daire/159145-455
159145-457,Umut,Çankaya,Ankara,4.450.000 TL,90,80,3 + 1,1,3 Katlı,Zemin,36 Yaşında,Kombi,Eşyalı Değil,Mülk Sahibi,Kat Mülkiyeti,"Güney, Doğu",250 TL,https://www.hepsiemlak.com/ankara-cankaya-umut-satilik/daire/159145-457
2602-10759,Naci Çakır,Çankaya,Ankara,7.250.000 TL,125,110,2 + 1,1,2 Katlı,Yüksek Giriş,26 Yaşında,Merkezi,Eşyalı Değil,Boş,Kat Mülkiyeti,"Güney, Doğu",,https://www.hepsiemlak.com/ankara-cankaya-naci-cakir-satilik/daire/2602-10759
2602-10740,Huzur,Çankaya,Ankara,7.750.000 TL,160,140,3 + 1,2,3 Katlı,1. Kat,16 Yaşında,Kombi,Eşyalı Değil,Boş,Kat Mülkiyeti,Güney,250 TL,https://www.hepsiemlak.com/ankara-cankaya-huzur-satilik/daire/2602-10740
2602-10752,Gökkuşağı,Çankaya,Ankara,5.700.000 TL,60,50,1 + 1,1,4 Katlı,2. Kat,6 Yaşında,Kombi,Eşyalı,Boş,Kat Mülkiyeti,Güney,,https://www.hepsiemlak.com/ankara-cankaya-gokkusagi-satilik/daire/2602-10752
159145-370,100. Yıl,Çankaya,Ankara,8.700.000 TL,150,135,3 + 1,1,6 Katlı,5. Kat,31 Yaşında,Merkezi,Eşyalı Değil,Kiracılı,Kat Mülkiyeti,"Güney, Doğu, Batı",6.000 TL,https://www.hepsiemlak.com/ankara-cankaya-100-yil-satilik/daire/159145-370
159145-430,Kırkkonaklar,Çankaya,Ankara,5.700.000 TL,90,80,2 + 1,1,2 Katlı,1. Kat,Sıfır Bina,Yerden Isıtma,Eşyalı Değil,Boş,Kat Mülkiyeti,"Güney, Batı",1.000 TL,https://www.hepsiemlak.com/ankara-cankaya-kirkkonaklar-satilik/daire/159145-430
159145-362,Bayraktar,Çankaya,Ankara,3.750.000 TL,100,85,2 + 1,1,8 Katlı,Yarı Bodrum,31 Yaşında,Merkezi,Eşyalı Değil,Boş,Kat Mülkiyeti,"Güney, Batı",2.650 TL,https://www.hepsiemlak.com/ankara-cankaya-bayraktar-satilik/daire/159145-362
165974-53,Hürriyet,Bahçelievler,İstanbul,4.300.000 TL,120,115,3 + 1,1,5 Katlı,4. Kat,31 Yaşında,Kombi,Eşyalı Değil,Kiracılı,Kat Mülkiyeti,Güney,,https://www.hepsiemlak.com/istanbul-bahcelievler-hurriyet-satilik/daire/165974-53
1965-12266,Şambayadı,Çukurova,Adana,16.950.000 TL,250,220,4 + 1,4,2 Katlı,,Sıfır Bina,Kombi,Eşyalı Değil,Boş,Kat Mülkiyeti,"Kuzey, Güney, Doğu, Batı",7.000 TL,https://www.hepsiemlak.com/adana-cukurova-sambayadi-satilik/villa/1965-12266
114218-3203,Tevfik Bey,Küçükçekmece,İstanbul,5.000.000 TL,50,40,1 + 0,1,14 Katlı,8. Kat,8 Yaşında,Merkezi (Pay Öl...,Eşyalı Değil,Boş,Kat Mülkiyeti,Güney,,https://www.hepsiemlak.com/istanbul-kucukcekmece-tevfik-bey-satilik/daire/114218-3203
40658-22538,Paşa,Şişli,İstanbul,4.900.000 TL,90,78,2 + 1,1,5 Katlı,4. Kat,40 Yaşında,Kombi,Eşyalı Değil,Mülk Sahibi,Kat Mülkiyeti,Güney,,https://www.hepsiemlak.com/istanbul-sisli-pasa-satilik/daire/40658-22538
169135-12,Adnan Menderes,Keçiören,Ankara,100.000 TL,41,29,1 + 1,1,2 Katlı,En Üst Kat,1 Yaşında,Klima,,,Tapu Yok,,,https://www.hepsiemlak.com/ankara-kecioren-adnan-menderes-satilik/daire/169135-12
169135-8,Etlik,Keçiören,Ankara,6.850.000 TL,275,200,4 + 1,2,3 Katlı,3. Kat,6 Yaşında,Kombi,Eşyalı Değil,Mülk Sahibi,Kat Mülkiyeti,"Güney, Doğu, Batı",250 TL,https://www.hepsiemlak.com/ankara-kecioren-etlik-satilik/daire/169135-8
169135-9,Turgut Özal,Yenimahalle,Ankara,12.300.000 TL,185,172,4 + 1,2,14 Katlı,3. Kat,1 Yaşında,Merkezi,Eşyalı Değil,Mülk Sahibi,Kat Mülkiyeti,"Güney, Doğu",2.000 TL,https://www.hepsiemlak.com/ankara-yenimahalle-turgut-ozal-satilik/daire/169135-9
169135-14,Ayvalı,Keçiören,Ankara,6.690.000 TL,230,200,4 + 1,2,3 Katlı,3. Kat,26 Yaşında,Kombi,Eşyalı Değil,Boş,Kat Mülkiyeti,"Güney, Batı",250 TL,https://www.hepsiemlak.com/ankara-kecioren-ayvali-satilik/daire/169135-14
169135-13,Bağlarbaşı,Keçiören,Ankara,4.050.000 TL,150,140,3 + 1,1,14 Katlı,5. Kat,11 Yaşında,Kombi,Eşyalı Değil,Boş,Kat Mülkiyeti,"Kuzey, Batı",,https://www.hepsiemlak.com/ankara-kecioren-baglarbasi-satilik/daire/169135-13
169135-6,Ayvalı,Keçiören,Ankara,4.590.000 TL,110,95,2 + 1,2,3 Katlı,Yüksek Giriş,21 Yaşında,Kombi,Eşyalı Değil,Mülk Sahibi,Kat Mülkiyeti,"Kuzey, Güney, Doğu, Batı",150 TL,https://www.hepsiemlak.com/ankara-kecioren-ayvali-satilik/daire/169135-6
169135-11,Ayvalı,Keçiören,Ankara,4.350.000 TL,110,100,3 + 1,1,4 Katlı,Yüksek Giriş,16 Yaşında,Kombi,Eşyalı Değil,Mülk Sahibi,Kat Mülkiyeti,Güney,150 TL,https://www.hepsiemlak.com/ankara-kecioren-ayvali-satilik/daire/169135-11
125635-775,Göztepe,Odunpazarı,Eskişehir,2.150.000 TL,110,97,2 + 1,1,4 Katlı,Yüksek Giriş,20 Yaşında,Kombi,Eşyalı Değil,Boş,Kat Mülkiyeti,"Güney, Doğu",150 TL,https://www.hepsiemlak.com/eskisehir-odunpazari-goztepe-satilik/daire/125635-775
145385-703,Yeşilyurt,Seyhan,Adana,3.750.000 TL,200,110,2 + 1,3,3 Katlı,,31 Yaşında,Klima,Eşyalı Değil,Boş,Hisseli Tapu,"Doğu, Batı",100 TL,https://www.hepsiemlak.com/adana-seyhan-yesilyurt-satilik/mustakil-ev/145385-703
152198-292,71 Evler,Odunpazarı,Eskişehir,2.375.000 TL,65,55,2 + 0,1,3 Katlı,3. Kat,Sıfır Bina,Kombi,Eşyalı Değil,Boş,Kat Mülkiyeti,"Güney, Batı",350 TL,https://www.hepsiemlak.com/eskisehir-odunpazari-71-evler-satilik/daire/152198-292
129657-604,Ambarlı,Avcılar,İstanbul,6.100.000 TL,100,85,2 + 1,1,4 Katlı,1. Kat,Sıfır Bina,Kombi,Eşyalı Değil,Boş,Yabancıdan,Doğu,1 TL,https://www.hepsiemlak.com/istanbul-avcilar-ambarli-satilik/daire/129657-604
129657-612,Cihangir,Avcılar,İstanbul,2.625.000 TL,95,75,2 + 1,1,5 Katlı,4. Kat,26 Yaşında,Kombi,Eşyalı Değil,Mülk Sahibi,Hisseli Tapu,Batı,300 TL,https://www.hepsiemlak.com/istanbul-avcilar-cihangir-satilik/daire/129657-612
7705-5458,Ata,Çankaya,Ankara,6.700.000 TL,120,110,3 + 1,1,4 Katlı,Yüksek Giriş,17 Yaşında,Kombi,Eşyalı Değil,Mülk Sahibi,Kat Mülkiyeti,Batı,500 TL,https://www.hepsiemlak.com/ankara-cankaya-ata-satilik/daire/7705-5458
1002-3510,Gayrettepe,Beşiktaş,İstanbul,20.000.000 TL,100,75,2 + 1,1,4 Katlı,Yüksek Giriş,1 Yaşında,Kombi,Eşyalı Değil,Boş,Kat İrtifakı,"Kuzey, Güney",2.000 TL,https://www.hepsiemlak.com/istanbul-besiktas-gayrettepe-satilik/daire/1002-3510
132217-811,Yakuplu,Beylikdüzü,İstanbul,2.850.000 TL,100,88,2 + 1,1,5 Katlı,Ara Kat,5 Yaşında,Kombi,Eşyalı Değil,Boş,Kat Mülkiyeti,"Kuzey, Güney, Doğu, Batı",,https://www.hepsiemlak.com/istanbul-beylikduzu-yakuplu-satilik/daire/132217-811
166327-1,Reşatlı,Kırıkhan,Hatay,4.200.000 TL,190,160,2 + 1,1,2 Katlı,,15 Yaşında,Klima,Eşyalı Değil,Mülk Sahibi,Tapu Yok,"Kuzey, Güney, Doğu, Batı",1 TL,https://www.hepsiemlak.com/hatay-kirikhan-resatli-satilik/mustakil-ev/166327-1
63404-1234,Sakızağacı,Bakırköy,İstanbul,10.000.000 TL,110,100,3 + 1,1,6 Katlı,2. Kat,52 Yaşında,Merkezi,Eşyalı Değil,Mülk Sahibi,Kat Mülkiyeti,Doğu,,https://www.hepsiemlak.com/istanbul-bakirkoy-sakizagaci-satilik/daire/63404-1234
75913-258,Ertuğrulgazi,Tepebaşı,Eskişehir,3.100.000 TL,120,110,3 + 1,1,4 Katlı,4. Kat,26 Yaşında,Merkezi (Pay Öl...,Eşyalı Değil,Boş,Kat Mülkiyeti,"Güney, Doğu, Batı",,https://www.hepsiemlak.com/eskisehir-tepebasi-ertugrulgazi-satilik/daire/75913-258
142540-361,Osmangazi,Sancaktepe,İstanbul,9.450.000 TL,130,120,3 + 1,1,5 Katlı,1. Kat,Sıfır Bina,Kombi,Eşyalı Değil,Boş,Kat Mülkiyeti,Güney,400 TL,https://www.hepsiemlak.com/istanbul-sancaktepe-osmangazi-satilik/daire/142540-361
142540-251,Mimar Sinan,Sultanbeyli,İstanbul,9.990.000 TL,230,210,5 + 2,2,7 Katlı,7. Kat,Sıfır Bina,Yerden Isıtma,Eşyalı Değil,Boş,Kat Mülkiyeti,Güney,500 TL,https://www.hepsiemlak.com/istanbul-sultanbeyli-mimar-sinan-satilik/daire/142540-251
142540-207,Osmangazi,Sancaktepe,İstanbul,10.800.000 TL,130,120,3 + 1,2,5 Katlı,1. Kat,Sıfır Bina,Yerden Isıtma,Eşyalı Değil,Boş,Yabancıdan,Güney,1.200 TL,https://www.hepsiemlak.com/istanbul-sancaktepe-osmangazi-satilik/daire/142540-207
142540-439,Mimar Sinan,Sultanbeyli,İstanbul,9.800.000 TL,155,145,4 + 2,2,7 Katlı,7. Kat,Sıfır Bina,Yerden Isıtma,Eşyalı Değil,Boş,Yabancıdan,Güney,500 TL,https://www.hepsiemlak.com/istanbul-sultanbeyli-mimar-sinan-satilik/daire/142540-439
142540-365,Osmangazi,Sancaktepe,İstanbul,8.790.000 TL,120,110,3 + 1,1,5 Katlı,1. Kat,Sıfır Bina,Yerden Isıtma,Eşyalı Değil,Boş,Kat Mülkiyeti,Güney,,https://www.hepsiemlak.com/istanbul-sancaktepe-osmangazi-satilik/daire/142540-365
142540-305,Osmangazi,Sancaktepe,İstanbul,8.645.000 TL,120,110,3 + 1,2,5 Katlı,3. Kat,Sıfır Bina,Kombi,Eşyalı Değil,Boş,Yabancıdan,Güney,,https://www.hepsiemlak.com/istanbul-sancaktepe-osmangazi-satilik/daire/142540-305
142540-40,Veysel Karani,Sancaktepe,İstanbul,8.575.000 TL,100,80,2 + 1,1,11 Katlı,6. Kat,Sıfır Bina,Yerden Isıtma,Eşyalı Değil,Boş,Yabancıdan,Güney,,https://www.hepsiemlak.com/istanbul-sancaktepe-veysel-karani-satilik/daire/142540-40
142540-286,Çınardere,Pendik,İstanbul,8.400.000 TL,80,65,2 + 1,1,9 Katlı,5. Kat,Sıfır Bina,Kombi,Eşyalı Değil,Boş,Yabancıdan,Güney,,https://www.hepsiemlak.com/istanbul-pendik-cinardere-satilik/daire/142540-286
142540-228,Mimar Sinan,Sultanbeyli,İstanbul,7.900.000 TL,120,108,3 + 1,2,5 Katlı,1. Kat,Sıfır Bina,Yerden Isıtma,Eşyalı Değil,Boş,Yabancıdan,Güney,,https://www.hepsiemlak.com/istanbul-sultanbeyli-mimar-sinan-satilik/daire/142540-228
142540-407,Eyüp Sultan,Sancaktepe,İstanbul,7.900.000 TL,90,80,2 + 1,2,7 Katlı,2. Kat,Sıfır Bina,Yerden Isıtma,Eşyalı Değil,Boş,Yabancıdan,Güney,500 TL,https://www.hepsiemlak.com/istanbul-sancaktepe-eyup-sultan-satilik/daire/142540-407
166502-31,Atalar,Pamukkale,Denizli,1.625.000 TL,55,46,1 + 1,1,3 Katlı,Yüksek Giriş,9 Yaşında,Kombi,Eşyalı,Boş,Kat İrtifakı,"Güney, Doğu",100 TL,https://www.hepsiemlak.com/denizli-pamukkale-atalar-satilik/daire/166502-31
166502-39,Şemikler,Merkezefendi,Denizli,4.750.000 TL,160,147,3 + 1,1,5 Katlı,Yüksek Giriş,20 Yaşında,Kombi,Eşyalı Değil,Mülk Sahibi,Kat Mülkiyeti,"Güney, Doğu",200 TL,https://www.hepsiemlak.com/denizli-merkezefendi-semikler-satilik/daire/166502-39
166502-40,İncilipınar,Pamukkale,Denizli,7.050.000 TL,120,114,3 + 1,1,5 Katlı,,30 Yaşında,Kombi,Eşyalı Değil,Kiracılı,Müstakil Tapulu,"Kuzey, Güney, Doğu",100 TL,https://www.hepsiemlak.com/denizli-pamukkale-incilipinar-satilik/bina/166502-40
170264-71,50. Yıl,Yenişehir,Mersin,7.750.000 TL,105,85,2 + 1,2,12 Katlı,12. Kat,Sıfır Bina,Yerden Isıtma,Eşyalı Değil,Boş,Yabancıdan,"Güney, Doğu",,https://www.hepsiemlak.com/mersin-yenisehir-50-yil-satilik/daire/170264-71
111267-1821,Atayurt,Etimesgut,Ankara,4.900.000 TL,85,80,2 + 1,2,9 Katlı,1. Kat,Sıfır Bina,Yerden Isıtma,Eşyalı Değil,Boş,Kat Mülkiyeti,"Kuzey, Güney, Doğu, Batı",,https://www.hepsiemlak.com/ankara-etimesgut-atayurt-satilik/daire/111267-1821
111267-1822,Atayurt,Etimesgut,Ankara,4.900.000 TL,95,83,2 + 1,2,11 Katlı,4. Kat,1 Yaşında,Merkezi (Pay Öl...,Eşyalı Değil,Boş,Kat Mülkiyeti,"Kuzey, Batı",,https://www.hepsiemlak.com/ankara-etimesgut-atayurt-satilik/daire/111267-1822
168775-19,Kültür,Niksar,Tokat,3.950.000 TL,130,120,3 + 1,1,4 Katlı,4. Kat,Sıfır Bina,Yerden Isıtma,Eşyalı Değil,Boş,Kat İrtifakı,Kuzey,1 TL,https://www.hepsiemlak.com/tokat-niksar-kultur-satilik/daire/168775-19
168775-14,Kültür,Niksar,Tokat,3.750.000 TL,96,90,2 + 1,1,4 Katlı,3. Kat,Sıfır Bina,Yerden Isıtma,Eşyalı Değil,Boş,Kat Mülkiyeti,Güney,500 TL,https://www.hepsiemlak.com/tokat-niksar-kultur-satilik/daire/168775-14
3218-2168,Ergazi,Yenimahalle,Ankara,6.500.000 TL,145,135,3 + 1,1,10 Katlı,3. Kat,25 Yaşında,Merkezi,Eşyalı Değil,Mülk Sahibi,Kat Mülkiyeti,"Kuzey, Batı",2.500 TL,https://www.hepsiemlak.com/ankara-yenimahalle-ergazi-satilik/daire/3218-2168
170086-16,Fevzi Çakmak,Esenler,İstanbul,7.350.000 TL,130,110,3 + 1,1,6 Katlı,1. Kat,11 Yaşında,Kombi,Eşyalı Değil,Boş,Kat Mülkiyeti,"Güney, Doğu",,https://www.hepsiemlak.com/istanbul-esenler-fevzi-cakmak-satilik/daire/170086-16
170086-20,Vatan,Bayrampaşa,İstanbul,12.000.000 TL,240,200,4 + 2,3,4 Katlı,3. Kat,Sıfır Bina,Kombi,Eşyalı Değil,Boş,Kat Mülkiyeti,"Güney, Doğu",,https://www.hepsiemlak.com/istanbul-bayrampasa-vatan-satilik/daire/170086-20
169238-13,Halkalı Merkez,Küçükçekmece,İstanbul,5.740.000 TL,95,80,2 + 1,1,10 Katlı,10. Kat,Sıfır Bina,Merkezi (Pay Öl...,Eşyalı Değil,Boş,Kat Mülkiyeti,Güney,,https://www.hepsiemlak.com/istanbul-kucukcekmece-halkali-merkez-satilik/daire/169238-13
169238-3,İnönü,Küçükçekmece,İstanbul,2.490.000 TL,115,95,2 + 1,1,5 Katlı,4. Kat,21 Yaşında,Kombi,Eşyalı Değil,Mülk Sahibi,Hisseli Tapu,Güney,200 TL,https://www.hepsiemlak.com/istanbul-kucukcekmece-inonu-satilik/daire/169238-3
120239-3172,Akçatekir,Pozantı,Adana,8.300.000 TL,150,140,7 + 2,2,1 Katlı,,Sıfır Bina,Soba,Eşyalı Değil,Boş,Kat Mülkiyeti,"Kuzey, Güney, Doğu, Batı",1 TL,https://www.hepsiemlak.com/adana-pozanti-akcatekir-satilik/villa/120239-3172
123667-294,Erenköy,Melikgazi,Kayseri,32.900.000 TL,450,447,7 + 1,5,3 Katlı,Bahçe Katı,6 Yaşında,Kombi,Eşyalı Değil,Boş,Kat Mülkiyeti,,5.000 TL,https://www.hepsiemlak.com/kayseri-melikgazi-erenkoy-satilik/villa/123667-294
5588-540,Karaağaç Konarlı,Arsuz,Hatay,6.000.000 TL,130,120,3 + 1,1,5 Katlı,1. Kat,Sıfır Bina,Kombi,Eşyalı Değil,Boş,Tapu Yok,"Kuzey, Güney, Doğu",,https://www.hepsiemlak.com/hatay-arsuz-karaagac-konarli-satilik/daire/5588-540
104770-7392,Yakuplu,Beylikdüzü,İstanbul,1.125.000 TL,85,75,1 + 1,1,6 Katlı,4. Kat,1 Yaşında,Kombi,Eşyalı Değil,Boş,Kat Mülkiyeti,"Güney, Doğu",,https://www.hepsiemlak.com/istanbul-beylikduzu-yakuplu-satilik/daire/104770-7392
170152-2,Aydoğmuş,Kepez,Antalya,2.750.000 TL,80,69,2 + 1,1,3 Katlı,Yüksek Giriş,Sıfır Bina,Belirtilmemiş,Eşyalı Değil,Boş,Kat Mülkiyeti,"Güney, Doğu",500 TL,https://www.hepsiemlak.com/antalya-kepez-aydogmus-satilik/daire/170152-2
123932-321,Çeltikçi,Söke,Aydın,2.950.000 TL,135,114,3 + 1,1,5 Katlı,5. Kat,36 Yaşında,Kombi,Eşyalı Değil,Boş,Kat Mülkiyeti,"Güney, Doğu, Batı",,https://www.hepsiemlak.com/aydin-soke-celtikci-satilik/daire/123932-321
69236-179,Yukarıyurtçu,Etimesgut,Ankara,5.850.000 TL,165,143,3 + 1,2,8 Katlı,5. Kat,11 Yaşında,Merkezi (Pay Öl...,Eşyalı Değil,Kiracılı,Kat Mülkiyeti,"Güney, Doğu",3.600 TL,https://www.hepsiemlak.com/ankara-etimesgut-yukariyurtcu-satilik/daire/69236-179
170313-1,Seyitali,Kula,Manisa,3.700.000 TL,150,120,3 + 1,1,3 Katlı,3. Kat,31 Yaşında,Kombi,Eşyalı Değil,Boş,Müstakil Tapulu,,,https://www.hepsiemlak.com/manisa-kula-seyitali-satilik/daire/170313-1
168229-4,Altıntepe,Maltepe,İstanbul,7.950.000 TL,125,100,3 + 1,1,3 Katlı,Giriş Katı,31 Yaşında,Merkezi,Eşyalı Değil,Mülk Sahibi,Kat Mülkiyeti,"Güney, Doğu",500 TL,https://www.hepsiemlak.com/istanbul-maltepe-altintepe-satilik/daire/168229-4
137450-723,Orhan Gazi,Esenyurt,İstanbul,2.639.000 TL,115,93,2 + 1,1,4 Katlı,Bahçe Katı,5 Yaşında,Kombi,Eşyalı Değil,Boş,Kat Mülkiyeti,"Güney, Doğu",100 TL,https://www.hepsiemlak.com/istanbul-esenyurt-orhan-gazi-satilik/daire/137450-723
170299-5,Yakuplu,Beylikdüzü,İstanbul,2.800.000 TL,100,90,2 + 1,1,5 Katlı,Bahçe Katı,6 Yaşında,Kombi,Eşyalı Değil,Kiracılı,Kat İrtifakı,"Kuzey, Güney, Doğu, Batı",,https://www.hepsiemlak.com/istanbul-beylikduzu-yakuplu-satilik/daire/170299-5
170299-2,Adnan Kahveci,Beylikdüzü,İstanbul,5.499.000 TL,120,100,2 + 1,2,5 Katlı,2. Kat,Sıfır Bina,Kombi,Eşyalı Değil,Boş,Kat Mülkiyeti,"Güney, Doğu, Batı",,https://www.hepsiemlak.com/istanbul-beylikduzu-adnan-kahveci-satilik/daire/170299-2
170299-4,Adnan Kahveci,Beylikdüzü,İstanbul,5.499.000 TL,110,90,2 + 1,1,4 Katlı,2. Kat,1 Yaşında,Kombi,Eşyalı Değil,Boş,Kat Mülkiyeti,"Kuzey, Güney, Doğu, Batı",,https://www.hepsiemlak.com/istanbul-beylikduzu-adnan-kahveci-satilik/daire/170299-4
170299-3,Adnan Kahveci,Beylikdüzü,İstanbul,7.599.000 TL,160,140,3 + 1,2,5 Katlı,3. Kat,Sıfır Bina,Kombi,Eşyalı Değil,Boş,Kat Mülkiyeti,"Kuzey, Güney, Doğu, Batı",,https://www.hepsiemlak.com/istanbul-beylikduzu-adnan-kahveci-satilik/daire/170299-3
91631-218,Yenişehir,Pendik,İstanbul,7.500.000 TL,103,88,2 + 1,1,9 Katlı,2. Kat,16 Yaşında,Kombi,Eşyalı Değil,Kiracılı,Kat Mülkiyeti,Doğu,5.500 TL,https://www.hepsiemlak.com/istanbul-pendik-yenisehir-satilik/daire/91631-218
137450-720,Üçevler,Esenyurt,İstanbul,1.710.000 TL,90,85,2 + 1,1,6 Katlı,Bahçe Katı,7 Yaşında,Kombi,Eşyalı Değil,Kiracılı,Yabancıdan,"Güney, Doğu",70 TL,https://www.hepsiemlak.com/istanbul-esenyurt-ucevler-satilik/daire/137450-720
65431-15680,Mimar Sinan,Pursaklar,Ankara,3.250.000 TL,95,90,2 + 1,1,3 Katlı,Yüksek Giriş,13 Yaşında,Kombi,Eşyalı Değil,Mülk Sahibi,Kat Mülkiyeti,"Güney, Doğu",,https://www.hepsiemlak.com/ankara-pursaklar-mimar-sinan-satilik/daire/65431-15680
65431-15533,Tevfik İleri,Pursaklar,Ankara,7.750.000 TL,190,185,4 + 1,2,12 Katlı,5. Kat,10 Yaşında,Merkezi (Pay Öl...,Eşyalı Değil,Kiracılı,Kat Mülkiyeti,"Güney, Batı",,https://www.hepsiemlak.com/ankara-pursaklar-tevfik-ileri-satilik/daire/65431-15533
65431-15549,Merkez,Pursaklar,Ankara,6.500.000 TL,260,250,5 + 1,1,4 Katlı,4. Kat,11 Yaşında,Kombi,Eşyalı Değil,Boş,Kat Mülkiyeti,"Güney, Batı",,https://www.hepsiemlak.com/ankara-pursaklar-merkez-satilik/daire/65431-15549
73960-180,Karapürçek,Altındağ,Ankara,3.950.000 TL,225,185,5 + 1,2,3 Katlı,Çatı Katı,16 Yaşında,Kombi,Eşyalı Değil,Boş,Yabancıdan,"Güney, Doğu",,https://www.hepsiemlak.com/ankara-altindag-karapurcek-satilik/daire/73960-180
23950-646,Hürriyet,Kartal,İstanbul,4.400.000 TL,65,52,2 + 1,1,5 Katlı,Yüksek Giriş,3 Yaşında,Kombi,Eşyalı Değil,Boş,Kat Mülkiyeti,"Kuzey, Güney, Doğu, Batı",,https://www.hepsiemlak.com/istanbul-kartal-hurriyet-satilik/daire/23950-646
137450-724,Zafer,Esenyurt,İstanbul,1.585.000 TL,85,67,1 + 1,1,6 Katlı,Bahçe Katı,7 Yaşında,Kombi,Eşyalı,,Kat Mülkiyeti,"Güney, Doğu",100 TL,https://www.hepsiemlak.com/istanbul-esenyurt-zafer-satilik/daire/137450-724
167616-61,Etlik,Keçiören,Ankara,2.749.000 TL,110,109,3 + 1,1,3 Katlı,Giriş Katı,26 Yaşında,Kombi,Eşyalı Değil,Mülk Sahibi,Kat Mülkiyeti,"Güney, Doğu, Batı",200 TL,https://www.hepsiemlak.com/ankara-kecioren-etlik-satilik/daire/167616-61
2957-864,Nisbetiye,Beşiktaş,İstanbul,22.950.000 TL,170,149,3 + 1,,4 Katlı,Bahçe Katı,35 Yaşında,Kombi,Eşyalı Değil,Mülk Sahibi,Kat Mülkiyeti,"Güney, Doğu, Batı",2.000 TL,https://www.hepsiemlak.com/istanbul-besiktas-nisbetiye-satilik/daire/2957-864
123029-225,Fevzi Çakmak,Sincan,Ankara,4.349.000 TL,135,120,3 + 1,2,4 Katlı,3. Kat,6 Yaşında,Kombi,Eşyalı Değil,Boş,Kat Mülkiyeti,"Güney, Doğu",,https://www.hepsiemlak.com/ankara-sincan-fevzi-cakmak-satilik/daire/123029-225
164362-50,Zafer,Polatlı,Ankara,2.250.000 TL,145,135,3 + 1,1,4 Katlı,Ara Kat,25 Yaşında,Kombi,Eşyalı Değil,Mülk Sahibi,Kat Mülkiyeti,"Kuzey, Doğu",,https://www.hepsiemlak.com/ankara-polatli-zafer-satilik/daire/164362-50
169845-33,Cumhuriyet,Küçükçekmece,İstanbul,6.070.000 TL,90,80,2 + 1,1,5 Katlı,5. Kat,Sıfır Bina,Kombi,Eşyalı Değil,Boş,Kat Mülkiyeti,"Kuzey, Doğu",250 TL,https://www.hepsiemlak.com/istanbul-kucukcekmece-cumhuriyet-satilik/daire/169845-33
169845-1,İstasyon,Küçükçekmece,İstanbul,5.100.000 TL,85,80,2 + 1,2,4 Katlı,Yüksek Giriş,2 Yaşında,Kombi,Eşyalı Değil,Mülk Sahibi,Kat Mülkiyeti,"Doğu, Batı",200 TL,https://www.hepsiemlak.com/istanbul-kucukcekmece-istasyon-satilik/daire/169845-1
167884-36,Karaağaç Cumhuriyet,Arsuz,Hatay,4.600.000 TL,150,135,3 + 1,2,5 Katlı,3. Kat,Sıfır Bina,Kombi,Eşyalı Değil,Boş,Kat İrtifakı,,,https://www.hepsiemlak.com/hatay-arsuz-karaagac-cumhuriyet-satilik/daire/167884-36
167884-52,Kemerağzı,Aksu,Antalya,8.625.000 TL,180,160,3 + 1,2,9 Katlı,5. Kat,16 Yaşında,Kombi,Eşyalı Değil,Boş,Kat Mülkiyeti,"Kuzey, Güney, Batı",3.500 TL,https://www.hepsiemlak.com/antalya-aksu-kemeragzi-satilik/daire/167884-52
119658-223,Kardelen,Yenimahalle,Ankara,15.300.000 TL,145,130,3 + 1,2,13 Katlı,11. Kat,11 Yaşında,Merkezi (Pay Öl...,Eşyalı Değil,Mülk Sahibi,Kat Mülkiyeti,"Kuzey, Doğu, Batı",2.500 TL,https://www.hepsiemlak.com/ankara-yenimahalle-kardelen-satilik/daire/119658-223
85986-3762,Yeni Siteler,Alaplı,Zonguldak,2.950.000 TL,110,100,2 + 1,1,3 Katlı,3. Kat,35 Yaşında,Kombi,Eşyalı Değil,Mülk Sahibi,Kat Mülkiyeti,Güney,,https://www.hepsiemlak.com/zonguldak-alapli-yeni-siteler-satilik/daire/85986-3762
130473-243,Ovacık,Keçiören,Ankara,6.500.000 TL,90,79,2 + 1,1,14 Katlı,2. Kat,Sıfır Bina,Merkezi (Pay Öl...,Eşyalı Değil,Boş,Kat İrtifakı,,,https://www.hepsiemlak.com/ankara-kecioren-ovacik-satilik/daire/130473-243
130473-239,19 Mayıs,Keçiören,Ankara,4.250.000 TL,135,125,3 + 1,1,3 Katlı,3. Kat,19 Yaşında,Kombi,Eşyalı Değil,Mülk Sahibi,Kat Mülkiyeti,"Güney, Batı",,https://www.hepsiemlak.com/ankara-kecioren-19-mayis-satilik/daire/130473-239
169791-17,Alaaddin,Korkuteli,Antalya,7.250.000 TL,145,140,2 + 1,1,,Bahçe Katı,Sıfır Bina,Klima,Eşyalı Değil,Mülk Sahibi,Müstakil Tapulu,"Kuzey, Güney, Doğu, Batı",,https://www.hepsiemlak.com/antalya-korkuteli-alaaddin-satilik/mustakil-ev/169791-17
79624-3541,Cumhuriyet,Beylikdüzü,İstanbul,3.550.000 TL,115,110,2 + 1,1,16 Katlı,Ara Kat,7 Yaşında,Kombi,Eşyalı Değil,Boş,Yabancıdan,"Kuzey, Güney, Doğu, Batı",,https://www.hepsiemlak.com/istanbul-beylikduzu-cumhuriyet-satilik/daire/79624-3541
118875-318,Saimekadın,Mamak,Ankara,3.750.000 TL,110,100,3 + 1,1,4 Katlı,2. Kat,35 Yaşında,Kombi,,,Kat Mülkiyeti,,150 TL,https://www.hepsiemlak.com/ankara-mamak-saimekadin-satilik/daire/118875-318
118875-299,Mehtap,Mamak,Ankara,3.850.000 TL,115,110,3 + 1,,4 Katlı,1. Kat,10 Yaşında,Kombi,Eşyalı Değil,Kiracılı,Kat Mülkiyeti,"Güney, Doğu, Batı",,https://www.hepsiemlak.com/ankara-mamak-mehtap-satilik/daire/118875-299
156660-23,Aksu,Merkez,Giresun,3.195.000 TL,105,95,2 + 1,1,8 Katlı,7. Kat,Sıfır Bina,Kombi,Eşyalı Değil,Boş,Kat İrtifakı,"Kuzey, Güney, Doğu",,https://www.hepsiemlak.com/giresun-merkez-aksu-satilik/daire/156660-23
79624-3540,Cumhuriyet,Beylikdüzü,İstanbul,4.750.000 TL,120,110,2 + 1,,4 Katlı,Ara Kat,2 Yaşında,Kombi,Eşyalı Değil,Boş,Yabancıdan,"Güney, Doğu, Batı",,https://www.hepsiemlak.com/istanbul-beylikduzu-cumhuriyet-satilik/daire/79624-3540
156660-25,Bozkurt,Keşap,Giresun,2.075.000 TL,95,85,2 + 1,1,5 Katlı,3. Kat,31 Yaşında,Soba,Eşyalı,Boş,Kat Mülkiyeti,"Kuzey, Güney",,https://www.hepsiemlak.com/giresun-kesap-bozkurt-satilik/daire/156660-25
84545-798,Gevher Hatun,Merkez,Karaman,12.850.000 TL,350,300,7 + 2,4,3 Katlı,,6 Yaşında,Kombi,Eşyalı Değil,Boş,Kat Mülkiyeti,"Kuzey, Güney, Batı",,https://www.hepsiemlak.com/karaman-merkez-gevher-hatun-satilik/villa/84545-798
129057-505,Kavacık Subayevleri,Keçiören,Ankara,4.050.000 TL,110,90,3 + 1,1,3 Katlı,Giriş Katı,31 Yaşında,Merkezi,Eşyalı Değil,Boş,Kat Mülkiyeti,"Güney, Batı",,https://www.hepsiemlak.com/ankara-kecioren-kavacik-subayevleri-satilik/daire/129057-505
79624-3539,Cumhuriyet,Beylikdüzü,İstanbul,3.450.000 TL,110,98,1 + 1,1,4 Katlı,Ara Kat,Sıfır Bina,Kombi,Eşyalı Değil,Boş,Yabancıdan,"Kuzey, Güney, Doğu",,https://www.hepsiemlak.com/istanbul-beylikduzu-cumhuriyet-satilik/daire/79624-3539
79624-3533,Cumhuriyet,Beylikdüzü,İstanbul,3.210.000 TL,110,100,2 + 1,2,5 Katlı,4. Kat,Sıfır Bina,Kombi,Eşyalı Değil,Boş,Yabancıdan,Güney,280 TL,https://www.hepsiemlak.com/istanbul-beylikduzu-cumhuriyet-satilik/daire/79624-3533
84148-292,Yurt,Çukurova,Adana,3.950.000 TL,190,170,3 + 1,1,6 Katlı,En Üst Kat,25 Yaşında,Kombi,Eşyalı Değil,Boş,Kat Mülkiyeti,"Kuzey, Güney",700 TL,https://www.hepsiemlak.com/adana-cukurova-yurt-satilik/daire/84148-292
38443-4451,Erenköy,Kadıköy,İstanbul,19.500.000 TL,150,120,3 + 1,1,7 Katlı,6. Kat,21 Yaşında,Kombi,Eşyalı Değil,Boş,Kat Mülkiyeti,"Kuzey, Doğu, Batı",,https://www.hepsiemlak.com/istanbul-kadikoy-erenkoy-satilik/daire/38443-4451
140122-52,Altıntaş,Aksu,Antalya,3.900.000 TL,95,86,2 + 1,1,12 Katlı,11. Kat,5 Yaşında,Kombi,Eşyalı Değil,Boş,Yabancıdan,"Güney, Doğu",,https://www.hepsiemlak.com/antalya-aksu-altintas-satilik/daire/140122-52
130911-5416,Çarkıpare,Sarıçam,Adana,4.750.000 TL,150,135,3 + 1,2,13 Katlı,3. Kat,4 Yaşında,Kombi,Eşyalı Değil,Boş,Yabancıdan,"Kuzey, Güney, Doğu, Batı",,https://www.hepsiemlak.com/adana-saricam-carkipare-satilik/daire/130911-5416
14777-5752,Malazgirt,Çankaya,Ankara,3.950.000 TL,105,100,3 + 1,1,3 Katlı,Kot 1,18 Yaşında,Kombi,Eşyalı Değil,Kiracılı,Kat Mülkiyeti,"Güney, Batı",300 TL,https://www.hepsiemlak.com/ankara-cankaya-malazgirt-satilik/daire/14777-5752
159866-620,Çakmak,Ümraniye,İstanbul,7.300.000 TL,80,65,2 + 1,1,5 Katlı,1. Kat,Sıfır Bina,Kombi,Eşyalı Değil,Boş,Kat İrtifakı,Batı,,https://www.hepsiemlak.com/istanbul-umraniye-cakmak-satilik/daire/159866-620
95910-2378,Kurtuluş,Efeler,Aydın,2.800.000 TL,50,45,1 + 1,1,5 Katlı,Ara Kat,6 Yaşında,Kombi,Eşyalı,Kiracılı,Kat Mülkiyeti,,200 TL,https://www.hepsiemlak.com/aydin-efeler-kurtulus-satilik/daire/95910-2378
28888-2019,Bağlıca,Etimesgut,Ankara,15.950.000 TL,219,198,4 + 1,2,15 Katlı,9. Kat,10 Yaşında,Merkezi (Pay Öl...,Eşyalı Değil,Mülk Sahibi,Kat Mülkiyeti,"Güney, Doğu",3.500 TL,https://www.hepsiemlak.com/ankara-etimesgut-baglica-satilik/daire/28888-2019
28888-2051,Bağlıca,Etimesgut,Ankara,9.950.000 TL,150,135,3 + 1,2,8 Katlı,6. Kat,15 Yaşında,Kombi,Eşyalı Değil,Boş,Kat Mülkiyeti,"Kuzey, Doğu",2.500 TL,https://www.hepsiemlak.com/ankara-etimesgut-baglica-satilik/daire/28888-2051
26985-3391,Umut,Çankaya,Ankara,3.535.000 TL,104,90,2 + 1,1,4 Katlı,Kot 1,32 Yaşında,Kombi,Eşyalı,Boş,Kat Mülkiyeti,"Doğu, Batı",200 TL,https://www.hepsiemlak.com/ankara-cankaya-umut-satilik/daire/26985-3391
3221-3000,Kocatepe,Çankaya,Ankara,3.750.000 TL,105,100,3 + 1,1,5 Katlı,4. Kat,50 Yaşında,Kombi,Eşyalı Değil,Kiracılı,Kat Mülkiyeti,"Güney, Doğu",1.500 TL,https://www.hepsiemlak.com/ankara-cankaya-kocatepe-satilik/daire/3221-3000
167884-79,Altınkale,Döşemealtı,Antalya,22.000.000 TL,230,152,4 + 1,4,2 Katlı,Bahçe Katı,Sıfır Bina,Klima,Eşyalı Değil,Boş,Kat Mülkiyeti,"Kuzey, Güney, Doğu, Batı",,https://www.hepsiemlak.com/antalya-dosemealti-altinkale-satilik/villa/167884-79
28888-2036,Bağlıca,Etimesgut,Ankara,14.650.000 TL,185,170,4 + 1,2,10 Katlı,9. Kat,8 Yaşında,Merkezi (Pay Öl...,Eşyalı Değil,Boş,Kat Mülkiyeti,"Güney, Doğu",,https://www.hepsiemlak.com/ankara-etimesgut-baglica-satilik/daire/28888-2036
167884-86,Kadriye,Serik,Antalya,12.390.000 TL,220,200,4 + 1,3,3 Katlı,Bahçe Katı,11 Yaşında,Kombi,Eşyalı Değil,Mülk Sahibi,Kat İrtifakı,"Güney, Doğu, Batı",,https://www.hepsiemlak.com/antalya-serik-kadriye-satilik/villa/167884-86
54400-7407,Şentepe,Polatlı,Ankara,3.950.000 TL,155,147,3 + 1,2,8 Katlı,2. Kat,8 Yaşında,Kombi,Eşyalı Değil,Boş,Kat Mülkiyeti,"Güney, Doğu, Batı",,https://www.hepsiemlak.com/ankara-polatli-sentepe-satilik/daire/54400-7407
54400-7353,Şentepe,Polatlı,Ankara,2.000.000 TL,110,105,3 + 1,2,8 Katlı,Yüksek Giriş,20 Yaşında,Kombi,Eşyalı Değil,Kiracılı,Kat Mülkiyeti,"Kuzey, Doğu, Batı",,https://www.hepsiemlak.com/ankara-polatli-sentepe-satilik/daire/54400-7353
26985-3476,Seyranbağları,Çankaya,Ankara,2.499.999 TL,75,68,1 + 1,1,5 Katlı,Kot 2,22 Yaşında,Kombi,Eşyalı Değil,Boş,Kat Mülkiyeti,"Doğu, Batı",100 TL,https://www.hepsiemlak.com/ankara-cankaya-seyranbaglari-satilik/daire/26985-3476
26985-2493,Türközü,Mamak,Ankara,5.500.000 TL,250,200,4 + 1,2,3 Katlı,Teras Katı,16 Yaşında,Kombi,Eşyalı Değil,Mülk Sahibi,Kat İrtifakı,"Güney, Doğu, Batı",30 TL,https://www.hepsiemlak.com/ankara-mamak-turkozu-satilik/daire/26985-2493
167884-13,Gençlik,Muratpaşa,Antalya,7.450.000 TL,155,145,3 + 1,1,4 Katlı,3. Kat,26 Yaşında,Kombi,Eşyalı Değil,Mülk Sahibi,Müstakil Tapulu,"Güney, Doğu, Batı",,https://www.hepsiemlak.com/antalya-muratpasa-genclik-satilik/daire/167884-13
68738-423,Firuzağa,Beyoğlu,İstanbul,9.500.000 TL,65,60,1 + 1,1,6 Katlı,Çatı Katı,60 Yaşında,Kombi,Eşyalı Değil,Kiracılı,Kat Mülkiyeti,Doğu,300 TL,https://www.hepsiemlak.com/istanbul-beyoglu-firuzaga-satilik/daire/68738-423
133609-33,Adatepe,Buca,İzmir,1.100.000 TL,60,55,1 + 1,1,9 Katlı,6. Kat,Sıfır Bina,Kombi,Eşyalı,Boş,Kat Mülkiyeti,"Kuzey, Güney, Doğu, Batı",,https://www.hepsiemlak.com/izmir-buca-adatepe-satilik/daire/133609-33
93630-826,Yıldırım Beyazıt,Çubuk,Ankara,2.250.000 TL,130,120,3 + 1,1,4 Katlı,4. Kat,16 Yaşında,Soba,Eşyalı Değil,Mülk Sahibi,Kat Mülkiyeti,"Kuzey, Doğu, Batı",100 TL,https://www.hepsiemlak.com/ankara-cubuk-yildirim-beyazit-satilik/daire/93630-826
131325-228,Kentkoop,Yenimahalle,Ankara,5.600.000 TL,120,110,3 + 1,1,4 Katlı,4. Kat,29 Yaşında,Kombi,Eşyalı Değil,Kiracılı,Kat Mülkiyeti,"Güney, Doğu",800 TL,https://www.hepsiemlak.com/ankara-yenimahalle-kentkoop-satilik/daire/131325-228
70173-2041,Cumhuriyet,Ereğli,Konya,2.350.000 TL,75,70,2 + 0,1,5 Katlı,Yüksek Giriş,5 Yaşında,Merkezi,Eşyalı Değil,Boş,Kat Mülkiyeti,"Güney, Doğu",400 TL,https://www.hepsiemlak.com/konya-eregli-cumhuriyet-satilik/daire/70173-2041
168209-41,Fevzi Çakmak,Torbalı,İzmir,4.100.000 TL,90,85,2 + 1,1,2 Katlı,2. Kat,5 Yaşında,Kombi,Eşyalı Değil,Mülk Sahibi,Kat İrtifakı,Doğu,100 TL,https://www.hepsiemlak.com/izmir-torbali-fevzi-cakmak-satilik/daire/168209-41
51676-4777,Susuz,Yenimahalle,Ankara,4.795.000 TL,50,45,1 + 1,1,16 Katlı,7. Kat,1 Yaşında,Merkezi (Pay Öl...,Eşyalı Değil,Boş,Kat Mülkiyeti,"Kuzey, Doğu",1.500 TL,https://www.hepsiemlak.com/ankara-yenimahalle-susuz-satilik/daire/51676-4777
169393-21,Ayyıldız,Etimesgut,Ankara,11.149.000 TL,170,160,4 + 1,2,7 Katlı,7. Kat,5 Yaşında,Merkezi (Pay Öl...,Eşyalı Değil,Mülk Sahibi,Kat Mülkiyeti,"Güney, Batı",,https://www.hepsiemlak.com/ankara-etimesgut-ayyildiz-satilik/daire/169393-21
169393-7,Mustafa Kemal,Sincan,Ankara,6.349.000 TL,135,120,3 + 1,2,4 Katlı,3. Kat,Sıfır Bina,Kombi,Eşyalı Değil,Boş,Kat Mülkiyeti,"Kuzey, Güney, Doğu, Batı",,https://www.hepsiemlak.com/ankara-sincan-mustafa-kemal-satilik/daire/169393-7
70173-2067,Mehmet Akif,Ereğli,Konya,1.295.000 TL,48,38,1 + 1,1,4 Katlı,Ara Kat,Sıfır Bina,Kombi,Eşyalı Değil,Boş,Kat Mülkiyeti,"Kuzey, Doğu",400 TL,https://www.hepsiemlak.com/konya-eregli-mehmet-akif-satilik/daire/70173-2067
85585-2600,Atatürk,Seferihisar,İzmir,14.500.000 TL,160,100,3 + 1,1,2 Katlı,Villa Katı,17 Yaşında,Klima,Eşyalı Değil,Boş,Kat Mülkiyeti,"Kuzey, Güney, Doğu, Batı",1.500 TL,https://www.hepsiemlak.com/izmir-seferihisar-ataturk-satilik/yazlik/85585-2600
124958-168,Gazi,Vize,Kırklareli,6.500.000 TL,110,105,2 + 0,2,1 Katlı,Bahçe Katı,Sıfır Bina,Kombi,Eşyalı Değil,Boş,Müstakil Tapulu,Güney,,https://www.hepsiemlak.com/kirklareli-vize-gazi-satilik/villa/124958-168
156760-547,Mimar Sinan,Pursaklar,Ankara,8.950.000 TL,190,180,4 + 1,2,11 Katlı,11. Kat,7 Yaşında,Merkezi (Pay Öl...,Eşyalı Değil,Kiracılı,Kat Mülkiyeti,Güney,,https://www.hepsiemlak.com/ankara-pursaklar-mimar-sinan-satilik/daire/156760-547
57329-2287,Elvan,Etimesgut,Ankara,3.950.000 TL,120,115,3 + 1,1,3 Katlı,Giriş Katı,20 Yaşında,Kombi,Eşyalı Değil,Mülk Sahibi,Kat Mülkiyeti,"Güney, Doğu",150 TL,https://www.hepsiemlak.com/ankara-etimesgut-elvan-satilik/daire/57329-2287
162009-122,Yeşilyurt,Melikgazi,Kayseri,2.750.000 TL,135,100,4 + 1,2,14 Katlı,8. Kat,Sıfır Bina,Merkezi (Pay Öl...,Eşyalı Değil,Boş,Kooperatiften H...,,,https://www.hepsiemlak.com/kayseri-melikgazi-yesilyurt-satilik/kooperatif/162009-122
168411-56,Güzelyurt,Esenyurt,İstanbul,2.334.000 TL,130,115,2 + 1,2,8 Katlı,2. Kat,Sıfır Bina,Kombi,Eşyalı Değil,Boş,Kat Mülkiyeti,Güney,,https://www.hepsiemlak.com/istanbul-esenyurt-guzelyurt-satilik/daire/168411-56
168411-94,Yakuplu,Beylikdüzü,İstanbul,2.850.000 TL,125,110,2 + 1,2,6 Katlı,2. Kat,Sıfır Bina,Kombi,Eşyalı Değil,Boş,Kat Mülkiyeti,Güney,,https://www.hepsiemlak.com/istanbul-beylikduzu-yakuplu-satilik/daire/168411-94
168160-19,Güvercintepe,Başakşehir,İstanbul,3.450.000 TL,75,65,2 + 1,1,3 Katlı,Yüksek Giriş,4 Yaşında,Kombi,Eşyalı Değil,Mülk Sahibi,Kat İrtifakı,"Güney, Doğu",300 TL,https://www.hepsiemlak.com/istanbul-basaksehir-guvercintepe-satilik/daire/168160-19
117629-4657,17 Eylül,Bandırma,Balıkesir,6.500.000 TL,170,160,4 + 1,3,4 Katlı,4. Kat,15 Yaşında,Kombi,Eşyalı Değil,Mülk Sahibi,Kat Mülkiyeti,Güney,1 TL,https://www.hepsiemlak.com/balikesir-bandirma-17-eylul-satilik/daire/117629-4657
117629-4528,Yeni,Bandırma,Balıkesir,25.000.000 TL,390,330,9 + 3,3,3 Katlı,,3 Yaşında,Kombi,Eşyalı Değil,Boş,Müstakil Tapulu,"Kuzey, Güney, Doğu, Batı",,https://www.hepsiemlak.com/balikesir-bandirma-yeni-satilik/mustakil-ev/117629-4528
22303-609,Korutürk,Balçova,İzmir,7.500.000 TL,130,120,3 + 1,1,5 Katlı,En Üst Kat,31 Yaşında,Jeotermal Isıtm...,Eşyalı Değil,Boş,Kat İrtifakı,,,https://www.hepsiemlak.com/izmir-balcova-koruturk-satilik/daire/22303-609
22303-611,Limanreis,Narlıdere,İzmir,23.500.000 TL,150,130,3 + 1,2,3 Katlı,,Sıfır Bina,Kombi,Eşyalı Değil,Boş,Kat Mülkiyeti,,,https://www.hepsiemlak.com/izmir-narlidere-limanreis-satilik/villa/22303-611
136352-261,Yıldırım Beyazıt,Çubuk,Ankara,2.075.000 TL,44,38,1 + 1,1,4 Katlı,1. Kat,Sıfır Bina,Yerden Isıtma,Eşyalı Değil,Boş,Kat Mülkiyeti,,,https://www.hepsiemlak.com/ankara-cubuk-yildirim-beyazit-satilik/daire/136352-261
151732-302,Kurtuluş,Polatlı,Ankara,1.040.000 TL,105,104,3 + 1,1,4 Katlı,Bahçe Katı,30 Yaşında,Kombi,,,Kat Mülkiyeti,,,https://www.hepsiemlak.com/ankara-polatli-kurtulus-satilik/daire/151732-302
124957-261,Sümbül Efendi,Fatih,İstanbul,3.150.000 TL,80,75,2 + 1,1,3 Katlı,2. Kat,40 Yaşında,Doğalgaz Sobası,Eşyalı Değil,Mülk Sahibi,Yabancıdan,"Kuzey, Güney, Doğu",100 TL,https://www.hepsiemlak.com/istanbul-fatih-sumbul-efendi-satilik/daire/124957-261
124957-240,Koca Mustafapaşa,Fatih,İstanbul,1.590.000 TL,70,65,1 + 1,1,4 Katlı,Bodrum,40 Yaşında,Kombi,Eşyalı Değil,Kiracılı,Kat Mülkiyeti,"Kuzey, Güney, Doğu",100 TL,https://www.hepsiemlak.com/istanbul-fatih-koca-mustafapasa-satilik/daire/124957-240
68039-2413,Ertuğrulgazi,Sarıçam,Adana,16.150.000 TL,270,240,5 + 1,4,3 Katlı,,Sıfır Bina,Kombi,Eşyalı Değil,Boş,Kat Mülkiyeti,"Kuzey, Güney, Doğu, Batı",,https://www.hepsiemlak.com/adana-saricam-ertugrulgazi-satilik/villa/68039-2413
68039-2471,Gürselpaşa,Seyhan,Adana,5.700.000 TL,165,130,3 + 1,2,14 Katlı,8. Kat,8 Yaşında,Kombi,Eşyalı Değil,Boş,Kat Mülkiyeti,"Kuzey, Güney, Doğu",,https://www.hepsiemlak.com/adana-seyhan-gurselpasa-satilik/daire/68039-2471
45377-2694,Pınarbaşı,Keçiören,Ankara,3.495.000 TL,115,105,3 + 1,1,3 Katlı,Yüksek Giriş,26 Yaşında,Kombi,Eşyalı Değil,Boş,Kat Mülkiyeti,,200 TL,https://www.hepsiemlak.com/ankara-kecioren-pinarbasi-satilik/daire/45377-2694
16407-11944,Oğuzlar,Etimesgut,Ankara,4.300.000 TL,120,110,3 + 1,1,4 Katlı,2. Kat,25 Yaşında,Kombi,Eşyalı Değil,Kiracılı,Kat Mülkiyeti,"Güney, Doğu",500 TL,https://www.hepsiemlak.com/ankara-etimesgut-oguzlar-satilik/daire/16407-11944
169137-7,Semizkumlar,Silivri,İstanbul,11.700.000 TL,280,250,5 + 1,3,3 Katlı,Bahçe Katı,26 Yaşında,Kombi,Eşyalı Değil,Mülk Sahibi,Kat Mülkiyeti,"Kuzey, Güney, Doğu",,https://www.hepsiemlak.com/istanbul-silivri-semizkumlar-satilik/villa/169137-7
3584-29269,Yukarı Bahçelievler,Çankaya,Ankara,7.050.000 TL,110,100,3 + 1,1,3 Katlı,3. Kat,40 Yaşında,Merkezi,Eşyalı Değil,Boş,Kat Mülkiyeti,,,https://www.hepsiemlak.com/ankara-cankaya-yukari-bahcelievler-satilik/daire/3584-29269
161069-99,Yıldıztepe,Altındağ,Ankara,8.150.000 TL,170,150,4 + 1,2,3 Katlı,3. Kat,Sıfır Bina,Yerden Isıtma,Eşyalı Değil,Boş,Kat İrtifakı,"Kuzey, Batı",,https://www.hepsiemlak.com/ankara-altindag-yildiztepe-satilik/daire/161069-99
120137-1941,Kavaklı,Tarsus,Mersin,4.075.000 TL,105,90,2 + 1,2,2 Katlı,2. Kat,Sıfır Bina,Güneş Enerjisi,Eşyalı Değil,Boş,Kat İrtifakı,"Güney, Doğu",,https://www.hepsiemlak.com/mersin-tarsus-kavakli-satilik/daire/120137-1941
1124-6341,Yukarı Bahçelievler,Çankaya,Ankara,4.950.000 TL,85,80,2 + 1,,4 Katlı,Bahçe Katı,40 Yaşında,Kombi,Eşyalı Değil,Boş,Kat Mülkiyeti,"Güney, Doğu",,https://www.hepsiemlak.com/ankara-cankaya-yukari-bahcelievler-satilik/daire/1124-6341
169027-3,Zülüflühan,Antakya,Hatay,1.100.000 TL,75,60,2 + 1,1,5 Katlı,2. Kat,6 Yaşında,Klima,Eşyalı,Boş,Kat İrtifakı,"Kuzey, Doğu",,https://www.hepsiemlak.com/hatay-antakya-zulufluhan-satilik/daire/169027-3
166705-80,Hürriyet,Bahçelievler,İstanbul,2.900.000 TL,100,90,1 + 1,1,5 Katlı,5. Kat,31 Yaşında,Kombi,Eşyalı Değil,Boş,Arsa,Güney,200 TL,https://www.hepsiemlak.com/istanbul-bahcelievler-hurriyet-satilik/daire/166705-80
129057-499,Aydınlıkevler,Altındağ,Ankara,7.750.000 TL,165,150,4 + 1,2,4 Katlı,4. Kat,Sıfır Bina,Kombi,Eşyalı Değil,Boş,Kat Mülkiyeti,Güney,,https://www.hepsiemlak.com/ankara-altindag-aydinlikevler-satilik/daire/129057-499
16139-2817,Tınaztepe,Çankaya,Ankara,4.500.000 TL,115,110,3 + 1,1,3 Katlı,2. Kat,31 Yaşında,Kombi,Eşyalı Değil,Kiracılı,Kat Mülkiyeti,Doğu,250 TL,https://www.hepsiemlak.com/ankara-cankaya-tinaztepe-satilik/daire/16139-2817
169354-4,İncivez,Merkez,Zonguldak,2.450.000 TL,55,50,1 + 1,1,7 Katlı,5. Kat,1 Yaşında,Kombi,Eşyalı Değil,Boş,Kat İrtifakı,,,https://www.hepsiemlak.com/zonguldak-merkez-incivez-satilik/daire/169354-4
30988-233,Bahçeleriçi,Merkez,Amasya,5.500.000 TL,190,165,3 + 1,2,4 Katlı,4. Kat,19 Yaşında,Kombi,Eşyalı Değil,Kiracılı,Kat Mülkiyeti,"Güney, Doğu, Batı",,https://www.hepsiemlak.com/amasya-merkez-bahcelerici-satilik/daire/30988-233
30988-234,Bahçeleriçi,Merkez,Amasya,4.000.000 TL,150,125,3 + 1,1,5 Katlı,2. Kat,25 Yaşında,Kombi,Eşyalı Değil,Boş,Kat Mülkiyeti,,,https://www.hepsiemlak.com/amasya-merkez-bahcelerici-satilik/daire/30988-234
36248-926,İncivez,Merkez,Zonguldak,3.150.000 TL,321,120,3 + 1,1,1 Katlı,,10 Yaşında,Belirtilmemiş,Eşyalı Değil,Mülk Sahibi,Müstakil Tapulu,"Güney, Doğu, Batı",,https://www.hepsiemlak.com/zonguldak-merkez-incivez-satilik/mustakil-ev/36248-926
49652-2661,Etlik,Keçiören,Ankara,3.550.000 TL,130,120,3 + 1,1,2 Katlı,2. Kat,26 Yaşında,Kombi,Eşyalı Değil,Boş,Kat Mülkiyeti,"Güney, Doğu, Batı",300 TL,https://www.hepsiemlak.com/ankara-kecioren-etlik-satilik/daire/49652-2661
161430-54,Süleymaniye,Esenyurt,İstanbul,2.120.000 TL,130,110,3 + 1,1,5 Katlı,Bahçe Katı,6 Yaşında,Kombi,Eşyalı Değil,Kiracılı,Kat Mülkiyeti,"Kuzey, Güney, Doğu, Batı",,https://www.hepsiemlak.com/istanbul-esenyurt-suleymaniye-satilik/daire/161430-54
161430-56,Üçevler,Esenyurt,İstanbul,2.520.000 TL,100,90,2 + 1,1,4 Katlı,1. Kat,6 Yaşında,Kombi,Eşyalı Değil,Boş,Kat İrtifakı,,,https://www.hepsiemlak.com/istanbul-esenyurt-ucevler-satilik/daire/161430-56
161430-55,Osmangazi,Esenyurt,İstanbul,2.370.000 TL,85,80,2 + 1,1,4 Katlı,Yüksek Giriş,11 Yaşında,Kombi,Eşyalı Değil,Boş,Kat İrtifakı,"Kuzey, Güney, Doğu, Batı",,https://www.hepsiemlak.com/istanbul-esenyurt-osmangazi-satilik/daire/161430-55
161430-48,Kızılpınar Atatürk,Çerkezköy,Tekirdağ,3.000.000 TL,130,120,3 + 1,1,5 Katlı,2. Kat,6 Yaşında,Kombi,Eşyalı Değil,Kiracılı,Kat Mülkiyeti,"Kuzey, Güney, Doğu, Batı",8 TL,https://www.hepsiemlak.com/tekirdag-cerkezkoy-kizilpinar-ataturk-satilik/daire/161430-48
161430-22,Mehterçeşme,Esenyurt,İstanbul,2.650.000 TL,115,100,2 + 1,1,5 Katlı,3. Kat,11 Yaşında,Kombi,Eşyalı Değil,Boş,Kat Mülkiyeti,"Güney, Doğu",,https://www.hepsiemlak.com/istanbul-esenyurt-mehtercesme-satilik/daire/161430-22
168763-1,Ünalan,Üsküdar,İstanbul,35.500.000 TL,143,119,2 + 1,2,30 Katlı,21 ve üzeri,3 Yaşında,Isı Pompası,Eşyalı Değil,Boş,Yabancıdan,"Güney, Doğu, Batı",6.000 TL,https://www.hepsiemlak.com/istanbul-uskudar-unalan-satilik/daire/168763-1
168763-5,Zafer,Esenyurt,İstanbul,6.307.500 TL,125,93,2 + 1,2,22 Katlı,15. Kat,6 Yaşında,Merkezi (Pay Öl...,Eşyalı,Kiracılı,Kat Mülkiyeti,"Güney, Batı",5.000 TL,https://www.hepsiemlak.com/istanbul-esenyurt-zafer-satilik/daire/168763-5
168763-7,Zafer,Esenyurt,İstanbul,6.750.000 TL,132,120,2 + 1,2,21 Katlı,17. Kat,3 Yaşında,Merkezi,Eşyalı Değil,Kiracılı,Yabancıdan,,5.000 TL,https://www.hepsiemlak.com/istanbul-esenyurt-zafer-satilik/daire/168763-7
158869-46,Cumhuriyet,Esenyurt,İstanbul,4.500.000 TL,135,120,3 + 1,1,12 Katlı,2. Kat,16 Yaşında,Kombi,Eşyalı Değil,Boş,Kat Mülkiyeti,"Güney, Doğu",1.250 TL,https://www.hepsiemlak.com/istanbul-esenyurt-cumhuriyet-satilik/daire/158869-46
158869-53,Çanta Sancaktepe,Silivri,İstanbul,3.300.000 TL,130,125,3 + 1,1,5 Katlı,2. Kat,16 Yaşında,Kombi,Eşyalı Değil,Kiracılı,Kat İrtifakı,"Güney, Doğu",1.000 TL,https://www.hepsiemlak.com/istanbul-silivri-canta-sancaktepe-satilik/daire/158869-53
40658-22502,Teşvikiye,Şişli,İstanbul,28.500.000 TL,220,185,4 + 1,1,6 Katlı,1. Kat,35 Yaşında,Kombi,Eşyalı Değil,,Kat Mülkiyeti,,,https://www.hepsiemlak.com/istanbul-sisli-tesvikiye-satilik/daire/40658-22502
40658-22484,Feriköy,Şişli,İstanbul,11.700.000 TL,154,130,3 + 1,1,7 Katlı,5. Kat,35 Yaşında,Merkezi,Eşyalı Değil,Mülk Sahibi,Kat İrtifakı,,,https://www.hepsiemlak.com/istanbul-sisli-ferikoy-satilik/daire/40658-22484
168586-11,Osmangazi,Esenyurt,İstanbul,2.849.999 TL,100,85,2 + 1,2,4 Katlı,2. Kat,11 Yaşında,Kombi,Eşyalı Değil,Boş,Kat İrtifakı,"Kuzey, Güney, Doğu, Batı",150 TL,https://www.hepsiemlak.com/istanbul-esenyurt-osmangazi-satilik/daire/168586-11
125044-746,Güzelyurt,Esenyurt,İstanbul,4.500.000 TL,105,100,2 + 1,2,22 Katlı,15. Kat,6 Yaşında,Kombi,Eşyalı Değil,Boş,Kat İrtifakı,Güney,3.500 TL,https://www.hepsiemlak.com/istanbul-esenyurt-guzelyurt-satilik/daire/125044-746
168556-20,Mehterçeşme,Esenyurt,İstanbul,6.500.000 TL,180,150,4 + 1,2,5 Katlı,3. Kat,11 Yaşında,Kombi,Eşyalı Değil,Mülk Sahibi,Kat İrtifakı,,200 TL,https://www.hepsiemlak.com/istanbul-esenyurt-mehtercesme-satilik/daire/168556-20
168556-14,Mehmet Akif Ersoy,Esenyurt,İstanbul,4.200.000 TL,110,95,2 + 1,1,5 Katlı,2. Kat,11 Yaşında,Kombi,Eşyalı Değil,Mülk Sahibi,Kat Mülkiyeti,,200 TL,https://www.hepsiemlak.com/istanbul-esenyurt-mehmet-akif-ersoy-satilik/daire/168556-14
168547-38,Güzelyurt,Esenyurt,İstanbul,3.650.000 TL,120,105,2 + 1,2,25 Katlı,18. Kat,6 Yaşında,Merkezi (Pay Öl...,Eşyalı Değil,Boş,Yabancıdan,"Güney, Doğu",4.500 TL,https://www.hepsiemlak.com/istanbul-esenyurt-guzelyurt-satilik/daire/168547-38
168543-3,Pınartepe,Büyükçekmece,İstanbul,42.500.000 TL,450,380,5 + 1,4,1 Katlı,Bahçe Katı,11 Yaşında,Kombi,Eşyalı Değil,Mülk Sahibi,Kat Mülkiyeti,,,https://www.hepsiemlak.com/istanbul-buyukcekmece-pinartepe-satilik/villa/168543-3
168543-7,5. Levent,Eyüpsultan,İstanbul,23.000.000 TL,180,130,3 + 1,2,15 Katlı,4. Kat,5 Yaşında,Merkezi (Pay Öl...,Eşyalı Değil,Mülk Sahibi,Kat Mülkiyeti,,,https://www.hepsiemlak.com/istanbul-eyupsultan-5-levent-satilik/daire/168543-7
168565-7,Alkent 2000,Büyükçekmece,İstanbul,8.950.000 TL,140,115,2 + 1,2,18 Katlı,12. Kat,6 Yaşında,Merkezi (Pay Öl...,Eşyalı Değil,Boş,Yabancıdan,,7.800 TL,https://www.hepsiemlak.com/istanbul-buyukcekmece-alkent-2000-satilik/daire/168565-7
4094-1567,Bahçelievler,Çankaya,Ankara,7.950.000 TL,115,110,3 + 1,1,3 Katlı,1. Kat,35 Yaşında,Merkezi,Eşyalı Değil,Boş,Kat Mülkiyeti,"Güney, Doğu",2.000 TL,https://www.hepsiemlak.com/ankara-cankaya-bahcelievler-satilik/daire/4094-1567
149439-15,Denizköşkler,Avcılar,İstanbul,3.150.000 TL,135,130,3 + 1,1,4 Katlı,Giriş Katı,26 Yaşında,Kombi,Eşyalı Değil,Kiracılı,Kat Mülkiyeti,"Güney, Doğu, Batı",200 TL,https://www.hepsiemlak.com/istanbul-avcilar-denizkoskler-satilik/daire/149439-15
148959-29,Bayır,Marmaris,Muğla,12.000.000 TL,588,170,4 + 1,3,2 Katlı,,Sıfır Bina,Klima,Eşyalı Değil,Boş,Arsa,"Kuzey, Doğu, Batı",1 TL,https://www.hepsiemlak.com/mugla-marmaris-bayir-satilik/villa/148959-29
24938-3026,Karslılar,Çukurova,Adana,4.590.000 TL,150,130,3 + 1,1,6 Katlı,4. Kat,27 Yaşında,Kombi,Eşyalı Değil,Boş,Kat Mülkiyeti,"Kuzey, Güney, Batı",,https://www.hepsiemlak.com/adana-cukurova-karslilar-satilik/daire/24938-3026
169900-17,Selimzade,Yıldırım,Bursa,2.950.000 TL,100,96,2 + 1,1,5 Katlı,2. Kat,25 Yaşında,Kombi,Eşyalı Değil,Mülk Sahibi,Kat İrtifakı,"Doğu, Batı",,https://www.hepsiemlak.com/bursa-yildirim-selimzade-satilik/daire/169900-17
170378-1,Cumhuriyet,Altınordu,Ordu,4.250.000 TL,83,68,2 + 1,1,5 Katlı,1. Kat,Sıfır Bina,Yerden Isıtma,,Boş,Kat Mülkiyeti,"Kuzey, Güney, Doğu, Batı",,https://www.hepsiemlak.com/ordu-altinordu-cumhuriyet-satilik/daire/170378-1
170044-7,Atakent,Küçükçekmece,İstanbul,22.000.000 TL,160,145,2 + 1,2,4 Katlı,2. Kat,2 Yaşında,Yerden Isıtma,Eşyalı Değil,Mülk Sahibi,Yabancıdan,,,https://www.hepsiemlak.com/istanbul-kucukcekmece-atakent-satilik/daire/170044-7
170044-20,Halkalı Merkez,Küçükçekmece,İstanbul,19.500.000 TL,140,120,3 + 1,2,20 Katlı,11. Kat,11 Yaşında,Kombi,Eşyalı Değil,Kiracılı,Kat Mülkiyeti,,,https://www.hepsiemlak.com/istanbul-kucukcekmece-halkali-merkez-satilik/daire/170044-20
170044-15,Atakent,Küçükçekmece,İstanbul,13.900.000 TL,147,125,3 + 1,2,13 Katlı,2. Kat,11 Yaşında,Merkezi (Pay Öl...,Eşyalı Değil,Boş,Kat Mülkiyeti,,,https://www.hepsiemlak.com/istanbul-kucukcekmece-atakent-satilik/daire/170044-15
170044-19,Atakent,Küçükçekmece,İstanbul,13.700.000 TL,147,125,3 + 1,2,13 Katlı,4. Kat,11 Yaşında,Merkezi (Pay Öl...,Eşyalı Değil,Boş,Kat Mülkiyeti,,,https://www.hepsiemlak.com/istanbul-kucukcekmece-atakent-satilik/daire/170044-19
10596-5078,Yeni,Korkuteli,Antalya,2.550.000 TL,65,60,2 + 1,1,3 Katlı,2. Kat,1 Yaşında,Kombi,Eşyalı Değil,Boş,Yabancıdan,"Güney, Doğu",,https://www.hepsiemlak.com/antalya-korkuteli-yeni-satilik/daire/10596-5078
156577-68,Akşemsettin,Mamak,Ankara,4.800.000 TL,180,160,4 + 1,1,4 Katlı,En Üst Kat,15 Yaşında,Kombi,Eşyalı Değil,Boş,Kat Mülkiyeti,"Kuzey, Doğu, Batı",300 TL,https://www.hepsiemlak.com/ankara-mamak-aksemsettin-satilik/daire/156577-68
168604-31,İstasyon,Etimesgut,Ankara,2.900.000 TL,110,95,3 + 1,1,2 Katlı,Kot 1,25 Yaşında,Kombi,Eşyalı Değil,Mülk Sahibi,Kat Mülkiyeti,,1 TL,https://www.hepsiemlak.com/ankara-etimesgut-istasyon-satilik/daire/168604-31
145463-243,Ayanoğlu,Kepez,Antalya,5.250.000 TL,125,105,3 + 1,1,2 Katlı,1. Kat,1 Yaşında,Klima,Eşyalı Değil,Mülk Sahibi,Kat Mülkiyeti,"Güney, Doğu, Batı",,https://www.hepsiemlak.com/antalya-kepez-ayanoglu-satilik/daire/145463-243
110641-245,Fatih,Merkez,Düzce,3.500.000 TL,118,101,3 + 1,1,4 Katlı,2. Kat,4 Yaşında,Kombi,Eşyalı Değil,Boş,Kat Mülkiyeti,"Güney, Batı",500 TL,https://www.hepsiemlak.com/duzce-merkez-fatih-satilik/daire/110641-245
145463-172,Ayanoğlu,Kepez,Antalya,6.250.000 TL,130,110,3 + 1,2,3 Katlı,1. Kat,Sıfır Bina,Klima,Eşyalı Değil,Boş,Kat Mülkiyeti,"Kuzey, Güney, Doğu",,https://www.hepsiemlak.com/antalya-kepez-ayanoglu-satilik/daire/145463-172
170181-2,Mimar Sinan,Sultanbeyli,İstanbul,5.100.000 TL,95,85,2 + 1,1,6 Katlı,4. Kat,5 Yaşında,Kombi,Eşyalı Değil,Boş,Kat Mülkiyeti,"Kuzey, Güney, Doğu, Batı",,https://www.hepsiemlak.com/istanbul-sultanbeyli-mimar-sinan-satilik/daire/170181-2
145385-726,Yurt,Çukurova,Adana,3.600.000 TL,135,100,3 + 1,1,12 Katlı,2. Kat,31 Yaşında,Kombi,Eşyalı Değil,Mülk Sahibi,Kat Mülkiyeti,"Kuzey, Doğu",420 TL,https://www.hepsiemlak.com/adana-cukurova-yurt-satilik/daire/145385-726
145385-732,Şambayadı,Çukurova,Adana,5.300.000 TL,120,110,3 + 1,2,9 Katlı,5. Kat,1 Yaşında,Kombi,Eşyalı Değil,Boş,Kat Mülkiyeti,"Kuzey, Doğu",,https://www.hepsiemlak.com/adana-cukurova-sambayadi-satilik/daire/145385-732
145385-734,Huzurevleri,Çukurova,Adana,4.250.000 TL,130,120,3 + 1,1,8 Katlı,4. Kat,26 Yaşında,Kombi,Eşyalı Değil,Mülk Sahibi,Kat Mülkiyeti,"Kuzey, Doğu",250 TL,https://www.hepsiemlak.com/adana-cukurova-huzurevleri-satilik/daire/145385-734
159844-49,Esentepe,Kartal,İstanbul,7.250.000 TL,100,85,3 + 1,,6 Katlı,1. Kat,17 Yaşında,Kombi,Eşyalı Değil,Mülk Sahibi,Kat İrtifakı,"Güney, Doğu, Batı",600 TL,https://www.hepsiemlak.com/istanbul-kartal-esentepe-satilik/daire/159844-49
159844-48,Esentepe,Kartal,İstanbul,7.250.000 TL,100,85,3 + 1,,6 Katlı,1. Kat,17 Yaşında,Kombi,Eşyalı Değil,Mülk Sahibi,Kat İrtifakı,"Güney, Doğu, Batı",600 TL,https://www.hepsiemlak.com/istanbul-kartal-esentepe-satilik/daire/159844-48
43511-8414,Tınaztepe,Çankaya,Ankara,7.750.000 TL,110,100,4 + 1,2,3 Katlı,En Üst Kat,Sıfır Bina,Kombi,,Boş,Kat İrtifakı,"Güney, Doğu",300 TL,https://www.hepsiemlak.com/ankara-cankaya-tinaztepe-satilik/daire/43511-8414
168708-25,Sofular,Merzifon,Amasya,3.100.000 TL,115,95,2 + 1,1,2 Katlı,En Üst Kat,5 Yaşında,Kombi,Eşyalı Değil,Boş,Kat Mülkiyeti,"Kuzey, Güney",,https://www.hepsiemlak.com/amasya-merzifon-sofular-satilik/daire/168708-25
169900-1,Ortabağlar,Yıldırım,Bursa,3.600.000 TL,125,110,3 + 1,1,5 Katlı,Giriş Katı,12 Yaşında,Kombi,Eşyalı Değil,,Kat Mülkiyeti,"Kuzey, Güney",,https://www.hepsiemlak.com/bursa-yildirim-ortabaglar-satilik/daire/169900-1
65982-2252,Cumhuriyet,Esenyurt,İstanbul,6.850.000 TL,156,125,3 + 1,2,15 Katlı,3. Kat,11 Yaşında,Kombi,Eşyalı Değil,Mülk Sahibi,Kat İrtifakı,Güney,2.500 TL,https://www.hepsiemlak.com/istanbul-esenyurt-cumhuriyet-satilik/residence/65982-2252
65982-2206,Emniyet Evleri,Kağıthane,İstanbul,8.250.000 TL,85,80,2 + 1,1,5 Katlı,Ara Kat,10 Yaşında,Kombi,Eşyalı Değil,Kiracılı,Kat Mülkiyeti,"Güney, Doğu",250 TL,https://www.hepsiemlak.com/istanbul-kagithane-emniyet-evleri-satilik/daire/65982-2206
39266-740,Kilidülbahir,Eceabat,Çanakkale,21.000.000 TL,389,320,6 + 2,3,2 Katlı,,37 Yaşında,Soba,Eşyalı Değil,Boş,Arsa,"Kuzey, Batı",1 TL,https://www.hepsiemlak.com/canakkale-eceabat-kilidulbahir-satilik/bina/39266-740
19492-2670,Turgutreis,Bodrum,Muğla,20.000.000 TL,300,220,4 + 2,3,2 Katlı,1. Kat,26 Yaşında,Kat Kaloriferi,Eşyalı Değil,Mülk Sahibi,Kat Mülkiyeti,"Güney, Doğu",,https://www.hepsiemlak.com/mugla-bodrum-turgutreis-satilik/daire/19492-2670
19492-2672,Peksimet,Bodrum,Muğla,18.750.000 TL,120,90,2 + 1,2,,Bahçe Katı,31 Yaşında,Belirtilmemiş,Eşyalı Değil,Mülk Sahibi,Kat Mülkiyeti,"Kuzey, Güney, Doğu, Batı",3.400 TL,https://www.hepsiemlak.com/mugla-bodrum-peksimet-satilik/mustakil-ev/19492-2672
19492-2608,Akyarlar,Bodrum,Muğla,25.000.000 TL,220,200,4 + 1,3,2 Katlı,,Sıfır Bina,Yerden Isıtma,Eşyalı Değil,Boş,Kat Mülkiyeti,"Güney, Doğu, Batı",,https://www.hepsiemlak.com/mugla-bodrum-akyarlar-satilik/mustakil-ev/19492-2608
158430-167,4 Temmuz,Karamürsel,Kocaeli,2.150.000 TL,130,110,3 + 1,1,4 Katlı,4. Kat,31 Yaşında,Kombi,Eşyalı Değil,Kiracılı,Kat Mülkiyeti,"Kuzey, Güney, Doğu, Batı",,https://www.hepsiemlak.com/kocaeli-karamursel-4-temmuz-satilik/daire/158430-167
4387-1750,Nizam,Adalar,İstanbul,160.000.000 TL,340,300,6 + 2,2,2 Katlı,,121 Yaşında,Şömine,Eşyalı Değil,Boş,Kat Mülkiyeti,"Kuzey, Güney, Doğu, Batı",,https://www.hepsiemlak.com/istanbul-adalar-nizam-satilik/kosk/4387-1750
24618-631,Mustafa Kemal Atatürk,Menemen,İzmir,5.500.000 TL,100,80,3 + 1,2,1 Katlı,,40 Yaşında,Soba,,,Tapu Yok,,,https://www.hepsiemlak.com/izmir-menemen-mustafa-kemal-ataturk-satilik/koy-evi/24618-631
63767-1263,Talatpaşa,Bergama,İzmir,5.000.000 TL,160,145,4 + 1,1,,Bahçe Katı,31 Yaşında,Soba,Eşyalı,Boş,Müstakil Tapulu,"Güney, Doğu, Batı",,https://www.hepsiemlak.com/izmir-bergama-talatpasa-satilik/mustakil-ev/63767-1263
63767-1286,İsmetpaşa,Dikili,İzmir,8.750.000 TL,90,80,2 + 1,1,4 Katlı,Yüksek Giriş,21 Yaşında,Klima,Eşyalı Değil,Boş,Kat İrtifakı,Batı,200 TL,https://www.hepsiemlak.com/izmir-dikili-ismetpasa-satilik/daire/63767-1286
63767-1267,Yahşibey,Dikili,İzmir,15.000.000 TL,165,100,2 + 1,2,,Bahçe Katı,3 Yaşında,Klima,Eşyalı,Mülk Sahibi,Müstakil Tapulu,"Güney, Batı",,https://www.hepsiemlak.com/izmir-dikili-yahsibey-satilik/mustakil-ev/63767-1267
144332-189,Molla Yusuf,Konyaaltı,Antalya,12.500.000 TL,150,130,3 + 1,2,9 Katlı,2. Kat,6 Yaşında,Merkezi (Pay Öl...,Eşyalı Değil,Boş,Kat Mülkiyeti,"Güney, Batı",,https://www.hepsiemlak.com/antalya-konyaalti-molla-yusuf-satilik/daire/144332-189
166006-38,Bahçeşehir 2. Kısım,Başakşehir,İstanbul,7.950.000 TL,90,70,2 + 1,1,7 Katlı,2. Kat,11 Yaşında,Merkezi (Pay Öl...,Eşyalı Değil,Boş,Kat Mülkiyeti,"Kuzey, Doğu",5.933 TL,https://www.hepsiemlak.com/istanbul-basaksehir-bahcesehir-2-kisim-satilik/daire/166006-38
69225-145,Şehit Osman Avcı,Etimesgut,Ankara,6.750.000 TL,95,85,2 + 1,1,9 Katlı,8. Kat,6 Yaşında,Merkezi (Pay Öl...,Eşyalı Değil,Boş,Kat İrtifakı,,4.000 TL,https://www.hepsiemlak.com/ankara-etimesgut-sehit-osman-avci-satilik/daire/69225-145
169020-1,Akpınar,Sancaktepe,İstanbul,2.580.000 TL,120,110,3 + 1,1,5 Katlı,2. Kat,31 Yaşında,Soba,Eşyalı Değil,Boş,Hisseli Tapu,"Güney, Batı",,https://www.hepsiemlak.com/istanbul-sancaktepe-akpinar-satilik/daire/169020-1
152877-65,Tepebaşı,Merkez,Zonguldak,4.400.000 TL,140,125,3 + 1,2,6 Katlı,2. Kat,20 Yaşında,Kombi,Eşyalı Değil,Boş,Kat Mülkiyeti,,,https://www.hepsiemlak.com/zonguldak-merkez-tepebasi-satilik/daire/152877-65
152877-67,İncivez,Merkez,Zonguldak,1.900.000 TL,55,53,1 + 1,1,8 Katlı,2. Kat,10 Yaşında,Kombi,Eşyalı,Kiracılı,Kat Mülkiyeti,,,https://www.hepsiemlak.com/zonguldak-merkez-incivez-satilik/daire/152877-67
168528-11,Akçalar,Nilüfer,Bursa,4.800.000 TL,140,125,3 + 1,1,4 Katlı,2. Kat,6 Yaşında,Kombi,Eşyalı Değil,Kiracılı,Kat Mülkiyeti,Kuzey,500 TL,https://www.hepsiemlak.com/bursa-nilufer-akcalar-satilik/daire/168528-11
4480-25989,Fatih,Pursaklar,Ankara,4.750.000 TL,95,90,2 + 1,1,3 Katlı,1. Kat,Sıfır Bina,Kombi,Eşyalı Değil,Boş,Kat Mülkiyeti,,,https://www.hepsiemlak.com/ankara-pursaklar-fatih-satilik/daire/4480-25989
169973-3,Işıkkent,Merkez,Isparta,13.500.000 TL,458,300,8 + 2,3,3 Katlı,,17 Yaşında,Yerden Isıtma,Eşyalı Değil,Kiracılı,Kat Mülkiyeti,"Kuzey, Güney",,https://www.hepsiemlak.com/isparta-merkez-isikkent-satilik/villa/169973-3
167819-153,Armağanevler,Ümraniye,İstanbul,11.850.000 TL,140,120,3 + 1,2,12 Katlı,12. Kat,6 Yaşında,Kombi,Eşyalı Değil,Boş,Kat Mülkiyeti,"Kuzey, Güney, Doğu, Batı",,https://www.hepsiemlak.com/istanbul-umraniye-armaganevler-satilik/daire/167819-153
167819-179,Armağanevler,Ümraniye,İstanbul,5.500.000 TL,170,140,4 + 1,2,5 Katlı,4. Kat,16 Yaşında,Kombi,Eşyalı Değil,Boş,Arsa,,,https://www.hepsiemlak.com/istanbul-umraniye-armaganevler-satilik/daire/167819-179
167819-129,Armağanevler,Ümraniye,İstanbul,5.075.000 TL,95,80,2 + 1,1,4 Katlı,1. Kat,26 Yaşında,Kombi,Eşyalı Değil,Boş,Kat İrtifakı,,,https://www.hepsiemlak.com/istanbul-umraniye-armaganevler-satilik/daire/167819-129
167819-163,Damlar,Başiskele,Kocaeli,24.500.000 TL,430,350,5 + 2,4,3 Katlı,Bahçe Katı,1 Yaşında,Yerden Isıtma,Eşyalı Değil,Kiracılı,Kat Mülkiyeti,,,https://www.hepsiemlak.com/kocaeli-basiskele-damlar-satilik/villa/167819-163
167819-143,Merkez,Bağcılar,İstanbul,9.450.000 TL,212,120,3 + 1,1,4 Katlı,3. Kat,Sıfır Bina,Kombi,Eşyalı Değil,Boş,Kat İrtifakı,,,https://www.hepsiemlak.com/istanbul-bagcilar-merkez-satilik/daire/167819-143
167819-175,Esenevler,Ümraniye,İstanbul,4.189.000 TL,85,75,3 + 1,1,8 Katlı,Bahçe Katı,11 Yaşında,Kombi,Eşyalı Değil,Boş,Kat Mülkiyeti,Güney,,https://www.hepsiemlak.com/istanbul-umraniye-esenevler-satilik/daire/167819-175
143751-231,Uzunoluk,Korkuteli,Antalya,2.350.000 TL,60,50,1 + 1,1,2 Katlı,Yüksek Giriş,Sıfır Bina,Kombi,Eşyalı Değil,Boş,Kat İrtifakı,,,https://www.hepsiemlak.com/antalya-korkuteli-uzunoluk-satilik/daire/143751-231
168238-3,Ilıca,Manavgat,Antalya,14.000.000 TL,170,150,3 + 1,2,2 Katlı,En Üst Kat,12 Yaşında,Klima,Eşyalı Değil,Mülk Sahibi,Kat Mülkiyeti,"Güney, Doğu",,https://www.hepsiemlak.com/antalya-manavgat-ilica-satilik/daire/168238-3
6792-5008,Emek,Çankaya,Ankara,7.800.000 TL,65,60,2 + 1,1,3 Katlı,Yüksek Giriş,Sıfır Bina,Kombi,Eşyalı Değil,Boş,Kat Mülkiyeti,"Güney, Doğu",500 TL,https://www.hepsiemlak.com/ankara-cankaya-emek-satilik/daire/6792-5008
170323-1,Altıntepe,Maltepe,İstanbul,10.450.000 TL,140,119,3 + 1,2,4 Katlı,3. Kat,30 Yaşında,Kombi,Eşyalı Değil,Boş,Kat Mülkiyeti,"Güney, Batı",50 TL,https://www.hepsiemlak.com/istanbul-maltepe-altintepe-satilik/daire/170323-1
170323-4,Küçükyalı,Maltepe,İstanbul,12.000.000 TL,70,64,2 + 1,1,4 Katlı,1. Kat,1 Yaşında,Kombi,Eşyalı Değil,Boş,Kat İrtifakı,Kuzey,,https://www.hepsiemlak.com/istanbul-maltepe-kucukyali-satilik/daire/170323-4
170323-3,Altıntepe,Maltepe,İstanbul,8.950.000 TL,140,125,3 + 1,1,4 Katlı,3. Kat,30 Yaşında,Kombi,,Boş,Kat Mülkiyeti,"Güney, Batı",100 TL,https://www.hepsiemlak.com/istanbul-maltepe-altintepe-satilik/daire/170323-3
156528-7,Gökevler,Esenyurt,İstanbul,2.750.000 TL,78,70,2 + 0,2,10 Katlı,6. Kat,15 Yaşında,Kombi,Eşyalı,Boş,Kat Mülkiyeti,Kuzey,2.510 TL,https://www.hepsiemlak.com/istanbul-esenyurt-gokevler-satilik/daire/156528-7
77383-1018,Demetlale,Yenimahalle,Ankara,4.200.000 TL,120,115,3 + 1,1,6 Katlı,4. Kat,28 Yaşında,Kombi,Eşyalı Değil,Boş,Kat Mülkiyeti,,,https://www.hepsiemlak.com/ankara-yenimahalle-demetlale-satilik/daire/77383-1018
152453-33,Tabaklar,Merkez,Bolu,2.850.000 TL,160,120,3 + 1,1,5 Katlı,4. Kat,16 Yaşında,Kombi,Eşyalı Değil,Boş,Kat Mülkiyeti,Güney,,https://www.hepsiemlak.com/bolu-merkez-tabaklar-satilik/daire/152453-33
161396-91,Vişnelik,Odunpazarı,Eskişehir,5.250.000 TL,95,85,2 + 1,1,3 Katlı,2. Kat,11 Yaşında,Kombi,Eşyalı Değil,Boş,Kat Mülkiyeti,"Kuzey, Güney",,https://www.hepsiemlak.com/eskisehir-odunpazari-visnelik-satilik/daire/161396-91
161396-88,Eskibağlar,Tepebaşı,Eskişehir,3.850.000 TL,165,150,3 + 1,1,4 Katlı,3. Kat,11 Yaşında,Kombi,Eşyalı Değil,Kiracılı,Kat Mülkiyeti,"Kuzey, Batı",200 TL,https://www.hepsiemlak.com/eskisehir-tepebasi-eskibaglar-satilik/daire/161396-88
166506-22,Cevat Paşa,Merkez,Çanakkale,8.150.000 TL,130,110,3 + 1,2,7 Katlı,5. Kat,3 Yaşında,Merkezi (Pay Öl...,Eşyalı Değil,Boş,Kat Mülkiyeti,"Güney, Batı",2.000 TL,https://www.hepsiemlak.com/canakkale-merkez-cevat-pasa-satilik/daire/166506-22
160848-197,Çobançeşme,Bahçelievler,İstanbul,1.950.000 TL,95,90,2 + 1,1,5 Katlı,Bahçe Katı,31 Yaşında,Doğalgaz Sobası,,Kiracılı,Hisseli Tapu,,,https://www.hepsiemlak.com/istanbul-bahcelievler-cobancesme-satilik/daire/160848-197
160848-202,Hürriyet,Bağcılar,İstanbul,12.850.000 TL,260,240,5 + 1,3,4 Katlı,4. Kat,6 Yaşında,Kombi,Eşyalı Değil,Kiracılı,Hisseli Tapu,,,https://www.hepsiemlak.com/istanbul-bagcilar-hurriyet-satilik/daire/160848-202
169150-4,Yunusemre,Kocasinan,Kayseri,3.250.000 TL,135,120,3 + 1,1,4 Katlı,Ara Kat,28 Yaşında,Kombi,Eşyalı Değil,Mülk Sahibi,Kat İrtifakı,"Kuzey, Güney, Doğu",,https://www.hepsiemlak.com/kayseri-kocasinan-yunusemre-satilik/daire/169150-4
160069-44,Çetin Emeç,Balçova,İzmir,5.150.000 TL,105,100,2 + 1,1,4 Katlı,En Üst Kat,33 Yaşında,Jeotermal Isıtm...,Eşyalı Değil,Mülk Sahibi,Kat İrtifakı,Kuzey,100 TL,https://www.hepsiemlak.com/izmir-balcova-cetin-emec-satilik/daire/160069-44
138831-341,Şambayadı,Çukurova,Adana,16.730.000 TL,250,180,4 + 1,2,2 Katlı,Bahçe Katı,Sıfır Bina,Kombi,Eşyalı Değil,Boş,Kat İrtifakı,"Kuzey, Güney, Doğu, Batı",,https://www.hepsiemlak.com/adana-cukurova-sambayadi-satilik/villa/138831-341
162557-72,Alibey,Silivri,İstanbul,4.650.000 TL,156,140,3 + 1,3,6 Katlı,5. Kat,11 Yaşında,Kombi,Eşyalı Değil,Mülk Sahibi,Kat Mülkiyeti,"Kuzey, Güney, Doğu, Batı",250 TL,https://www.hepsiemlak.com/istanbul-silivri-alibey-satilik/daire/162557-72
162557-69,Yeni,Silivri,İstanbul,6.600.000 TL,150,135,3 + 1,2,6 Katlı,2. Kat,6 Yaşında,Merkezi (Pay Öl...,Eşyalı Değil,Mülk Sahibi,Kat Mülkiyeti,"Kuzey, Güney, Doğu, Batı",,https://www.hepsiemlak.com/istanbul-silivri-yeni-satilik/daire/162557-69
162557-88,Yeni,Silivri,İstanbul,7.900.000 TL,145,120,3 + 1,2,8 Katlı,8. Kat,Sıfır Bina,Yerden Isıtma,Eşyalı Değil,Boş,Kat Mülkiyeti,Kuzey,4.225 TL,https://www.hepsiemlak.com/istanbul-silivri-yeni-satilik/daire/162557-88
6680-24152,Gümüşpala,Avcılar,İstanbul,2.750.000 TL,120,110,3 + 1,1,5 Katlı,Yüksek Giriş,30 Yaşında,Kombi,Eşyalı Değil,Kiracılı,Kat Mülkiyeti,Güney,500 TL,https://www.hepsiemlak.com/istanbul-avcilar-gumuspala-satilik/daire/6680-24152
144780-160,Ayazağa,Sarıyer,İstanbul,26.000.000 TL,190,108,2 + 1,2,8 Katlı,Bahçe Katı,Sıfır Bina,Merkezi (Pay Öl...,Eşyalı Değil,Boş,Yabancıdan,"Kuzey, Güney, Batı",,https://www.hepsiemlak.com/istanbul-sariyer-ayazaga-satilik/residence/144780-160
5588-535,Meydan,İskenderun,Hatay,7.500.000 TL,160,145,3 + 1,3,3 Katlı,Çatı Katı,Sıfır Bina,Isıtma Yok,Eşyalı Değil,Boş,Kat İrtifakı,,,https://www.hepsiemlak.com/hatay-iskenderun-meydan-satilik/daire/5588-535
144780-224,Bahçeşehir 1. Kısım,Başakşehir,İstanbul,6.150.000 TL,123,60,2 + 1,1,15 Katlı,1. Kat,3 Yaşında,Merkezi (Pay Öl...,Eşyalı,Boş,Yabancıdan,"Kuzey, Batı",6.000 TL,https://www.hepsiemlak.com/istanbul-basaksehir-bahcesehir-1-kisim-satilik/daire/144780-224
54400-7355,Şehitlik,Polatlı,Ankara,3.000.000 TL,135,120,3 + 1,1,5 Katlı,4. Kat,20 Yaşında,Kombi,Eşyalı Değil,Kiracılı,Kat Mülkiyeti,"Kuzey, Doğu",,https://www.hepsiemlak.com/ankara-polatli-sehitlik-satilik/daire/54400-7355
54400-7424,Kurtuluş,Polatlı,Ankara,2.000.000 TL,125,120,3 + 1,1,3 Katlı,En Üst Kat,30 Yaşında,Kombi,Eşyalı Değil,Mülk Sahibi,Kat Mülkiyeti,Kuzey,,https://www.hepsiemlak.com/ankara-polatli-kurtulus-satilik/daire/54400-7424
54400-7404,Şentepe,Polatlı,Ankara,4.250.000 TL,170,150,4 + 1,2,7 Katlı,6. Kat,Sıfır Bina,Kombi,Eşyalı Değil,Boş,Kat İrtifakı,"Güney, Doğu, Batı",,https://www.hepsiemlak.com/ankara-polatli-sentepe-satilik/daire/54400-7404
92223-3068,Cengizhan,Mamak,Ankara,4.349.000 TL,230,220,6 + 1,2,12 Katlı,Kot 1,8 Yaşında,Kombi,Eşyalı Değil,Mülk Sahibi,Yabancıdan,"Güney, Doğu, Batı",300 TL,https://www.hepsiemlak.com/ankara-mamak-cengizhan-satilik/daire/92223-3068
52250-1298,Şentepe,Polatlı,Ankara,4.100.000 TL,170,150,4 + 1,2,7 Katlı,7. Kat,Sıfır Bina,Kombi,Eşyalı Değil,Boş,Kat İrtifakı,"Güney, Doğu, Batı",,https://www.hepsiemlak.com/ankara-polatli-sentepe-satilik/daire/52250-1298
150892-135,Yenimahalle,Atakum,Samsun,3.200.000 TL,55,50,1 + 1,1,5 Katlı,4. Kat,9 Yaşında,Kombi,Eşyalı,Kiracılı,Kat İrtifakı,"Kuzey, Güney, Doğu, Batı",,https://www.hepsiemlak.com/samsun-atakum-yenimahalle-satilik/daire/150892-135
150892-146,Körfez,Atakum,Samsun,3.000.000 TL,100,95,2 + 1,1,4 Katlı,Yüksek Giriş,6 Yaşında,Kombi,Eşyalı,Boş,Kat Mülkiyeti,"Kuzey, Batı",800 TL,https://www.hepsiemlak.com/samsun-atakum-korfez-satilik/daire/150892-146
150892-114,Cumhuriyet,Atakum,Samsun,1.950.000 TL,110,85,2 + 1,1,5 Katlı,Giriş Katı,21 Yaşında,Kombi,Eşyalı Değil,Boş,Yabancıdan,"Güney, Batı",,https://www.hepsiemlak.com/samsun-atakum-cumhuriyet-satilik/daire/150892-114
74029-459,Yalı,Kartal,İstanbul,8.300.000 TL,110,100,3 + 1,1,6 Katlı,Ara Kat,15 Yaşında,Kombi,Eşyalı Değil,Kiracılı,Kat Mülkiyeti,,,https://www.hepsiemlak.com/istanbul-kartal-yali-satilik/daire/74029-459
77851-277,Ayvansaray,Fatih,İstanbul,3.500.000 TL,85,80,2 + 1,1,5 Katlı,3. Kat,31 Yaşında,Doğalgaz Sobası,Eşyalı Değil,Boş,Yabancıdan,,150 TL,https://www.hepsiemlak.com/istanbul-fatih-ayvansaray-satilik/daire/77851-277
156641-30,Süleymanlar,Ereğli,Zonguldak,4.100.000 TL,90,85,2 + 1,1,4 Katlı,En Üst Kat,16 Yaşında,Merkezi,,Boş,Kat İrtifakı,,2.000 TL,https://www.hepsiemlak.com/zonguldak-eregli-suleymanlar-satilik/daire/156641-30
137300-40,Yazır,Selçuklu,Konya,5.900.000 TL,160,140,3 + 1,2,2 Katlı,En Üst Kat,12 Yaşında,Kombi,Eşyalı Değil,Kiracılı,Kat Mülkiyeti,"Kuzey, Batı",250 TL,https://www.hepsiemlak.com/konya-selcuklu-yazir-satilik/daire/137300-40
118554-844,Cevher Dudayev,Merkez,Nevşehir,6.390.000 TL,215,190,4 + 1,2,8 Katlı,3. Kat,Sıfır Bina,Kombi,Eşyalı Değil,Boş,Tapu Yok,,,https://www.hepsiemlak.com/nevsehir-merkez-cevher-dudayev-satilik/daire/118554-844
10943-3434,Kırkkonaklar,Çankaya,Ankara,4.999.000 TL,75,68,2 + 1,1,2 Katlı,Giriş Katı,Sıfır Bina,Yerden Isıtma,Eşyalı Değil,Boş,Kat Mülkiyeti,"Güney, Doğu, Batı",1.000 TL,https://www.hepsiemlak.com/ankara-cankaya-kirkkonaklar-satilik/daire/10943-3434
170362-31,Bucak,Altınordu,Ordu,4.150.000 TL,120,115,2 + 1,1,4 Katlı,3. Kat,31 Yaşında,Kombi,Eşyalı Değil,Mülk Sahibi,Kat İrtifakı,,,https://www.hepsiemlak.com/ordu-altinordu-bucak-satilik/daire/170362-31
170362-19,Karşıyaka,Altınordu,Ordu,2.390.000 TL,125,120,3 + 1,1,5 Katlı,Bodrum,6 Yaşında,Kombi,Eşyalı Değil,Mülk Sahibi,Kat Mülkiyeti,,,https://www.hepsiemlak.com/ordu-altinordu-karsiyaka-satilik/daire/170362-19
170362-27,Şahincili,Altınordu,Ordu,2.890.000 TL,110,100,2 + 1,1,4 Katlı,1. Kat,21 Yaşında,Kombi,Eşyalı Değil,Boş,Kat Mülkiyeti,,,https://www.hepsiemlak.com/ordu-altinordu-sahincili-satilik/daire/170362-27
57848-2868,Altınkum,Edremit,Balıkesir,3.600.000 TL,95,90,2 + 1,1,3 Katlı,3. Kat,27 Yaşında,Kombi,Eşyalı,Boş,Kat Mülkiyeti,,,https://www.hepsiemlak.com/balikesir-edremit-altinkum-satilik/daire/57848-2868
57848-2825,Sarıkız,Edremit,Balıkesir,3.950.000 TL,100,95,2 + 1,1,3 Katlı,2. Kat,25 Yaşında,Kat Kaloriferi,Eşyalı Değil,Boş,Kat Mülkiyeti,,,https://www.hepsiemlak.com/balikesir-edremit-sarikiz-satilik/daire/57848-2825
125854-4974,Yeniköy,Döşemealtı,Antalya,6.000.000 TL,135,110,3 + 1,1,5 Katlı,Yüksek Giriş,Sıfır Bina,Kombi,Eşyalı Değil,Mülk Sahibi,Kat Mülkiyeti,"Güney, Doğu",2.000 TL,https://www.hepsiemlak.com/antalya-dosemealti-yenikoy-satilik/daire/125854-4974
161274-176,Şeyh Sinan,Çorlu,Tekirdağ,2.875.000 TL,135,125,3 + 1,1,5 Katlı,4. Kat,21 Yaşında,Kombi,Eşyalı,Boş,Kat İrtifakı,"Kuzey, Batı",,https://www.hepsiemlak.com/tekirdag-corlu-seyh-sinan-satilik/daire/161274-176
161274-232,Hürriyet,Çorlu,Tekirdağ,2.650.000 TL,50,40,1 + 1,1,14 Katlı,12. Kat,1 Yaşında,Merkezi (Pay Öl...,Eşyalı Değil,Kiracılı,Kat Mülkiyeti,Doğu,,https://www.hepsiemlak.com/tekirdag-corlu-hurriyet-satilik/daire/161274-232
161274-214,Hürriyet,Çorlu,Tekirdağ,8.750.000 TL,165,145,3 + 1,2,5 Katlı,2. Kat,6 Yaşında,Kombi,Eşyalı Değil,Mülk Sahibi,Kat Mülkiyeti,"Kuzey, Doğu, Batı",2.250 TL,https://www.hepsiemlak.com/tekirdag-corlu-hurriyet-satilik/daire/161274-214
163143-36,Hamidiye,Gerze,Sinop,4.750.000 TL,235,220,4 + 1,1,4 Katlı,2. Kat,15 Yaşında,Kombi,Eşyalı Değil,,Kat Mülkiyeti,,,https://www.hepsiemlak.com/sinop-gerze-hamidiye-satilik/daire/163143-36
170144-4,Hamidiye,Edremit,Balıkesir,5.650.000 TL,150,140,3 + 1,2,6 Katlı,Ara Kat,15 Yaşında,Kombi,Eşyalı,Boş,Yabancıdan,"Kuzey, Güney, Doğu, Batı",350 TL,https://www.hepsiemlak.com/balikesir-edremit-hamidiye-satilik/daire/170144-4
132074-161,Kazımiye,Çorlu,Tekirdağ,1.800.000 TL,100,90,2 + 1,1,5 Katlı,1. Kat,21 Yaşında,Kombi,Eşyalı Değil,Boş,Kat Mülkiyeti,"Güney, Doğu",250 TL,https://www.hepsiemlak.com/tekirdag-corlu-kazimiye-satilik/daire/132074-161
132074-162,Havuzlar,Çorlu,Tekirdağ,2.400.000 TL,65,45,1 + 1,1,2 Katlı,1. Kat,Sıfır Bina,Kombi,Eşyalı Değil,Boş,Kat Mülkiyeti,"Güney, Batı",,https://www.hepsiemlak.com/tekirdag-corlu-havuzlar-satilik/daire/132074-162
132074-159,Şeyh Sinan,Çorlu,Tekirdağ,2.250.000 TL,130,115,3 + 1,1,5 Katlı,Yüksek Giriş,26 Yaşında,Kombi,Eşyalı Değil,Mülk Sahibi,Kat Mülkiyeti,"Güney, Doğu",200 TL,https://www.hepsiemlak.com/tekirdag-corlu-seyh-sinan-satilik/daire/132074-159
132074-143,Reşadiye,Çorlu,Tekirdağ,2.400.000 TL,125,115,3 + 1,1,5 Katlı,1. Kat,26 Yaşında,Kombi,Eşyalı Değil,Boş,Kat İrtifakı,"Güney, Doğu, Batı",250 TL,https://www.hepsiemlak.com/tekirdag-corlu-resadiye-satilik/daire/132074-143
132074-160,Şeyh Sinan,Çorlu,Tekirdağ,1.400.000 TL,75,65,2 + 1,1,4 Katlı,Bahçe Katı,11 Yaşında,Kombi,Eşyalı Değil,Boş,Kat İrtifakı,"Kuzey, Güney",250 TL,https://www.hepsiemlak.com/tekirdag-corlu-seyh-sinan-satilik/daire/132074-160
169721-14,Tuzluçayır,Mamak,Ankara,2.818.000 TL,120,110,3 + 1,1,3 Katlı,Giriş Katı,16 Yaşında,Kombi,Eşyalı Değil,Mülk Sahibi,Kat Mülkiyeti,,,https://www.hepsiemlak.com/ankara-mamak-tuzlucayir-satilik/daire/169721-14
146775-144,Yeniçiftlik,Marmaraereğlisi,Tekirdağ,5.500.000 TL,160,140,2 + 1,2,2 Katlı,Bahçe Katı,Sıfır Bina,Kombi,Eşyalı Değil,Boş,Kat İrtifakı,"Güney, Doğu",,https://www.hepsiemlak.com/tekirdag-marmaraereglisi-yeniciftlik-satilik/villa/146775-144
148627-12,75. Yıl,Mezitli,Mersin,3.600.000 TL,145,130,3 + 1,1,9 Katlı,4. Kat,21 Yaşında,Kombi,Eşyalı,Boş,Yabancıdan,"Kuzey, Batı",,https://www.hepsiemlak.com/mersin-mezitli-75-yil-satilik/daire/148627-12
148627-23,Bahçe,Akdeniz,Mersin,2.690.000 TL,160,145,3 + 1,1,6 Katlı,6. Kat,21 Yaşında,Klima,Eşyalı Değil,Boş,Yabancıdan,"Güney, Batı",,https://www.hepsiemlak.com/mersin-akdeniz-bahce-satilik/daire/148627-23
166305-138,Cumhuriyet,Altınordu,Ordu,3.125.000 TL,55,47,1 + 1,1,3 Katlı,1. Kat,Sıfır Bina,Yerden Isıtma,Eşyalı Değil,Boş,Tapu Yok,"Kuzey, Güney, Doğu, Batı",,https://www.hepsiemlak.com/ordu-altinordu-cumhuriyet-satilik/daire/166305-138
170149-11,Yeniköy,Döşemealtı,Antalya,10.250.000 TL,265,190,4 + 1,3,3 Katlı,Bahçe Katı,Sıfır Bina,Yerden Isıtma,Eşyalı Değil,Boş,Kat İrtifakı,"Kuzey, Güney, Doğu, Batı",,https://www.hepsiemlak.com/antalya-dosemealti-yenikoy-satilik/villa/170149-11
166305-264,Durugöl,Altınordu,Ordu,5.975.000 TL,145,135,3 + 1,1,3 Katlı,2. Kat,4 Yaşında,Kombi,Eşyalı Değil,Boş,Kat Mülkiyeti,"Kuzey, Güney, Doğu, Batı",,https://www.hepsiemlak.com/ordu-altinordu-durugol-satilik/daire/166305-264
170149-1,Altınkum,Konyaaltı,Antalya,56.000.000 TL,150,130,2 + 1,2,9 Katlı,8. Kat,4 Yaşında,Yerden Isıtma,Eşyalı Değil,Boş,Kat İrtifakı,"Güney, Doğu",,https://www.hepsiemlak.com/antalya-konyaalti-altinkum-satilik/daire/170149-1
166305-313,Kumbaşı,Altınordu,Ordu,4.790.000 TL,160,140,3 + 1,1,3 Katlı,1. Kat,11 Yaşında,Kombi,Eşyalı Değil,Kiracılı,Kat Mülkiyeti,"Kuzey, Güney, Doğu, Batı",,https://www.hepsiemlak.com/ordu-altinordu-kumbasi-satilik/daire/166305-313
170149-8,Tekirova,Kemer,Antalya,29.000.000 TL,201,185,4 + 1,3,2 Katlı,Bahçe Katı,3 Yaşında,Klima,Eşyalı Değil,Boş,Kat İrtifakı,"Kuzey, Güney, Doğu, Batı",,https://www.hepsiemlak.com/antalya-kemer-tekirova-satilik/villa/170149-8
166305-266,Kumbaşı,Altınordu,Ordu,11.000.000 TL,200,180,3 + 1,2,2 Katlı,Bahçe Katı,Sıfır Bina,Kombi,Eşyalı Değil,Boş,Tapu Yok,"Kuzey, Doğu, Batı",,https://www.hepsiemlak.com/ordu-altinordu-kumbasi-satilik/villa/166305-266
3990-3662,Altıntepe,Maltepe,İstanbul,9.975.000 TL,105,87,2 + 1,1,3 Katlı,3. Kat,35 Yaşında,Merkezi,Eşyalı Değil,Mülk Sahibi,Kat Mülkiyeti,"Güney, Doğu",,https://www.hepsiemlak.com/istanbul-maltepe-altintepe-satilik/daire/3990-3662
141517-168,Sapan Bağları,Pendik,İstanbul,7.500.000 TL,100,85,2 + 1,1,8 Katlı,6. Kat,15 Yaşında,Kombi,Eşyalı Değil,,Kat Mülkiyeti,Güney,400 TL,https://www.hepsiemlak.com/istanbul-pendik-sapan-baglari-satilik/daire/141517-168
168930-7,Şirintepe,Tepebaşı,Eskişehir,2.950.000 TL,105,95,2 + 1,1,3 Katlı,2. Kat,5 Yaşında,Kombi,Eşyalı Değil,Boş,Kat Mülkiyeti,"Kuzey, Güney",500 TL,https://www.hepsiemlak.com/eskisehir-tepebasi-sirintepe-satilik/daire/168930-7
132217-687,Güzelyurt,Esenyurt,İstanbul,3.499.900 TL,149,138,3 + 1,2,5 Katlı,3. Kat,Sıfır Bina,Kombi,Eşyalı Değil,Boş,Kat Mülkiyeti,"Kuzey, Güney, Doğu, Batı",,https://www.hepsiemlak.com/istanbul-esenyurt-guzelyurt-satilik/daire/132217-687
77383-1032,Demetlale,Yenimahalle,Ankara,2.975.000 TL,125,120,3 + 1,1,6 Katlı,3. Kat,45 Yaşında,Kombi,,Boş,Kat Mülkiyeti,,,https://www.hepsiemlak.com/ankara-yenimahalle-demetlale-satilik/daire/77383-1032
129504-1306,Ayvalı,Keçiören,Ankara,6.345.000 TL,160,145,4 + 1,2,4 Katlı,2. Kat,11 Yaşında,Kombi,Eşyalı Değil,Boş,Kat Mülkiyeti,"Güney, Batı",250 TL,https://www.hepsiemlak.com/ankara-kecioren-ayvali-satilik/daire/129504-1306
129504-1295,Etlik,Keçiören,Ankara,4.650.000 TL,125,115,3 + 1,1,3 Katlı,1. Kat,21 Yaşında,Kombi,Eşyalı Değil,Mülk Sahibi,Kat Mülkiyeti,"Doğu, Batı",200 TL,https://www.hepsiemlak.com/ankara-kecioren-etlik-satilik/daire/129504-1295
151714-12,Eğitim,Kadıköy,İstanbul,14.500.000 TL,110,85,3 + 1,1,9 Katlı,4. Kat,Sıfır Bina,Kombi,Eşyalı Değil,Boş,Kat Mülkiyeti,"Güney, Doğu",,https://www.hepsiemlak.com/istanbul-kadikoy-egitim-satilik/daire/151714-12
8972-4560,Arka Topraklık,Çankaya,Ankara,3.750.000 TL,100,90,2 + 1,1,3 Katlı,2. Kat,30 Yaşında,Kombi,Eşyalı Değil,Mülk Sahibi,Kat Mülkiyeti,"Güney, Doğu, Batı",500 TL,https://www.hepsiemlak.com/ankara-cankaya-arka-topraklik-satilik/daire/8972-4560
8972-4565,Kutlu,Mamak,Ankara,3.750.000 TL,110,100,3 + 1,1,3 Katlı,1. Kat,20 Yaşında,Kombi,Eşyalı Değil,Boş,Kat Mülkiyeti,"Güney, Doğu, Batı",500 TL,https://www.hepsiemlak.com/ankara-mamak-kutlu-satilik/daire/8972-4565
8972-4569,Arka Topraklık,Çankaya,Ankara,3.750.000 TL,110,100,3 + 1,1,3 Katlı,1. Kat,40 Yaşında,Kombi,Eşyalı Değil,Boş,Kat Mülkiyeti,"Güney, Doğu, Batı",500 TL,https://www.hepsiemlak.com/ankara-cankaya-arka-topraklik-satilik/daire/8972-4569
97973-760,Fevzi Çakmak,Merkez,Burdur,2.425.000 TL,75,65,2 + 1,1,2 Katlı,2. Kat,9 Yaşında,Kombi,Eşyalı,Boş,Kat Mülkiyeti,Güney,,https://www.hepsiemlak.com/burdur-merkez-fevzi-cakmak-satilik/daire/97973-760
5042-3681,Bahçelievler,Çankaya,Ankara,13.500.000 TL,90,80,2 + 1,1,3 Katlı,2. Kat,Sıfır Bina,Kombi,Eşyalı Değil,Boş,Kat İrtifakı,Doğu,1.000 TL,https://www.hepsiemlak.com/ankara-cankaya-bahcelievler-satilik/daire/5042-3681
163599-30,Kerpe,Kandıra,Kocaeli,7.300.000 TL,175,150,4 + 1,2,2 Katlı,Bahçe Katı,Sıfır Bina,Kombi,Eşyalı Değil,Boş,Kat İrtifakı,"Kuzey, Güney, Batı",,https://www.hepsiemlak.com/kocaeli-kandira-kerpe-satilik/villa/163599-30
142510-730,Suadiye,Kadıköy,İstanbul,13.750.000 TL,95,70,2 + 1,1,7 Katlı,Bahçe Katı,6 Yaşında,Kombi,Eşyalı Değil,Kiracılı,Kat Mülkiyeti,"Güney, Doğu, Batı",,https://www.hepsiemlak.com/istanbul-kadikoy-suadiye-satilik/daire/142510-730
142510-748,Caddebostan,Kadıköy,İstanbul,44.950.000 TL,165,130,4 + 1,2,14 Katlı,12. Kat,5 Yaşında,Merkezi (Pay Öl...,Eşyalı Değil,Boş,Kat Mülkiyeti,"Kuzey, Güney, Doğu",,https://www.hepsiemlak.com/istanbul-kadikoy-caddebostan-satilik/daire/142510-748
168768-62,Mevlana,Ataşehir,İstanbul,10.950.000 TL,115,100,3 + 1,2,14 Katlı,4. Kat,31 Yaşında,Kombi,Eşyalı Değil,Mülk Sahibi,Kat İrtifakı,"Güney, Doğu",1.250 TL,https://www.hepsiemlak.com/istanbul-atasehir-mevlana-satilik/daire/168768-62
24701-7933,İsmetpaşa,Ayvalık,Balıkesir,12.000.000 TL,142,120,2 + 1,1,2 Katlı,,5 Yaşında,Klima,Eşyalı Değil,Mülk Sahibi,Müstakil Tapulu,"Kuzey, Güney, Doğu, Batı",,https://www.hepsiemlak.com/balikesir-ayvalik-ismetpasa-satilik/mustakil-ev/24701-7933
24701-8111,Namık Kemal,Ayvalık,Balıkesir,25.000.000 TL,200,150,5 + 1,3,2 Katlı,,10 Yaşında,Klima,Eşyalı Değil,Mülk Sahibi,Kat Mülkiyeti,"Kuzey, Güney, Doğu, Batı",,https://www.hepsiemlak.com/balikesir-ayvalik-namik-kemal-satilik/villa/24701-8111
24701-7265,Sahil Kent,Ayvalık,Balıkesir,25.000.000 TL,170,140,3 + 1,3,2 Katlı,,3 Yaşında,Kat Kaloriferi,Eşyalı Değil,Boş,Kat Mülkiyeti,"Kuzey, Güney, Doğu, Batı",,https://www.hepsiemlak.com/balikesir-ayvalik-sahil-kent-satilik/villa/24701-7265
24701-7566,Mithatpaşa,Ayvalık,Balıkesir,45.000.000 TL,250,110,3 + 1,3,2 Katlı,,Sıfır Bina,Yerden Isıtma,Eşyalı Değil,Boş,Kat Mülkiyeti,"Kuzey, Güney, Doğu, Batı",,https://www.hepsiemlak.com/balikesir-ayvalik-mithatpasa-satilik/villa/24701-7566
24701-8102,Fethiye,Ayvalık,Balıkesir,7.250.000 TL,85,70,2 + 1,1,2 Katlı,,29 Yaşında,Klima,Eşyalı,Mülk Sahibi,Müstakil Tapulu,"Kuzey, Güney, Doğu, Batı",,https://www.hepsiemlak.com/balikesir-ayvalik-fethiye-satilik/mustakil-ev/24701-8102
57329-2260,Alsancak,Etimesgut,Ankara,4.275.000 TL,125,120,3 + 1,1,7 Katlı,6. Kat,12 Yaşında,Kombi,Eşyalı Değil,Boş,Kat Mülkiyeti,"Güney, Batı",250 TL,https://www.hepsiemlak.com/ankara-etimesgut-alsancak-satilik/daire/57329-2260
14043-15924,Akdeniz,Mezitli,Mersin,3.200.000 TL,100,90,2 + 1,1,4 Katlı,1. Kat,30 Yaşında,Klima,Eşyalı,Kiracılı,Kat İrtifakı,"Kuzey, Güney, Doğu",,https://www.hepsiemlak.com/mersin-mezitli-akdeniz-satilik/daire/14043-15924
37033-4075,Alsancak,Konak,İzmir,6.900.000 TL,125,115,3 + 1,1,7 Katlı,4. Kat,35 Yaşında,Klima,Eşyalı Değil,Mülk Sahibi,Kat Mülkiyeti,Batı,,https://www.hepsiemlak.com/izmir-konak-alsancak-satilik/daire/37033-4075
3897-1900,Bahçelievler,Çankaya,Ankara,4.950.000 TL,95,80,3 + 1,1,3 Katlı,Yüksek Giriş,35 Yaşında,Merkezi,Eşyalı Değil,Kiracılı,Kat Mülkiyeti,"Doğu, Batı",1.750 TL,https://www.hepsiemlak.com/ankara-cankaya-bahcelievler-satilik/daire/3897-1900
165788-78,Kurtuluş,Odunpazarı,Eskişehir,3.900.000 TL,115,105,2 + 1,1,4 Katlı,2. Kat,16 Yaşında,Kombi,Eşyalı Değil,Mülk Sahibi,Kat Mülkiyeti,,500 TL,https://www.hepsiemlak.com/eskisehir-odunpazari-kurtulus-satilik/daire/165788-78
165788-99,İstiklal,Odunpazarı,Eskişehir,3.000.000 TL,115,100,3 + 1,1,4 Katlı,4. Kat,31 Yaşında,Merkezi,Eşyalı Değil,Kiracılı,Kat Mülkiyeti,,,https://www.hepsiemlak.com/eskisehir-odunpazari-istiklal-satilik/daire/165788-99
165788-13,Şarhöyük,Tepebaşı,Eskişehir,5.050.000 TL,250,234,4 + 1,2,4 Katlı,4. Kat,6 Yaşında,Kombi,Eşyalı Değil,Boş,Kat Mülkiyeti,,450 TL,https://www.hepsiemlak.com/eskisehir-tepebasi-sarhoyuk-satilik/daire/165788-13
14713-1022,Acıbadem,Kadıköy,İstanbul,13.800.000 TL,120,100,3 + 1,1,5 Katlı,4. Kat,36 Yaşında,Merkezi,Eşyalı Değil,Kiracılı,Kat Mülkiyeti,"Kuzey, Doğu",1.500 TL,https://www.hepsiemlak.com/istanbul-kadikoy-acibadem-satilik/daire/14713-1022
5555-37040,Suadiye,Kadıköy,İstanbul,19.950.000 TL,110,80,2 + 1,1,3 Katlı,Bahçe Katı,31 Yaşında,Merkezi,Eşyalı Değil,Boş,Kat Mülkiyeti,"Güney, Doğu",,https://www.hepsiemlak.com/istanbul-kadikoy-suadiye-satilik/daire/5555-37040
40658-22034,Bozkurt,Şişli,İstanbul,13.000.000 TL,180,129,4 + 1,1,6 Katlı,6. Kat,33 Yaşında,Kombi,Eşyalı Değil,Boş,Kat Mülkiyeti,Güney,500 TL,https://www.hepsiemlak.com/istanbul-sisli-bozkurt-satilik/daire/40658-22034
40658-22607,Atakent,Küçükçekmece,İstanbul,12.850.000 TL,120,102,3 + 1,2,11 Katlı,9. Kat,20 Yaşında,Kombi,Eşyalı Değil,Mülk Sahibi,Kat Mülkiyeti,"Kuzey, Batı",,https://www.hepsiemlak.com/istanbul-kucukcekmece-atakent-satilik/daire/40658-22607
40658-22482,Atakent,Küçükçekmece,İstanbul,6.980.000 TL,60,48,1 + 1,1,14 Katlı,8. Kat,11 Yaşında,Merkezi (Pay Öl...,Eşyalı Değil,Boş,Kat Mülkiyeti,,,https://www.hepsiemlak.com/istanbul-kucukcekmece-atakent-satilik/daire/40658-22482
40658-22615,Ziya Gökalp,Başakşehir,İstanbul,12.950.000 TL,145,120,3 + 1,2,27 Katlı,Ara Kat,8 Yaşında,Merkezi (Pay Öl...,Eşyalı,Mülk Sahibi,Tapu Yok,Batı,7.000 TL,https://www.hepsiemlak.com/istanbul-basaksehir-ziya-gokalp-satilik/daire/40658-22615
16761-33335,Şehit Cengiz Karaca,Çankaya,Ankara,12.900.000 TL,185,170,4 + 1,2,4 Katlı,4. Kat,17 Yaşında,Kombi,Eşyalı Değil,Boş,Kat Mülkiyeti,"Güney, Doğu",500 TL,https://www.hepsiemlak.com/ankara-cankaya-sehit-cengiz-karaca-satilik/daire/16761-33335
40658-22540,Dursunköy,Arnavutköy,İstanbul,8.250.000 TL,88,60,2 + 1,1,3 Katlı,Zemin,Sıfır Bina,Merkezi (Pay Öl...,Eşyalı Değil,Boş,Tapu Yok,Güney,,https://www.hepsiemlak.com/istanbul-arnavutkoy-dursunkoy-satilik/daire/40658-22540
169844-18,Altınşehir,Ümraniye,İstanbul,6.700.000 TL,85,75,2 + 1,1,4 Katlı,4. Kat,6 Yaşında,Kombi,Eşyalı Değil,Boş,Kat Mülkiyeti,"Güney, Doğu",,https://www.hepsiemlak.com/istanbul-umraniye-altinsehir-satilik/daire/169844-18
169844-12,Göztepe,Kadıköy,İstanbul,18.900.000 TL,117,78,1 + 1,2,30 Katlı,10. Kat,6 Yaşında,Merkezi (Pay Öl...,Eşyalı Değil,Boş,Kat Mülkiyeti,"Güney, Doğu",,https://www.hepsiemlak.com/istanbul-kadikoy-goztepe-satilik/residence/169844-12
164233-11,Yeniçiftlik,Marmaraereğlisi,Tekirdağ,2.890.000 TL,50,40,1 + 1,1,3 Katlı,1. Kat,Sıfır Bina,Kombi,Eşyalı Değil,Boş,Kat İrtifakı,Güney,,https://www.hepsiemlak.com/tekirdag-marmaraereglisi-yeniciftlik-satilik/daire/164233-11
164233-120,Yeniçiftlik,Marmaraereğlisi,Tekirdağ,7.250.000 TL,210,200,4 + 0,3,3 Katlı,Bahçe Katı,Sıfır Bina,Yerden Isıtma,,,Kat Mülkiyeti,,,https://www.hepsiemlak.com/tekirdag-marmaraereglisi-yeniciftlik-satilik/ciftlik-evi/164233-120
126649-36,Mimar Sinan,Tuzla,İstanbul,3.900.000 TL,76,68,2 + 1,1,4 Katlı,Yüksek Giriş,Sıfır Bina,Yerden Isıtma,Eşyalı Değil,Boş,Kat Mülkiyeti,"Güney, Doğu",,https://www.hepsiemlak.com/istanbul-tuzla-mimar-sinan-satilik/daire/126649-36
110946-236,13 Mart,Artuklu,Mardin,1.170.000 TL,85,80,1 + 1,1,6 Katlı,Kot 1,5 Yaşında,Kombi,Eşyalı Değil,Mülk Sahibi,Tapu Yok,"Kuzey, Doğu",550 TL,https://www.hepsiemlak.com/mardin-artuklu-13-mart-satilik/daire/110946-236
110946-263,Yalım,Artuklu,Mardin,3.950.000 TL,160,155,3 + 1,1,1 Katlı,,50 Yaşında,Soba,Eşyalı Değil,Boş,Tapu Yok,"Güney, Doğu",,https://www.hepsiemlak.com/mardin-artuklu-yalim-satilik/mustakil-ev/110946-263
110946-264,Yenişehir,Artuklu,Mardin,4.350.000 TL,155,140,3 + 1,2,14 Katlı,10. Kat,4 Yaşında,Kombi,Eşyalı Değil,Boş,Tapu Yok,"Kuzey, Doğu",1.100 TL,https://www.hepsiemlak.com/mardin-artuklu-yenisehir-satilik/daire/110946-264
110946-267,13 Mart,Artuklu,Mardin,2.750.000 TL,155,145,3 + 1,1,6 Katlı,3. Kat,20 Yaşında,Kombi,Eşyalı Değil,Kiracılı,Tapu Yok,"Güney, Doğu",850 TL,https://www.hepsiemlak.com/mardin-artuklu-13-mart-satilik/daire/110946-267
110946-248,Ensar,Artuklu,Mardin,8.000.000 TL,300,280,9 + 2,3,2 Katlı,,20 Yaşında,Soba,Eşyalı Değil,Kiracılı,Tapu Yok,"Kuzey, Güney",,https://www.hepsiemlak.com/mardin-artuklu-ensar-satilik/mustakil-ev/110946-248
137055-162,Ömeroba,Lalapaşa,Edirne,4.000.000 TL,95,85,2 + 1,1,1 Katlı,,25 Yaşında,Soba,Eşyalı Değil,Belirtilmemiş,Hisseli Tapu,"Kuzey, Güney, Doğu, Batı",1 TL,https://www.hepsiemlak.com/edirne-lalapasa-omeroba-satilik/koy-evi/137055-162
137055-135,Nasuhbey,Meriç,Edirne,2.700.000 TL,100,90,3 + 1,1,1 Katlı,,40 Yaşında,Soba,Eşyalı Değil,Boş,Hisseli Tapu,"Kuzey, Güney, Doğu, Batı",1 TL,https://www.hepsiemlak.com/edirne-meric-nasuhbey-satilik/koy-evi/137055-135
16076-519,Merkez,Kağıthane,İstanbul,14.500.000 TL,240,206,5 + 1,2,12 Katlı,Yüksek Giriş,21 Yaşında,Kombi,Eşyalı Değil,Mülk Sahibi,Kat İrtifakı,Güney,2.200 TL,https://www.hepsiemlak.com/istanbul-kagithane-merkez-satilik/daire/16076-519
119915-615,Gözlet,Saruhanlı,Manisa,4.950.000 TL,1200,1080,3 + 2,2,1 Katlı,,15 Yaşında,Soba,Eşyalı Değil,Mülk Sahibi,Müstakil Tapulu,"Kuzey, Güney, Doğu, Batı",,https://www.hepsiemlak.com/manisa-saruhanli-gozlet-satilik/mustakil-ev/119915-615
13110-1556,Aşağı Eğlence,Keçiören,Ankara,8.500.000 TL,145,135,3 + 1,1,4 Katlı,2. Kat,30 Yaşında,Kombi,Eşyalı Değil,Boş,Müstakil Tapulu,"Kuzey, Güney, Batı",,https://www.hepsiemlak.com/ankara-kecioren-asagi-eglence-satilik/daire/13110-1556
94193-361,İskele,Edremit,Balıkesir,8.150.000 TL,150,100,1 + 1,2,2 Katlı,En Üst Kat,32 Yaşında,Klima,Eşyalı,Boş,Kat İrtifakı,Güney,,https://www.hepsiemlak.com/balikesir-edremit-iskele-satilik/daire/94193-361
8846-374,Kuşcağız,Keçiören,Ankara,2.769.000 TL,100,90,2 + 1,1,3 Katlı,Giriş Katı,13 Yaşında,Kombi,Eşyalı Değil,Mülk Sahibi,Kat Mülkiyeti,,,https://www.hepsiemlak.com/ankara-kecioren-kuscagiz-satilik/daire/8846-374
54871-4726,Kisecik,Antakya,Hatay,2.500.000 TL,120,105,3 + 1,1,2 Katlı,2. Kat,Sıfır Bina,Merkezi,Eşyalı Değil,Boş,Tapu Yok,"Kuzey, Güney, Doğu, Batı",,https://www.hepsiemlak.com/hatay-antakya-kisecik-satilik/daire/54871-4726
168289-30,Balıkyolu,Esenyurt,İstanbul,3.150.000 TL,110,94,2 + 1,1,2 Katlı,Ara Kat,18 Yaşında,Kombi,Eşyalı Değil,Kiracılı,Kat İrtifakı,Güney,,https://www.hepsiemlak.com/istanbul-esenyurt-balikyolu-satilik/daire/168289-30
168271-17,Yenikent,Esenyurt,İstanbul,4.350.000 TL,100,90,2 + 1,2,10 Katlı,2. Kat,6 Yaşında,Merkezi (Pay Öl...,Eşyalı Değil,Kiracılı,Kat Mülkiyeti,,3.500 TL,https://www.hepsiemlak.com/istanbul-esenyurt-yenikent-satilik/daire/168271-17
168394-14,Osmangazi,Esenyurt,İstanbul,3.735.000 TL,135,125,3 + 1,1,5 Katlı,1. Kat,11 Yaşında,Kombi,Eşyalı Değil,Kiracılı,Kat İrtifakı,"Kuzey, Güney, Doğu, Batı",300 TL,https://www.hepsiemlak.com/istanbul-esenyurt-osmangazi-satilik/daire/168394-14
168459-21,Vanimehmet,Kestel,Bursa,2.250.000 TL,100,84,2 + 1,1,3 Katlı,2. Kat,21 Yaşında,Kombi,Eşyalı Değil,Boş,Kat Mülkiyeti,"Kuzey, Batı",150 TL,https://www.hepsiemlak.com/bursa-kestel-vanimehmet-satilik/daire/168459-21
168534-21,Yeşilkent,Esenyurt,İstanbul,3.750.000 TL,92,85,2 + 1,2,27 Katlı,18. Kat,11 Yaşında,Merkezi (Pay Öl...,Eşyalı Değil,Kiracılı,Kat Mülkiyeti,Doğu,4.170 TL,https://www.hepsiemlak.com/istanbul-esenyurt-yesilkent-satilik/daire/168534-21
168534-5,Piri Reis,Esenyurt,İstanbul,3.300.000 TL,142,110,2 + 1,2,15 Katlı,10. Kat,6 Yaşında,Merkezi (Pay Öl...,Eşyalı Değil,Boş,Kat İrtifakı,"Güney, Batı",,https://www.hepsiemlak.com/istanbul-esenyurt-piri-reis-satilik/daire/168534-5
168534-2,Gökevler,Esenyurt,İstanbul,2.699.999 TL,65,60,1 + 1,1,12 Katlı,7. Kat,6 Yaşında,Kombi,Eşyalı Değil,Kiracılı,Yabancıdan,Güney,,https://www.hepsiemlak.com/istanbul-esenyurt-gokevler-satilik/daire/168534-2
168534-12,Sahil,Çiftlikköy,Yalova,6.100.000 TL,150,120,3 + 1,1,3 Katlı,1. Kat,5 Yaşında,Kombi,Eşyalı Değil,Boş,Yabancıdan,,,https://www.hepsiemlak.com/yalova-ciftlikkoy-sahil-satilik/daire/168534-12
168547-19,Piri Reis,Esenyurt,İstanbul,3.290.000 TL,165,145,3 + 1,2,25 Katlı,12. Kat,6 Yaşında,Merkezi (Pay Öl...,Eşyalı Değil,Boş,Yabancıdan,"Güney, Doğu",3.850 TL,https://www.hepsiemlak.com/istanbul-esenyurt-piri-reis-satilik/daire/168547-19
168556-6,Talatpaşa,Esenyurt,İstanbul,3.000.000 TL,90,85,2 + 1,1,6 Katlı,4. Kat,6 Yaşında,Kombi,Eşyalı Değil,Boş,Kat İrtifakı,Güney,200 TL,https://www.hepsiemlak.com/istanbul-esenyurt-talatpasa-satilik/daire/168556-6
125044-730,Şehitler,Esenyurt,İstanbul,1.550.000 TL,90,70,2 + 1,1,4 Katlı,Bahçe Katı,6 Yaşında,Kombi,Eşyalı,Boş,Kat Mülkiyeti,"Güney, Doğu",100 TL,https://www.hepsiemlak.com/istanbul-esenyurt-sehitler-satilik/daire/125044-730
168590-2,Üçevler,Esenyurt,İstanbul,2.500.000 TL,72,60,1 + 1,1,13 Katlı,7. Kat,6 Yaşında,Merkezi (Pay Öl...,Eşyalı Değil,Boş,Yabancıdan,"Güney, Doğu",2.200 TL,https://www.hepsiemlak.com/istanbul-esenyurt-ucevler-satilik/daire/168590-2
168649-7,Çınar,Esenyurt,İstanbul,1.699.000 TL,110,95,2 + 1,1,5 Katlı,2. Kat,5 Yaşında,Kombi,Eşyalı Değil,Kiracılı,Kat Mülkiyeti,"Güney, Doğu",300 TL,https://www.hepsiemlak.com/istanbul-esenyurt-cinar-satilik/daire/168649-7
168649-14,Yeşilkent,Esenyurt,İstanbul,1.535.000 TL,95,80,1 + 1,1,22 Katlı,5. Kat,11 Yaşında,Kombi,Eşyalı Değil,Kiracılı,Yabancıdan,"Güney, Doğu",2.200 TL,https://www.hepsiemlak.com/istanbul-esenyurt-yesilkent-satilik/daire/168649-14
168649-13,Örnek,Esenyurt,İstanbul,1.259.000 TL,110,100,2 + 1,1,6 Katlı,Bahçe Katı,6 Yaşında,Kombi,Eşyalı Değil,Kiracılı,Yabancıdan,"Güney, Doğu",250 TL,https://www.hepsiemlak.com/istanbul-esenyurt-ornek-satilik/daire/168649-13
168649-11,Kavaklı,Beylikdüzü,İstanbul,4.439.000 TL,130,120,2 + 1,1,5 Katlı,3. Kat,6 Yaşında,Kombi,Eşyalı Değil,Boş,Yabancıdan,"Güney, Doğu",500 TL,https://www.hepsiemlak.com/istanbul-beylikduzu-kavakli-satilik/daire/168649-11
168662-14,Mehterçeşme,Esenyurt,İstanbul,4.200.000 TL,140,130,3 + 1,1,6 Katlı,3. Kat,6 Yaşında,Kombi,Eşyalı Değil,Kiracılı,Kat Mülkiyeti,"Güney, Doğu",,https://www.hepsiemlak.com/istanbul-esenyurt-mehtercesme-satilik/daire/168662-14
168765-53,Atatürk,Büyükçekmece,İstanbul,3.680.000 TL,90,80,2 + 1,1,5 Katlı,Bahçe Katı,6 Yaşında,Kombi,Eşyalı Değil,Kiracılı,Kat İrtifakı,,600 TL,https://www.hepsiemlak.com/istanbul-buyukcekmece-ataturk-satilik/daire/168765-53
168779-5,Sahil,Beylikdüzü,İstanbul,6.450.000 TL,125,100,2 + 1,2,4 Katlı,1. Kat,5 Yaşında,Kombi,Eşyalı Değil,Mülk Sahibi,Kat İrtifakı,Batı,,https://www.hepsiemlak.com/istanbul-beylikduzu-sahil-satilik/daire/168779-5
168819-18,Barış,Beylikdüzü,İstanbul,5.145.000 TL,85,70,1 + 1,1,10 Katlı,8. Kat,11 Yaşında,Merkezi (Pay Öl...,Eşyalı Değil,Kiracılı,Yabancıdan,"Güney, Doğu, Batı",,https://www.hepsiemlak.com/istanbul-beylikduzu-baris-satilik/daire/168819-18
168819-61,Koza,Esenyurt,İstanbul,2.125.000 TL,73,60,1 + 1,1,14 Katlı,9. Kat,6 Yaşında,Merkezi,Eşyalı,Boş,Yabancıdan,Güney,,https://www.hepsiemlak.com/istanbul-esenyurt-koza-satilik/daire/168819-61
160426-310,71 Evler,Odunpazarı,Eskişehir,5.650.000 TL,140,125,3 + 1,2,4 Katlı,3. Kat,Sıfır Bina,Yerden Isıtma,Eşyalı Değil,Boş,Kat Mülkiyeti,"Güney, Doğu, Batı",,https://www.hepsiemlak.com/eskisehir-odunpazari-71-evler-satilik/daire/160426-310
156577-67,Akşemsettin,Mamak,Ankara,4.300.000 TL,135,130,3 + 1,1,4 Katlı,2. Kat,15 Yaşında,Kombi,Eşyalı Değil,Boş,Kat Mülkiyeti,"Kuzey, Doğu, Batı",300 TL,https://www.hepsiemlak.com/ankara-mamak-aksemsettin-satilik/daire/156577-67
163577-140,İstinye,Sarıyer,İstanbul,200.000.000 TL,650,600,7 + 2,6,3 Katlı,Bahçe Katı,16 Yaşında,Yerden Isıtma,Eşyalı Değil,Boş,Kat Mülkiyeti,"Kuzey, Güney, Doğu, Batı",,https://www.hepsiemlak.com/istanbul-sariyer-istinye-satilik/villa/163577-140
163577-138,Yıldız,Beşiktaş,İstanbul,14.900.000 TL,105,95,2 + 1,1,6 Katlı,3. Kat,26 Yaşında,Kombi,Eşyalı Değil,Boş,Kat Mülkiyeti,"Kuzey, Güney, Doğu",,https://www.hepsiemlak.com/istanbul-besiktas-yildiz-satilik/daire/163577-138
6334-30306,Piri Reis,Esenyurt,İstanbul,7.250.000 TL,150,110,3 + 1,2,9 Katlı,4. Kat,1 Yaşında,Kombi,Eşyalı Değil,Boş,Kat Mülkiyeti,Doğu,1.250 TL,https://www.hepsiemlak.com/istanbul-esenyurt-piri-reis-satilik/daire/6334-30306
169048-13,Karadolap,Eyüpsultan,İstanbul,6.250.000 TL,90,85,2 + 1,1,10 Katlı,2. Kat,3 Yaşında,Kombi,Eşyalı Değil,Boş,Kat Mülkiyeti,,,https://www.hepsiemlak.com/istanbul-eyupsultan-karadolap-satilik/daire/169048-13
123667-283,General Emir,Kocasinan,Kayseri,15.500.000 TL,600,490,8 + 1,5,2 Katlı,Bahçe Katı,6 Yaşında,Kombi,Eşyalı Değil,Boş,Kat İrtifakı,,,https://www.hepsiemlak.com/kayseri-kocasinan-general-emir-satilik/villa/123667-283
167506-262,Tahtakale,Avcılar,İstanbul,8.900.000 TL,191,140,3 + 1,2,18 Katlı,1. Kat,10 Yaşında,Soba,Eşyalı Değil,,Tapu Yok,,,https://www.hepsiemlak.com/istanbul-avcilar-tahtakale-satilik/daire/167506-262
6056-14154,Siyavuşpaşa,Bahçelievler,İstanbul,6.400.000 TL,80,68,2 + 1,1,5 Katlı,5. Kat,11 Yaşında,Kombi,Eşyalı Değil,Boş,Kat Mülkiyeti,"Kuzey, Güney",,https://www.hepsiemlak.com/istanbul-bahcelievler-siyavuspasa-satilik/daire/6056-14154
5115-3422,İhsaniye,Selçuklu,Konya,2.750.000 TL,120,110,2 + 1,1,3 Katlı,3. Kat,20 Yaşında,Kombi,Eşyalı Değil,Kiracılı,Kat İrtifakı,Güney,,https://www.hepsiemlak.com/konya-selcuklu-ihsaniye-satilik/daire/5115-3422
5115-4099,Alavardı,Meram,Konya,11.200.000 TL,200,180,4 + 1,2,9 Katlı,4. Kat,2 Yaşında,Yerden Isıtma,Eşyalı Değil,Boş,Kat Mülkiyeti,"Doğu, Batı",,https://www.hepsiemlak.com/konya-meram-alavardi-satilik/daire/5115-4099
5115-4144,Konevi,Meram,Konya,3.300.000 TL,150,135,3 + 1,1,4 Katlı,2. Kat,25 Yaşında,Kombi,Eşyalı Değil,Boş,Kat Mülkiyeti,"Doğu, Batı",,https://www.hepsiemlak.com/konya-meram-konevi-satilik/daire/5115-4144
5115-4149,Parsana,Selçuklu,Konya,13.000.000 TL,220,200,4 + 1,2,11 Katlı,1. Kat,15 Yaşında,Kombi,Eşyalı Değil,Mülk Sahibi,Kat Mülkiyeti,"Kuzey, Güney, Doğu",,https://www.hepsiemlak.com/konya-selcuklu-parsana-satilik/daire/5115-4149
167506-261,Tahtakale,Avcılar,İstanbul,9.950.000 TL,176,140,3 + 1,2,15 Katlı,15. Kat,16 Yaşında,Kombi,Eşyalı Değil,Mülk Sahibi,Yabancıdan,"Kuzey, Güney, Doğu, Batı",,https://www.hepsiemlak.com/istanbul-avcilar-tahtakale-satilik/daire/167506-261
102131-54020,Karahasanlı,Merkezefendi,Denizli,4.150.000 TL,90,80,2 + 1,1,4 Katlı,3. Kat,Sıfır Bina,Yerden Isıtma,Eşyalı Değil,Boş,Yabancıdan,"Kuzey, Güney, Doğu, Batı",,https://www.hepsiemlak.com/denizli-merkezefendi-karahasanli-satilik/daire/102131-54020
170063-3,Selahaddin Eyyubi,Selçuklu,Konya,3.975.000 TL,115,95,2 + 1,1,4 Katlı,Yüksek Giriş,6 Yaşında,Yerden Isıtma,Eşyalı Değil,Mülk Sahibi,Kat Mülkiyeti,Güney,,https://www.hepsiemlak.com/konya-selcuklu-selahaddin-eyyubi-satilik/daire/170063-3
88825-127,Efeler,Didim,Aydın,5.950.000 TL,165,135,3 + 1,2,3 Katlı,2. Kat,6 Yaşında,Klima,Eşyalı Değil,Boş,Kat Mülkiyeti,"Güney, Doğu",,https://www.hepsiemlak.com/aydin-didim-efeler-satilik/daire/88825-127
88825-128,Akbük,Didim,Aydın,6.000.000 TL,145,105,2 + 1,2,4 Katlı,Yüksek Giriş,12 Yaşında,Klima,Eşyalı Değil,Boş,Kat Mülkiyeti,Kuzey,3.000 TL,https://www.hepsiemlak.com/aydin-didim-akbuk-satilik/daire/88825-128
165913-2,Efeler,Efeler,Aydın,8.500.000 TL,104,93,2 + 1,2,9 Katlı,Bahçe Katı,1 Yaşında,Kombi,Eşyalı Değil,Boş,Kat İrtifakı,"Kuzey, Batı",,https://www.hepsiemlak.com/aydin-efeler-efeler-satilik/daire/165913-2
165913-11,Namık Kemal,Ayvalık,Balıkesir,28.000.000 TL,140,130,3 + 1,2,1 Katlı,,5 Yaşında,Kat Kaloriferi,Eşyalı Değil,Boş,Müstakil Tapulu,,,https://www.hepsiemlak.com/balikesir-ayvalik-namik-kemal-satilik/villa/165913-11
167916-41,Ovacık,Keçiören,Ankara,8.249.000 TL,200,180,4 + 1,2,15 Katlı,1. Kat,Sıfır Bina,Merkezi (Pay Öl...,Eşyalı Değil,Boş,Dernekten/Vakıf...,Güney,,https://www.hepsiemlak.com/ankara-kecioren-ovacik-satilik/daire/167916-41
166327-39,Gökmeydan,Arsuz,Hatay,15.500.000 TL,125,115,3 + 2,2,2 Katlı,Bahçe Katı,26 Yaşında,Klima,Eşyalı,Boş,Kat Mülkiyeti,"Kuzey, Güney, Doğu, Batı",3.000 TL,https://www.hepsiemlak.com/hatay-arsuz-gokmeydan-satilik/villa/166327-39
67656-138,Batı,Pendik,İstanbul,4.300.000 TL,95,75,2 + 1,1,4 Katlı,1. Kat,31 Yaşında,Kombi,Eşyalı Değil,Kiracılı,Kat İrtifakı,"Doğu, Batı",1 TL,https://www.hepsiemlak.com/istanbul-pendik-bati-satilik/daire/67656-138
67656-134,Doğu,Pendik,İstanbul,4.800.000 TL,125,110,3 + 1,1,4 Katlı,1. Kat,31 Yaşında,Kombi,Eşyalı Değil,Kiracılı,Kat İrtifakı,Batı,1 TL,https://www.hepsiemlak.com/istanbul-pendik-dogu-satilik/daire/67656-134
122460-1278,Siyahser,Merkez,Karaman,6.650.000 TL,165,150,3 + 1,1,7 Katlı,Ara Kat,Sıfır Bina,Kombi,Eşyalı Değil,Boş,Kat Mülkiyeti,Doğu,,https://www.hepsiemlak.com/karaman-merkez-siyahser-satilik/daire/122460-1278
65633-1104,Demetlale,Yenimahalle,Ankara,4.375.000 TL,65,60,2 + 1,1,6 Katlı,4. Kat,1 Yaşında,Kombi,Eşyalı Değil,Kiracılı,Kat Mülkiyeti,"Kuzey, Batı",500 TL,https://www.hepsiemlak.com/ankara-yenimahalle-demetlale-satilik/daire/65633-1104
125594-480,Eski Yenice,Yenice,Çanakkale,2.199.000 TL,6367,50,1 + 1,1,3 Katlı,Zemin,Sıfır Bina,Kombi,Eşyalı Değil,Boş,Kat İrtifakı,"Kuzey, Güney",1 TL,https://www.hepsiemlak.com/canakkale-yenice-eski-yenice-satilik/daire/125594-480
168177-24,Kavacık Subayevleri,Keçiören,Ankara,4.550.000 TL,120,110,3 + 1,1,3 Katlı,2. Kat,26 Yaşında,Kombi,Eşyalı Değil,Boş,Kat Mülkiyeti,"Kuzey, Doğu, Batı",,https://www.hepsiemlak.com/ankara-kecioren-kavacik-subayevleri-satilik/daire/168177-24
164895-54,İmrenli,Şile,İstanbul,20.000.000 TL,200,180,5 + 1,4,3 Katlı,Bahçe Katı,1 Yaşında,Yerden Isıtma,Eşyalı Değil,Mülk Sahibi,Kat İrtifakı,Doğu,,https://www.hepsiemlak.com/istanbul-sile-imrenli-satilik/villa/164895-54
12890-6582,Elvan,Etimesgut,Ankara,4.250.000 TL,135,115,3 + 1,1,4 Katlı,4. Kat,14 Yaşında,Kombi,Eşyalı Değil,Boş,Kat Mülkiyeti,"Güney, Doğu",250 TL,https://www.hepsiemlak.com/ankara-etimesgut-elvan-satilik/daire/12890-6582
168367-28,Pınarbaşı,Keçiören,Ankara,3.790.000 TL,120,110,3 + 1,1,5 Katlı,Giriş Katı,35 Yaşında,Kombi,Eşyalı Değil,Boş,Tapu Yok,Güney,200 TL,https://www.hepsiemlak.com/ankara-kecioren-pinarbasi-satilik/daire/168367-28
161933-96,Sülek,Manavgat,Antalya,7.900.000 TL,88,80,2 + 1,2,1 Katlı,Bahçe Katı,Sıfır Bina,Klima,Eşyalı Değil,Boş,Tapu Yok,Güney,,https://www.hepsiemlak.com/antalya-manavgat-sulek-satilik/mustakil-ev/161933-96
144584-126,Cumhuriyet,Beylikdüzü,İstanbul,3.450.000 TL,250,219,4 + 1,1,5 Katlı,5. Kat,1 Yaşında,Kombi,Eşyalı Değil,Boş,Yabancıdan,Güney,,https://www.hepsiemlak.com/istanbul-beylikduzu-cumhuriyet-satilik/daire/144584-126
125916-410,Ata,Efeler,Aydın,3.200.000 TL,51,40,1 + 1,1,3 Katlı,Ara Kat,2 Yaşında,Kombi,Eşyalı Değil,Kiracılı,Kat İrtifakı,"Kuzey, Güney",,https://www.hepsiemlak.com/aydin-efeler-ata-satilik/daire/125916-410
23826-4767,Suadiye,Kadıköy,İstanbul,95.000.000 TL,180,140,4 + 1,1,4 Katlı,1. Kat,8 Yaşında,Merkezi (Pay Öl...,,Boş,Kat Mülkiyeti,,30.000 TL,https://www.hepsiemlak.com/istanbul-kadikoy-suadiye-satilik/daire/23826-4767
31770-39094,Caddebostan,Kadıköy,İstanbul,19.950.000 TL,85,68,2 + 1,2,8 Katlı,3. Kat,Sıfır Bina,Kombi,Eşyalı Değil,Boş,Kat Mülkiyeti,"Kuzey, Güney, Doğu",,https://www.hepsiemlak.com/istanbul-kadikoy-caddebostan-satilik/daire/31770-39094
23826-4771,Fenerbahçe,Kadıköy,İstanbul,43.000.000 TL,175,140,4 + 1,2,8 Katlı,5. Kat,9 Yaşında,Kombi,Eşyalı Değil,Mülk Sahibi,Kat Mülkiyeti,"Kuzey, Doğu, Batı",,https://www.hepsiemlak.com/istanbul-kadikoy-fenerbahce-satilik/daire/23826-4771
128979-564,Ortabayır,Kağıthane,İstanbul,7.900.000 TL,105,85,3 + 1,1,4 Katlı,Ara Kat,6 Yaşında,Kombi,Eşyalı Değil,Boş,Kat Mülkiyeti,Güney,,https://www.hepsiemlak.com/istanbul-kagithane-ortabayir-satilik/daire/128979-564
169846-4,Mehmet Akif Ersoy,Kağıthane,İstanbul,7.100.000 TL,105,85,2 + 1,1,4 Katlı,Yüksek Giriş,11 Yaşında,Kombi,Eşyalı Değil,Kiracılı,Kat Mülkiyeti,Güney,400 TL,https://www.hepsiemlak.com/istanbul-kagithane-mehmet-akif-ersoy-satilik/daire/169846-4
111551-2160,Siyavuşpaşa,Bahçelievler,İstanbul,7.590.000 TL,85,77,2 + 1,1,5 Katlı,2. Kat,4 Yaşında,Kombi,Eşyalı Değil,Mülk Sahibi,Kat Mülkiyeti,,,https://www.hepsiemlak.com/istanbul-bahcelievler-siyavuspasa-satilik/daire/111551-2160
168238-5,Örenşehir,Manavgat,Antalya,11.800.000 TL,280,270,6 + 2,2,1 Katlı,,2 Yaşında,Soba,Eşyalı Değil,,Kat Mülkiyeti,"Kuzey, Güney, Doğu, Batı",,https://www.hepsiemlak.com/antalya-manavgat-orensehir-satilik/mustakil-ev/168238-5
144584-122,Güzelyurt,Esenyurt,İstanbul,2.199.000 TL,95,79,2 + 1,,3 Katlı,Ara Kat,Sıfır Bina,Kombi,Eşyalı Değil,Boş,Yabancıdan,"Güney, Doğu",,https://www.hepsiemlak.com/istanbul-esenyurt-guzelyurt-satilik/daire/144584-122
158894-70,15 Temmuz,Bağcılar,İstanbul,7.750.000 TL,148,97,5 + 1,2,5 Katlı,5. Kat,Sıfır Bina,Kombi,Eşyalı Değil,Kiracılı,Kat İrtifakı,"Güney, Doğu",1.000 TL,https://www.hepsiemlak.com/istanbul-bagcilar-15-temmuz-satilik/daire/158894-70
158894-62,Güneşli,Bağcılar,İstanbul,5.250.000 TL,120,105,3 + 1,1,6 Katlı,3. Kat,21 Yaşında,Kombi,Eşyalı Değil,Kiracılı,Hisseli Tapu,"Kuzey, Güney",250 TL,https://www.hepsiemlak.com/istanbul-bagcilar-gunesli-satilik/daire/158894-62
138754-183,Harman,Develi,Kayseri,2.750.000 TL,145,125,3 + 1,1,6 Katlı,5. Kat,11 Yaşında,Kombi,Eşyalı Değil,Mülk Sahibi,Kat Mülkiyeti,"Kuzey, Doğu, Batı",,https://www.hepsiemlak.com/kayseri-develi-harman-satilik/daire/138754-183
167844-23,Üçevler,Esenyurt,İstanbul,1.100.000 TL,100,90,2 + 1,1,5 Katlı,Bahçe Katı,5 Yaşında,Kombi,Eşyalı Değil,Boş,Yabancıdan,Güney,,https://www.hepsiemlak.com/istanbul-esenyurt-ucevler-satilik/daire/167844-23
132211-2040,Kestaneci,Ereğli,Zonguldak,8.950.000 TL,160,150,4 + 1,2,2 Katlı,,Sıfır Bina,Kombi,Eşyalı Değil,Boş,Kat Mülkiyeti,"Güney, Doğu, Batı",1 TL,https://www.hepsiemlak.com/zonguldak-eregli-kestaneci-satilik/villa/132211-2040
139790-159,Türközü,Mamak,Ankara,4.750.000 TL,110,100,3 + 1,1,4 Katlı,2. Kat,20 Yaşında,Kombi,Eşyalı Değil,Boş,Kat Mülkiyeti,"Kuzey, Batı",,https://www.hepsiemlak.com/ankara-mamak-turkozu-satilik/daire/139790-159
110641-243,Cedidiye,Merkez,Düzce,3.100.000 TL,130,120,3 + 1,1,2 Katlı,2. Kat,11 Yaşında,Kombi,Eşyalı Değil,Kiracılı,Kat Mülkiyeti,"Doğu, Batı",300 TL,https://www.hepsiemlak.com/duzce-merkez-cedidiye-satilik/daire/110641-243
168990-26,Eğribucak,Melikgazi,Kayseri,13.950.000 TL,185,165,4 + 1,3,2 Katlı,Bahçe Katı,Sıfır Bina,Kombi,Eşyalı Değil,Boş,Kat Mülkiyeti,"Kuzey, Güney, Doğu, Batı",,https://www.hepsiemlak.com/kayseri-melikgazi-egribucak-satilik/villa/168990-26
144584-125,Güzelyurt,Esenyurt,İstanbul,1.840.000 TL,118,84,2 + 1,1,19 Katlı,2. Kat,Sıfır Bina,Kombi,Eşyalı Değil,Boş,Yabancıdan,Güney,,https://www.hepsiemlak.com/istanbul-esenyurt-guzelyurt-satilik/daire/144584-125
148750-221,Yeni,Bandırma,Balıkesir,5.600.000 TL,105,100,2 + 1,2,3 Katlı,3. Kat,1 Yaşında,Kombi,Eşyalı Değil,Mülk Sahibi,Kat Mülkiyeti,,,https://www.hepsiemlak.com/balikesir-bandirma-yeni-satilik/daire/148750-221
148750-243,Kurşunlu,Karacabey,Bursa,6.250.000 TL,145,130,2 + 1,2,2 Katlı,2. Kat,4 Yaşında,Kombi,Eşyalı,,Kat Mülkiyeti,,,https://www.hepsiemlak.com/bursa-karacabey-kursunlu-satilik/daire/148750-243
137235-848,Kazımiye,Çorlu,Tekirdağ,4.615.000 TL,130,125,3 + 1,2,5 Katlı,1. Kat,6 Yaşında,Kombi,Eşyalı Değil,Mülk Sahibi,Kat Mülkiyeti,"Güney, Doğu, Batı",600 TL,https://www.hepsiemlak.com/tekirdag-corlu-kazimiye-satilik/daire/137235-848
167990-17,Ovacık,Çeşme,İzmir,8.250.000 TL,70,62,2 + 1,2,3 Katlı,Bahçe Katı,6 Yaşında,Klima,Eşyalı Değil,Mülk Sahibi,Kat Mülkiyeti,"Güney, Batı",,https://www.hepsiemlak.com/izmir-cesme-ovacik-satilik/daire/167990-17
6675-8826,Ehlibeyt,Çankaya,Ankara,6.455.000 TL,120,99,3 + 1,1,4 Katlı,Yüksek Giriş,28 Yaşında,Kombi,Eşyalı Değil,Boş,Kat Mülkiyeti,"Güney, Batı",500 TL,https://www.hepsiemlak.com/ankara-cankaya-ehlibeyt-satilik/daire/6675-8826
8949-883,Çayyolu,Çankaya,Ankara,21.000.000 TL,180,160,3 + 1,2,17 Katlı,8. Kat,20 Yaşında,Merkezi (Pay Öl...,Eşyalı Değil,Kiracılı,Kooperatiften H...,"Doğu, Batı",5.000 TL,https://www.hepsiemlak.com/ankara-cankaya-cayyolu-satilik/daire/8949-883
1094-4975,Avcılar,Edremit,Balıkesir,13.650.000 TL,215,165,4 + 2,2,2 Katlı,,26 Yaşında,Isı Pompası,Eşyalı Değil,Boş,Kat Mülkiyeti,,,https://www.hepsiemlak.com/balikesir-edremit-avcilar-satilik/villa/1094-4975
19500-1913,Osman Temiz,Çankaya,Ankara,3.950.000 TL,109,100,3 + 1,1,7 Katlı,Bahçe Katı,31 Yaşında,Merkezi,Eşyalı Değil,Boş,Kat Mülkiyeti,"Kuzey, Batı",1.370 TL,https://www.hepsiemlak.com/ankara-cankaya-osman-temiz-satilik/daire/19500-1913
134963-93,Suadiye,Kadıköy,İstanbul,25.950.000 TL,125,90,3 + 1,2,12 Katlı,2. Kat,Sıfır Bina,Merkezi (Pay Öl...,Eşyalı Değil,Boş,Yabancıdan,Batı,,https://www.hepsiemlak.com/istanbul-kadikoy-suadiye-satilik/daire/134963-93
18510-20038,Tevfik İleri,Pursaklar,Ankara,7.750.000 TL,185,170,4 + 1,2,12 Katlı,5. Kat,6 Yaşında,Merkezi (Pay Öl...,Eşyalı Değil,Kiracılı,Yabancıdan,Güney,,https://www.hepsiemlak.com/ankara-pursaklar-tevfik-ileri-satilik/daire/18510-20038
155600-148,Nar (Aşağı),Merkez,Nevşehir,3.650.000 TL,83,60,5 + 1,1,,Bahçe Katı,31 Yaşında,Kombi,Eşyalı Değil,Boş,Kat Mülkiyeti,"Kuzey, Güney, Doğu, Batı",,https://www.hepsiemlak.com/nevsehir-merkez-nar-asagi-satilik/mustakil-ev/155600-148
155600-130,350 Evler,Merkez,Nevşehir,1.785.000 TL,55,50,1 + 1,1,5 Katlı,2. Kat,Sıfır Bina,Kombi,Eşyalı Değil,Kiracılı,Kat Mülkiyeti,"Kuzey, Güney, Doğu, Batı",,https://www.hepsiemlak.com/nevsehir-merkez-350-evler-satilik/daire/155600-130
144584-124,Cumhuriyet,Beylikdüzü,İstanbul,1.420.000 TL,130,119,2 + 1,1,5 Katlı,Giriş Katı,4 Yaşında,Kombi,Eşyalı Değil,Boş,Yabancıdan,Doğu,,https://www.hepsiemlak.com/istanbul-beylikduzu-cumhuriyet-satilik/daire/144584-124
165529-1,Cumhuriyet,Küçükçekmece,İstanbul,8.950.000 TL,210,180,4 + 1,2,5 Katlı,5. Kat,5 Yaşında,Kombi,Eşyalı Değil,Kiracılı,Kat Mülkiyeti,Kuzey,500 TL,https://www.hepsiemlak.com/istanbul-kucukcekmece-cumhuriyet-satilik/daire/165529-1
168432-2,Konuksever,Muratpaşa,Antalya,5.250.000 TL,145,135,3 + 1,1,3 Katlı,2. Kat,27 Yaşında,Kombi,,,Kat İrtifakı,,,https://www.hepsiemlak.com/antalya-muratpasa-konuksever-satilik/daire/168432-2
16509-1251,Metin Oktay,Çankaya,Ankara,5.500.000 TL,115,97,3 + 1,1,3 Katlı,1. Kat,6 Yaşında,Kombi,Eşyalı Değil,Boş,Kat Mülkiyeti,"Kuzey, Batı",500 TL,https://www.hepsiemlak.com/ankara-cankaya-metin-oktay-satilik/daire/16509-1251
16509-1250,Umut,Çankaya,Ankara,4.350.000 TL,120,105,3 + 1,1,3 Katlı,3. Kat,31 Yaşında,Kombi,Eşyalı Değil,Boş,Kat Mülkiyeti,"Kuzey, Doğu",200 TL,https://www.hepsiemlak.com/ankara-cankaya-umut-satilik/daire/16509-1250
51676-4764,Tunahan,Etimesgut,Ankara,3.675.000 TL,57,50,1 + 1,1,5 Katlı,3. Kat,26 Yaşında,Merkezi,Eşyalı,Kiracılı,Kat Mülkiyeti,"Güney, Batı",2.028 TL,https://www.hepsiemlak.com/ankara-etimesgut-tunahan-satilik/daire/51676-4764
51676-4776,Devlet,Etimesgut,Ankara,6.345.000 TL,135,125,3 + 1,2,8 Katlı,4. Kat,26 Yaşında,Kombi,Eşyalı Değil,Kiracılı,Kat Mülkiyeti,"Kuzey, Doğu",1.000 TL,https://www.hepsiemlak.com/ankara-etimesgut-devlet-satilik/daire/51676-4776
134575-504,Pınarbaşı,Keçiören,Ankara,2.580.000 TL,125,120,3 + 1,1,2 Katlı,Giriş Katı,26 Yaşında,Kombi,Eşyalı Değil,Boş,Kat Mülkiyeti,"Kuzey, Batı",200 TL,https://www.hepsiemlak.com/ankara-kecioren-pinarbasi-satilik/daire/134575-504
76986-111,Suadiye,Kadıköy,İstanbul,59.500.000 TL,180,150,3 + 1,2,11 Katlı,2. Kat,6 Yaşında,Yerden Isıtma,Eşyalı Değil,Boş,Kat Mülkiyeti,"Güney, Doğu",,https://www.hepsiemlak.com/istanbul-kadikoy-suadiye-satilik/daire/76986-111
5426-1028,Fikri Altay,Karşıyaka,İzmir,5.200.000 TL,104,87,2 + 1,2,5 Katlı,3. Kat,13 Yaşında,Kombi,Eşyalı Değil,Kiracılı,Kat Mülkiyeti,,,https://www.hepsiemlak.com/izmir-karsiyaka-fikri-altay-satilik/daire/5426-1028
5426-1024,Fikri Altay,Karşıyaka,İzmir,4.200.000 TL,85,68,2 + 1,1,5 Katlı,Yüksek Giriş,13 Yaşında,Kombi,,,Kat Mülkiyeti,,,https://www.hepsiemlak.com/izmir-karsiyaka-fikri-altay-satilik/daire/5426-1024
69132-571,İsmet İnönü,İskenderun,Hatay,2.550.000 TL,135,120,3 + 1,2,2 Katlı,3. Kat,17 Yaşında,Güneş Enerjisi,Eşyalı,Mülk Sahibi,Kat Mülkiyeti,"Güney, Doğu, Batı",,https://www.hepsiemlak.com/hatay-iskenderun-ismet-inonu-satilik/daire/69132-571
170219-12,Fatih,Tire,İzmir,7.250.000 TL,170,150,4 + 1,2,2 Katlı,2. Kat,11 Yaşında,Kombi,,Kiracılı,Müstakil Tapulu,,,https://www.hepsiemlak.com/izmir-tire-fatih-satilik/daire/170219-12
126053-268,Kepez,Ereğli,Zonguldak,5.800.000 TL,140,125,3 + 1,2,10 Katlı,8. Kat,Sıfır Bina,Kombi,Eşyalı Değil,Boş,Kat İrtifakı,,1.000 TL,https://www.hepsiemlak.com/zonguldak-eregli-kepez-satilik/daire/126053-268
3990-3532,Küçükyalı,Maltepe,İstanbul,9.400.000 TL,110,90,2 + 1,2,4 Katlı,1. Kat,11 Yaşında,Kombi,Eşyalı Değil,Kiracılı,Kat Mülkiyeti,"Güney, Batı",,https://www.hepsiemlak.com/istanbul-maltepe-kucukyali-satilik/daire/3990-3532
3990-3681,Altıntepe,Maltepe,İstanbul,8.975.000 TL,77,71,2 + 1,1,4 Katlı,Bahçe Katı,15 Yaşında,Kombi,Eşyalı Değil,Mülk Sahibi,Kat Mülkiyeti,Doğu,,https://www.hepsiemlak.com/istanbul-maltepe-altintepe-satilik/daire/3990-3681
155350-12,Rumeli,Çorlu,Tekirdağ,3.950.000 TL,110,90,2 + 1,1,5 Katlı,2. Kat,Sıfır Bina,Kombi,Eşyalı Değil,Kiracılı,Tapu Yok,Güney,,https://www.hepsiemlak.com/tekirdag-corlu-rumeli-satilik/daire/155350-12
70127-2182,Güzelyalı,Pendik,İstanbul,38.000.000 TL,350,244,5 + 2,4,3 Katlı,,Sıfır Bina,Kombi,Eşyalı Değil,Boş,Kat Mülkiyeti,"Güney, Doğu, Batı",,https://www.hepsiemlak.com/istanbul-pendik-guzelyali-satilik/villa/70127-2182
130911-5412,Gültepe,Sarıçam,Adana,1.875.000 TL,60,50,1 + 1,1,14 Katlı,9. Kat,2 Yaşında,Klima,Eşyalı Değil,Boş,Yabancıdan,"Kuzey, Güney, Doğu, Batı",,https://www.hepsiemlak.com/adana-saricam-gultepe-satilik/daire/130911-5412
167067-18,Yenişafak,Merkezefendi,Denizli,11.500.000 TL,200,185,3 + 1,2,5 Katlı,5. Kat,Sıfır Bina,Yerden Isıtma,Eşyalı Değil,Boş,Kat Mülkiyeti,"Kuzey, Doğu, Batı",,https://www.hepsiemlak.com/denizli-merkezefendi-yenisafak-satilik/daire/167067-18
167067-30,Şemikler,Merkezefendi,Denizli,6.750.000 TL,148,120,3 + 1,1,8 Katlı,3. Kat,6 Yaşında,Kombi,Eşyalı Değil,Mülk Sahibi,Kat Mülkiyeti,"Kuzey, Güney, Doğu, Batı",1.250 TL,https://www.hepsiemlak.com/denizli-merkezefendi-semikler-satilik/daire/167067-30
167067-33,Şemikler,Merkezefendi,Denizli,10.500.000 TL,185,160,3 + 1,2,8 Katlı,8. Kat,1 Yaşında,Yerden Isıtma,Eşyalı Değil,Kiracılı,Kat Mülkiyeti,"Kuzey, Güney, Doğu, Batı",3.700 TL,https://www.hepsiemlak.com/denizli-merkezefendi-semikler-satilik/daire/167067-33
163231-11,Misket,Mamak,Ankara,3.850.000 TL,125,115,3 + 1,1,4 Katlı,Çatı Katı,14 Yaşında,Kombi,Eşyalı,Boş,Kat Mülkiyeti,,,https://www.hepsiemlak.com/ankara-mamak-misket-satilik/daire/163231-11
167067-32,Karahasanlı,Merkezefendi,Denizli,4.400.000 TL,85,80,2 + 1,1,4 Katlı,2. Kat,Sıfır Bina,Yerden Isıtma,Eşyalı Değil,Boş,Kat Mülkiyeti,"Kuzey, Güney, Doğu, Batı",,https://www.hepsiemlak.com/denizli-merkezefendi-karahasanli-satilik/daire/167067-32
160764-46,Çiftlikönü,Süleymanpaşa,Tekirdağ,5.600.000 TL,70,60,2 + 1,1,4 Katlı,4. Kat,Sıfır Bina,Kombi,Eşyalı Değil,Boş,Kat İrtifakı,,,https://www.hepsiemlak.com/tekirdag-suleymanpasa-ciftlikonu-satilik/daire/160764-46
129990-333,Fatih,Ereğli,Konya,3.750.000 TL,150,130,3 + 1,1,5 Katlı,4. Kat,Sıfır Bina,Kombi,Eşyalı Değil,Boş,Kat Mülkiyeti,"Güney, Doğu",,https://www.hepsiemlak.com/konya-eregli-fatih-satilik/daire/129990-333
129990-313,Hacı Mütahir,Ereğli,Konya,2.800.000 TL,160,135,3 + 1,1,4 Katlı,Ara Kat,30 Yaşında,Merkezi,Eşyalı Değil,Boş,Kat Mülkiyeti,Batı,,https://www.hepsiemlak.com/konya-eregli-haci-mutahir-satilik/daire/129990-313
129990-308,Toros,Ereğli,Konya,1.280.000 TL,60,40,1 + 1,1,5 Katlı,Ara Kat,Sıfır Bina,Yerden Isıtma,Eşyalı Değil,Boş,Kat Mülkiyeti,"Kuzey, Batı",,https://www.hepsiemlak.com/konya-eregli-toros-satilik/daire/129990-308
156147-85,Balıklıova,Urla,İzmir,5.700.000 TL,120,80,2 + 1,1,2 Katlı,Bahçe Katı,31 Yaşında,Klima,Eşyalı Değil,Boş,Kat Mülkiyeti,,,https://www.hepsiemlak.com/izmir-urla-balikliova-satilik/yazlik/156147-85
170326-7,İstasyon,Alaşehir,Manisa,6.100.000 TL,160,150,3 + 1,1,5 Katlı,4. Kat,11 Yaşında,Kombi,Eşyalı Değil,Kiracılı,Kat Mülkiyeti,,,https://www.hepsiemlak.com/manisa-alasehir-istasyon-satilik/daire/170326-7
156147-60,Onur,Balçova,İzmir,6.500.000 TL,120,110,3 + 1,2,3 Katlı,1. Kat,31 Yaşında,Jeotermal Isıtm...,Eşyalı Değil,Kiracılı,Kat İrtifakı,,,https://www.hepsiemlak.com/izmir-balcova-onur-satilik/daire/156147-60
146119-240,Nine Hatun,Esenler,İstanbul,6.200.000 TL,130,120,3 + 1,1,6 Katlı,2. Kat,25 Yaşında,Kombi,Eşyalı Değil,Kiracılı,Hisseli Tapu,Güney,200 TL,https://www.hepsiemlak.com/istanbul-esenler-nine-hatun-satilik/daire/146119-240
136375-1086,Atatürk,Esenyurt,İstanbul,2.350.000 TL,62,60,1 + 1,1,8 Katlı,6. Kat,11 Yaşında,Kombi,Eşyalı,Boş,Kat Mülkiyeti,"Güney, Doğu",3.500 TL,https://www.hepsiemlak.com/istanbul-esenyurt-ataturk-satilik/daire/136375-1086
96837-459,Arpaderesi,Arsuz,Hatay,11.000.000 TL,200,150,3 + 1,1,2 Katlı,,25 Yaşında,Belirtilmemiş,Eşyalı Değil,Boş,Kat Mülkiyeti,"Kuzey, Güney, Doğu, Batı",,https://www.hepsiemlak.com/hatay-arsuz-arpaderesi-satilik/villa/96837-459
47587-1276,İlkbahar,Çankaya,Ankara,13.000.000 TL,280,270,5 + 1,2,28 Katlı,21 ve üzeri,8 Yaşında,Merkezi (Pay Öl...,Eşyalı Değil,Kiracılı,Kat Mülkiyeti,"Güney, Batı",5.000 TL,https://www.hepsiemlak.com/ankara-cankaya-ilkbahar-satilik/daire/47587-1276
6019-2622,Mecidiyeköy,Şişli,İstanbul,4.800.000 TL,85,84,2 + 1,1,5 Katlı,2. Kat,20 Yaşında,Kombi,Eşyalı,Boş,Arsa,"Doğu, Batı",,https://www.hepsiemlak.com/istanbul-sisli-mecidiyekoy-satilik/daire/6019-2622
70173-2076,Fatih,Ereğli,Konya,4.400.000 TL,175,145,3 + 1,2,8 Katlı,2. Kat,Sıfır Bina,Merkezi (Pay Öl...,Eşyalı Değil,Boş,Kat Mülkiyeti,"Kuzey, Batı",,https://www.hepsiemlak.com/konya-eregli-fatih-satilik/daire/70173-2076
70173-2064,Çömlekçi,Ereğli,Konya,3.750.000 TL,160,140,3 + 1,2,9 Katlı,9. Kat,10 Yaşında,Merkezi (Pay Öl...,Eşyalı Değil,Kiracılı,Kat Mülkiyeti,"Güney, Batı",600 TL,https://www.hepsiemlak.com/konya-eregli-comlekci-satilik/daire/70173-2064
139421-265,Durantaş,Şahinbey,Gaziantep,64.000.000 TL,9900,8000,3 + 1,1,2 Katlı,Bahçe Katı,Sıfır Bina,Klima,Eşyalı Değil,Boş,Müstakil Tapulu,"Kuzey, Güney, Doğu, Batı",,https://www.hepsiemlak.com/gaziantep-sahinbey-durantas-satilik/villa/139421-265
139421-259,Fidanlık,Şahinbey,Gaziantep,3.750.000 TL,125,120,2 + 1,1,6 Katlı,4. Kat,6 Yaşında,Kombi,Eşyalı Değil,Mülk Sahibi,Kat Mülkiyeti,"Kuzey, Güney, Doğu, Batı",,https://www.hepsiemlak.com/gaziantep-sahinbey-fidanlik-satilik/daire/139421-259
139421-264,Sarıgüllük,Şehitkamil,Gaziantep,6.500.000 TL,115,105,2 + 1,1,7 Katlı,5. Kat,Sıfır Bina,Kombi,Eşyalı Değil,Boş,Kat Mülkiyeti,"Kuzey, Güney, Doğu, Batı",,https://www.hepsiemlak.com/gaziantep-sehitkamil-sarigulluk-satilik/daire/139421-264
95442-484,Cumhuriyet,Küçükçekmece,İstanbul,6.850.000 TL,230,218,4 + 2,2,4 Katlı,3. Kat,16 Yaşında,Kombi,Eşyalı Değil,Mülk Sahibi,Kat İrtifakı,,,https://www.hepsiemlak.com/istanbul-kucukcekmece-cumhuriyet-satilik/daire/95442-484
57252-197,Esenboğa Merkez,Çubuk,Ankara,2.500.000 TL,43,40,1 + 1,1,9 Katlı,Ara Kat,6 Yaşında,Kombi,Eşyalı,Boş,Kat Mülkiyeti,Doğu,,https://www.hepsiemlak.com/ankara-cubuk-esenboga-merkez-satilik/daire/57252-197
69537-102911,Göktürk Merkez,Eyüpsultan,İstanbul,51.500.000 TL,245,190,4 + 1,3,6 Katlı,5. Kat,13 Yaşında,Merkezi (Pay Öl...,Eşyalı Değil,Mülk Sahibi,Kat Mülkiyeti,"Doğu, Batı",,https://www.hepsiemlak.com/istanbul-eyupsultan-gokturk-merkez-satilik/residence/69537-102911
84758-383,Kemalpaşa,İzmit,Kocaeli,3.450.000 TL,130,120,3 + 1,1,6 Katlı,En Üst Kat,25 Yaşında,Merkezi (Pay Öl...,Eşyalı Değil,Boş,Kat Mülkiyeti,"Kuzey, Güney",,https://www.hepsiemlak.com/kocaeli-izmit-kemalpasa-satilik/daire/84758-383
126649-20,Mimar Sinan,Tuzla,İstanbul,5.050.000 TL,94,86,2 + 1,1,4 Katlı,1. Kat,Sıfır Bina,Yerden Isıtma,Eşyalı Değil,Boş,Kat Mülkiyeti,"Güney, Doğu",,https://www.hepsiemlak.com/istanbul-tuzla-mimar-sinan-satilik/daire/126649-20
126649-35,Mimar Sinan,Tuzla,İstanbul,5.100.000 TL,92,84,2 + 1,1,4 Katlı,2. Kat,Sıfır Bina,Yerden Isıtma,Eşyalı Değil,Boş,Kat Mülkiyeti,"Güney, Doğu",,https://www.hepsiemlak.com/istanbul-tuzla-mimar-sinan-satilik/daire/126649-35
126649-32,Kavakpınar,Pendik,İstanbul,6.250.000 TL,105,88,2 + 1,2,9 Katlı,7. Kat,6 Yaşında,Yerden Isıtma,Eşyalı Değil,Kiracılı,Kat Mülkiyeti,"Güney, Doğu",2.500 TL,https://www.hepsiemlak.com/istanbul-pendik-kavakpinar-satilik/daire/126649-32
129057-468,Aydınlıkevler,Altındağ,Ankara,3.750.000 TL,110,100,3 + 1,1,3 Katlı,3. Kat,31 Yaşında,Kombi,Eşyalı Değil,Boş,Kat Mülkiyeti,"Kuzey, Doğu",,https://www.hepsiemlak.com/ankara-altindag-aydinlikevler-satilik/daire/129057-468
69833-219,Atayurt,Etimesgut,Ankara,3.600.000 TL,46,41,1 + 1,1,11 Katlı,1. Kat,Sıfır Bina,Merkezi (Pay Öl...,Eşyalı Değil,Boş,Kat İrtifakı,"Kuzey, Güney, Doğu, Batı",,https://www.hepsiemlak.com/ankara-etimesgut-atayurt-satilik/daire/69833-219
168367-14,Pınarbaşı,Keçiören,Ankara,3.890.000 TL,125,108,2 + 0,1,4 Katlı,Giriş Katı,30 Yaşında,Kombi,,Boş,Kat Mülkiyeti,Güney,250 TL,https://www.hepsiemlak.com/ankara-kecioren-pinarbasi-satilik/daire/168367-14
16761-33337,Şehit Cevdet Özdemir,Çankaya,Ankara,3.950.000 TL,105,100,2 + 1,2,2 Katlı,Bahçe Katı,26 Yaşında,Kombi,Eşyalı Değil,Mülk Sahibi,Kat Mülkiyeti,"Güney, Doğu",350 TL,https://www.hepsiemlak.com/ankara-cankaya-sehit-cevdet-ozdemir-satilik/daire/16761-33337
16761-33324,Harbiye,Çankaya,Ankara,7.149.000 TL,125,120,3 + 1,1,3 Katlı,2. Kat,29 Yaşında,Kombi,Eşyalı Değil,Boş,Kat Mülkiyeti,Doğu,500 TL,https://www.hepsiemlak.com/ankara-cankaya-harbiye-satilik/daire/16761-33324
16761-33321,Sancak,Çankaya,Ankara,12.490.000 TL,275,225,4 + 1,2,4 Katlı,4. Kat,19 Yaşında,Kombi,Eşyalı Değil,Boş,Kat Mülkiyeti,"Güney, Doğu, Batı",700 TL,https://www.hepsiemlak.com/ankara-cankaya-sancak-satilik/daire/16761-33321
94653-323,Karaseki,Avanos,Nevşehir,5.800.000 TL,130,120,3 + 1,1,2 Katlı,2. Kat,26 Yaşında,Kombi,Eşyalı Değil,Mülk Sahibi,Müstakil Tapulu,,,https://www.hepsiemlak.com/nevsehir-avanos-karaseki-satilik/daire/94653-323
16407-12141,Topçu,Etimesgut,Ankara,3.365.000 TL,100,90,2 + 1,1,3 Katlı,En Üst Kat,20 Yaşında,Kombi,Eşyalı Değil,Boş,Kat Mülkiyeti,Kuzey,200 TL,https://www.hepsiemlak.com/ankara-etimesgut-topcu-satilik/daire/16407-12141
169504-12,Çavuş,Şile,İstanbul,12.600.000 TL,181,161,3 + 2,2,4 Katlı,4. Kat,4 Yaşında,Kombi,Eşyalı Değil,Boş,Kat Mülkiyeti,,,https://www.hepsiemlak.com/istanbul-sile-cavus-satilik/daire/169504-12
138805-1309,Ata,Çankaya,Ankara,4.750.000 TL,110,90,2 + 1,2,4 Katlı,Giriş Katı,11 Yaşında,Kombi,Eşyalı Değil,Mülk Sahibi,Kat Mülkiyeti,"Kuzey, Doğu",400 TL,https://www.hepsiemlak.com/ankara-cankaya-ata-satilik/daire/138805-1309
138805-1457,Beytepe,Çankaya,Ankara,26.950.000 TL,370,300,6 + 1,3,3 Katlı,,12 Yaşında,Kombi,,Boş,Kat Mülkiyeti,Güney,,https://www.hepsiemlak.com/ankara-cankaya-beytepe-satilik/villa/138805-1457
140624-193,Ahi Evran,Kocasinan,Kayseri,2.100.000 TL,120,100,2 + 1,1,5 Katlı,3. Kat,21 Yaşında,Kombi,Eşyalı Değil,Mülk Sahibi,Kat İrtifakı,"Kuzey, Doğu",,https://www.hepsiemlak.com/kayseri-kocasinan-ahi-evran-satilik/daire/140624-193
140624-205,Yenişehir,Kocasinan,Kayseri,2.400.000 TL,150,120,3 + 1,1,2 Katlı,2. Kat,31 Yaşında,Kombi,Eşyalı Değil,Boş,Kat Mülkiyeti,"Güney, Doğu, Batı",,https://www.hepsiemlak.com/kayseri-kocasinan-yenisehir-satilik/daire/140624-205
140624-196,Yenişehir,Kocasinan,Kayseri,2.075.000 TL,120,100,3 + 1,1,3 Katlı,Yüksek Giriş,31 Yaşında,Kombi,Eşyalı Değil,Kiracılı,Kat Mülkiyeti,,,https://www.hepsiemlak.com/kayseri-kocasinan-yenisehir-satilik/daire/140624-196
60186-4349,Çamlıtepe,Çankaya,Ankara,6.650.000 TL,125,120,3 + 1,1,4 Katlı,1. Kat,8 Yaşında,Kombi,Eşyalı Değil,Boş,Yabancıdan,"Güney, Doğu, Batı",300 TL,https://www.hepsiemlak.com/ankara-cankaya-camlitepe-satilik/daire/60186-4349
139911-464,Duatepe,Şişli,İstanbul,5.800.000 TL,85,75,2 + 1,1,5 Katlı,3. Kat,35 Yaşında,Kombi,Eşyalı Değil,Kiracılı,Kat İrtifakı,,400 TL,https://www.hepsiemlak.com/istanbul-sisli-duatepe-satilik/daire/139911-464
40658-22665,Kemalpaşa,Bağcılar,İstanbul,2.975.000 TL,200,180,2 + 1,2,4 Katlı,Çatı Katı,56 Yaşında,Kombi,Eşyalı Değil,Boş,Arsa,"Kuzey, Güney, Doğu, Batı",,https://www.hepsiemlak.com/istanbul-bagcilar-kemalpasa-satilik/daire/40658-22665
40658-22715,Halkalı Merkez,Küçükçekmece,İstanbul,7.950.000 TL,145,127,3 + 1,1,10 Katlı,Yüksek Giriş,15 Yaşında,Kombi,Eşyalı Değil,Kiracılı,Kat Mülkiyeti,,2.500 TL,https://www.hepsiemlak.com/istanbul-kucukcekmece-halkali-merkez-satilik/daire/40658-22715
40658-22723,Zafer,Bahçelievler,İstanbul,12.000.000 TL,354,295,1 + 1,1,4 Katlı,,31 Yaşında,Kombi,Eşyalı Değil,Kiracılı,Arsa,,100 TL,https://www.hepsiemlak.com/istanbul-bahcelievler-zafer-satilik/bina/40658-22723
144652-199,Umurca,Bodrum,Muğla,8.350.000 TL,80,75,2 + 1,1,2 Katlı,Bahçe Katı,11 Yaşında,Klima,Eşyalı Değil,Boş,Kat Mülkiyeti,,,https://www.hepsiemlak.com/mugla-bodrum-umurca-satilik/daire/144652-199
40658-22521,Mehmet Akif Ersoy,Esenyurt,İstanbul,4.950.000 TL,155,140,3 + 1,1,18 Katlı,16. Kat,7 Yaşında,Kombi,Eşyalı Değil,Mülk Sahibi,Kat Mülkiyeti,,4.500 TL,https://www.hepsiemlak.com/istanbul-esenyurt-mehmet-akif-ersoy-satilik/daire/40658-22521
61688-6022,Barıştepe,Yenimahalle,Ankara,5.950.000 TL,165,150,3 + 1,2,13 Katlı,2. Kat,6 Yaşında,Merkezi,Eşyalı Değil,Mülk Sahibi,Kat Mülkiyeti,"Güney, Doğu",,https://www.hepsiemlak.com/ankara-yenimahalle-baristepe-satilik/daire/61688-6022
14713-1023,Hasanpaşa,Kadıköy,İstanbul,9.800.000 TL,90,75,2 + 1,1,5 Katlı,2. Kat,9 Yaşında,Kombi,Eşyalı Değil,Kiracılı,Kat Mülkiyeti,"Kuzey, Güney, Doğu, Batı",1.000 TL,https://www.hepsiemlak.com/istanbul-kadikoy-hasanpasa-satilik/daire/14713-1023
14713-1020,Hasanpaşa,Kadıköy,İstanbul,9.500.000 TL,100,85,2 + 1,1,5 Katlı,2. Kat,12 Yaşında,Kombi,Eşyalı Değil,Boş,Kat Mülkiyeti,"Güney, Doğu, Batı",500 TL,https://www.hepsiemlak.com/istanbul-kadikoy-hasanpasa-satilik/daire/14713-1020
120137-2281,Altaylılar,Tarsus,Mersin,6.175.000 TL,190,170,4 + 1,2,12 Katlı,1. Kat,5 Yaşında,Kombi,Eşyalı Değil,Mülk Sahibi,Kat İrtifakı,"Kuzey, Güney, Batı",1.750 TL,https://www.hepsiemlak.com/mersin-tarsus-altaylilar-satilik/daire/120137-2281
120137-2232,Akşemsettin,Tarsus,Mersin,4.650.000 TL,130,120,3 + 1,1,4 Katlı,1. Kat,Sıfır Bina,Kombi,Eşyalı Değil,Boş,Kat İrtifakı,"Kuzey, Güney, Doğu, Batı",500 TL,https://www.hepsiemlak.com/mersin-tarsus-aksemsettin-satilik/daire/120137-2232
120137-2268,Bağlar,Tarsus,Mersin,4.875.000 TL,130,120,3 + 1,2,12 Katlı,5. Kat,6 Yaşında,Kombi,Eşyalı Değil,Mülk Sahibi,Kat İrtifakı,"Güney, Doğu, Batı",750 TL,https://www.hepsiemlak.com/mersin-tarsus-baglar-satilik/daire/120137-2268
120137-2275,Ergenekon,Tarsus,Mersin,5.750.000 TL,165,140,3 + 1,2,5 Katlı,1. Kat,3 Yaşında,Kombi,Eşyalı Değil,Belirtilmemiş,Kat İrtifakı,"Güney, Doğu, Batı",,https://www.hepsiemlak.com/mersin-tarsus-ergenekon-satilik/daire/120137-2275
170259-7,Akbez,Hassa,Hatay,1.750.000 TL,165,155,3 + 1,1,9 Katlı,5. Kat,7 Yaşında,Merkezi,Eşyalı Değil,Kiracılı,Kat İrtifakı,Doğu,500 TL,https://www.hepsiemlak.com/hatay-hassa-akbez-satilik/daire/170259-7
129657-609,17 Eylül,Bandırma,Balıkesir,7.380.000 TL,170,160,4 + 1,2,4 Katlı,4. Kat,4 Yaşında,Kombi,Eşyalı Değil,Mülk Sahibi,Kat İrtifakı,Güney,500 TL,https://www.hepsiemlak.com/balikesir-bandirma-17-eylul-satilik/daire/129657-609
89768-437,Aydınlıkevler,Altındağ,Ankara,7.090.000 TL,95,80,3 + 1,1,4 Katlı,4. Kat,Sıfır Bina,Yerden Isıtma,Eşyalı Değil,Boş,Kat Mülkiyeti,"Güney, Doğu",500 TL,https://www.hepsiemlak.com/ankara-altindag-aydinlikevler-satilik/daire/89768-437
161556-41,Nusratiye,Akdeniz,Mersin,1.500.000 TL,120,109,3 + 1,,4 Katlı,4. Kat,28 Yaşında,Klima,Eşyalı Değil,Mülk Sahibi,Kat İrtifakı,"Doğu, Batı",,https://www.hepsiemlak.com/mersin-akdeniz-nusratiye-satilik/daire/161556-41
161556-14,Yeni,Akdeniz,Mersin,1.650.000 TL,90,80,2 + 0,1,6 Katlı,4. Kat,30 Yaşında,Klima,Eşyalı Değil,Boş,Kat İrtifakı,"Kuzey, Batı",100 TL,https://www.hepsiemlak.com/mersin-akdeniz-yeni-satilik/daire/161556-14
129186-1503,Zafer,Polatlı,Ankara,3.450.000 TL,150,140,3 + 1,1,6 Katlı,3. Kat,11 Yaşında,Kombi,Eşyalı Değil,Mülk Sahibi,Kat Mülkiyeti,"Güney, Doğu, Batı",300 TL,https://www.hepsiemlak.com/ankara-polatli-zafer-satilik/daire/129186-1503
129186-1488,İstiklal,Polatlı,Ankara,3.980.000 TL,152,130,3 + 1,2,4 Katlı,Yüksek Giriş,Sıfır Bina,Kombi,Eşyalı Değil,Boş,Kat Mülkiyeti,"Kuzey, Doğu",500 TL,https://www.hepsiemlak.com/ankara-polatli-istiklal-satilik/daire/129186-1488
129186-1575,Zafer,Polatlı,Ankara,2.270.000 TL,130,120,3 + 1,1,3 Katlı,2. Kat,21 Yaşında,Kombi,Eşyalı Değil,Mülk Sahibi,Kat Mülkiyeti,Doğu,,https://www.hepsiemlak.com/ankara-polatli-zafer-satilik/daire/129186-1575
3897-1899,Bahçelievler,Çankaya,Ankara,19.500.000 TL,195,170,4 + 1,2,2 Katlı,3. Kat,1 Yaşında,Kombi,Eşyalı Değil,Boş,Kat Mülkiyeti,"Güney, Doğu",1.000 TL,https://www.hepsiemlak.com/ankara-cankaya-bahcelievler-satilik/daire/3897-1899
77162-5259,Altınoluk,Edremit,Balıkesir,7.650.000 TL,95,78,2 + 1,1,3 Katlı,3. Kat,5 Yaşında,Klima,Eşyalı Değil,Mülk Sahibi,Kat Mülkiyeti,"Güney, Doğu",1.000 TL,https://www.hepsiemlak.com/balikesir-edremit-altinoluk-satilik/daire/77162-5259
77162-4900,Güre,Edremit,Balıkesir,24.500.000 TL,240,170,4 + 1,4,2 Katlı,,Sıfır Bina,Kat Kaloriferi,Eşyalı Değil,Boş,Kat Mülkiyeti,"Kuzey, Güney, Doğu, Batı",5.000 TL,https://www.hepsiemlak.com/balikesir-edremit-gure-satilik/villa/77162-4900
170319-2,İsali,Erzin,Hatay,3.950.000 TL,177,150,3 + 1,1,4 Katlı,2. Kat,16 Yaşında,Klima,Eşyalı Değil,,Kat Mülkiyeti,"Güney, Doğu, Batı",,https://www.hepsiemlak.com/hatay-erzin-isali-satilik/daire/170319-2
114044-262,Cumhuriyet,İskenderun,Hatay,2.500.000 TL,130,115,3 + 1,1,3 Katlı,En Üst Kat,39 Yaşında,Klima,Eşyalı Değil,Kiracılı,Kat İrtifakı,"Doğu, Batı",10 TL,https://www.hepsiemlak.com/hatay-iskenderun-cumhuriyet-satilik/daire/114044-262
170319-1,Bahçelievler,Erzin,Hatay,5.200.000 TL,165,144,3 + 1,2,3 Katlı,3. Kat,Sıfır Bina,Kombi,Eşyalı Değil,Boş,Kat İrtifakı,"Güney, Batı",,https://www.hepsiemlak.com/hatay-erzin-bahcelievler-satilik/daire/170319-1
145390-285,Suadiye,Kadıköy,İstanbul,26.950.000 TL,133,102,3 + 1,2,13 Katlı,9. Kat,Sıfır Bina,Kombi,Eşyalı Değil,Boş,Arsa,"Kuzey, Güney, Doğu, Batı",2.000 TL,https://www.hepsiemlak.com/istanbul-kadikoy-suadiye-satilik/daire/145390-285
147960-7,Güzelce,Büyükçekmece,İstanbul,9.700.000 TL,157,110,2 + 1,3,8 Katlı,2. Kat,2 Yaşında,Merkezi (Pay Öl...,Eşyalı Değil,Mülk Sahibi,Müstakil Tapulu,"Güney, Doğu",,https://www.hepsiemlak.com/istanbul-buyukcekmece-guzelce-satilik/daire/147960-7
143843-160,Esenler,Selçuklu,Konya,7.500.000 TL,155,120,3 + 1,2,7 Katlı,3. Kat,Sıfır Bina,Yerden Isıtma,Eşyalı Değil,Boş,Kat Mülkiyeti,"Doğu, Batı",,https://www.hepsiemlak.com/konya-selcuklu-esenler-satilik/daire/143843-160
143843-159,Esenler,Selçuklu,Konya,10.000.000 TL,220,170,4 + 1,2,7 Katlı,3. Kat,Sıfır Bina,Yerden Isıtma,Eşyalı Değil,Boş,Kat Mülkiyeti,"Güney, Batı",,https://www.hepsiemlak.com/konya-selcuklu-esenler-satilik/daire/143843-159
25058-1071,Maltepe,Çankaya,Ankara,6.500.000 TL,60,55,1 + 1,1,4 Katlı,Zemin,Sıfır Bina,Kombi,Eşyalı Değil,Boş,Kat Mülkiyeti,Batı,200 TL,https://www.hepsiemlak.com/ankara-cankaya-maltepe-satilik/daire/25058-1071
25058-1055,Şehit Cevdet Özdemir,Çankaya,Ankara,3.600.000 TL,120,110,3 + 1,1,3 Katlı,Bahçe Katı,20 Yaşında,Kombi,Eşyalı Değil,Kiracılı,Kat Mülkiyeti,"Güney, Batı",200 TL,https://www.hepsiemlak.com/ankara-cankaya-sehit-cevdet-ozdemir-satilik/daire/25058-1055
169900-16,Baruthane,Yıldırım,Bursa,1.460.000 TL,104,100,3 + 1,1,2 Katlı,2. Kat,30 Yaşında,Doğalgaz Sobası,Eşyalı Değil,Boş,Hisseli Tapu,"Doğu, Batı",,https://www.hepsiemlak.com/bursa-yildirim-baruthane-satilik/daire/169900-16
170185-12,Karşıyaka,Kepez,Antalya,3.300.000 TL,75,60,2 + 1,1,3 Katlı,Giriş Katı,5 Yaşında,Kombi,Eşyalı Değil,Mülk Sahibi,Kat Mülkiyeti,"Kuzey, Güney, Batı",250 TL,https://www.hepsiemlak.com/antalya-kepez-karsiyaka-satilik/daire/170185-12
167819-177,Armağanevler,Ümraniye,İstanbul,8.700.000 TL,135,120,4 + 1,2,5 Katlı,4. Kat,11 Yaşında,Kombi,Eşyalı Değil,Kiracılı,Kat İrtifakı,Güney,350 TL,https://www.hepsiemlak.com/istanbul-umraniye-armaganevler-satilik/daire/167819-177
167819-102,Armağanevler,Ümraniye,İstanbul,11.850.000 TL,140,120,3 + 1,2,12 Katlı,12. Kat,6 Yaşında,Kombi,Eşyalı Değil,Boş,Kat Mülkiyeti,"Kuzey, Güney, Doğu, Batı",,https://www.hepsiemlak.com/istanbul-umraniye-armaganevler-satilik/daire/167819-102
167819-178,Çakmak,Ümraniye,İstanbul,7.200.000 TL,125,110,3 + 1,1,4 Katlı,4. Kat,Sıfır Bina,Kombi,Eşyalı Değil,Boş,Kat Mülkiyeti,Güney,,https://www.hepsiemlak.com/istanbul-umraniye-cakmak-satilik/daire/167819-178
2501-2117,Erenköy,Kadıköy,İstanbul,22.000.000 TL,135,95,3 + 1,2,11 Katlı,1. Kat,6 Yaşında,Merkezi (Pay Öl...,Eşyalı Değil,Boş,Kat Mülkiyeti,Güney,,https://www.hepsiemlak.com/istanbul-kadikoy-erenkoy-satilik/daire/2501-2117
167819-137,Küçük Çamlıca,Üsküdar,İstanbul,52.000.000 TL,450,315,5 + 2,4,4 Katlı,Bahçe Katı,31 Yaşında,Kombi,Eşyalı Değil,Mülk Sahibi,Kat İrtifakı,,,https://www.hepsiemlak.com/istanbul-uskudar-kucuk-camlica-satilik/villa/167819-137
167819-164,Sultançiftliği,Çekmeköy,İstanbul,8.249.000 TL,125,115,3 + 1,2,9 Katlı,3. Kat,2 Yaşında,Kombi,Eşyalı Değil,Boş,Kat Mülkiyeti,"Güney, Doğu, Batı",,https://www.hepsiemlak.com/istanbul-cekmekoy-sultanciftligi-satilik/daire/167819-164
6680-24145,Cihangir,Avcılar,İstanbul,6.350.000 TL,140,130,3 + 1,2,4 Katlı,Ara Kat,21 Yaşında,Kombi,Eşyalı Değil,Mülk Sahibi,Kat Mülkiyeti,Güney,500 TL,https://www.hepsiemlak.com/istanbul-avcilar-cihangir-satilik/daire/6680-24145
151145-80,Fatih,Arifiye,Sakarya,3.750.000 TL,106,95,2 + 1,1,3 Katlı,Yüksek Giriş,4 Yaşında,Yerden Isıtma,Eşyalı Değil,Kiracılı,Kat Mülkiyeti,"Kuzey, Güney, Doğu, Batı",,https://www.hepsiemlak.com/sakarya-arifiye-fatih-satilik/daire/151145-80
151145-123,Cumhuriyet,Arifiye,Sakarya,4.450.000 TL,126,110,3 + 1,2,2 Katlı,Yüksek Giriş,11 Yaşında,Kombi,Eşyalı Değil,Boş,Kat Mülkiyeti,"Kuzey, Güney, Doğu, Batı",,https://www.hepsiemlak.com/sakarya-arifiye-cumhuriyet-satilik/daire/151145-123
691564-98,Yavuz Sultan Selim,Kahramankazan,Ankara,3.745.000 TL,140,125,3 + 1,1,4 Katlı,2. Kat,11 Yaşında,Kombi,Eşyalı Değil,Boş,Kat Mülkiyeti,,,https://www.hepsiemlak.com/ankara-kahramankazan-yavuz-sultan-selim-satilik/daire/691564-98
691564-97,Atatürk,Kahramankazan,Ankara,3.090.000 TL,140,130,3 + 1,1,7 Katlı,7. Kat,16 Yaşında,Kombi,Eşyalı Değil,Boş,Kat Mülkiyeti,,,https://www.hepsiemlak.com/ankara-kahramankazan-ataturk-satilik/daire/691564-97
691564-94,Satıkadın,Kahramankazan,Ankara,3.925.000 TL,130,120,3 + 1,1,4 Katlı,Yüksek Giriş,6 Yaşında,Kombi,Eşyalı Değil,Boş,Kat Mülkiyeti,,,https://www.hepsiemlak.com/ankara-kahramankazan-satikadin-satilik/daire/691564-94
138176-637,Alpağutbey,Merkez,Bolu,7.000.000 TL,140,130,3 + 1,2,4 Katlı,Giriş Katı,Sıfır Bina,Kombi,Eşyalı Değil,Boş,Kat İrtifakı,"Güney, Doğu",,https://www.hepsiemlak.com/bolu-merkez-alpagutbey-satilik/daire/138176-637
138176-634,Kılıçarslan,Merkez,Bolu,8.500.000 TL,130,120,3 + 1,2,3 Katlı,1. Kat,Sıfır Bina,Kombi,Eşyalı Değil,Boş,Tapu Yok,,,https://www.hepsiemlak.com/bolu-merkez-kilicarslan-satilik/daire/138176-634
163455-226,Mahmutlar,Alanya,Antalya,3.730.000 TL,55,50,1 + 1,1,8 Katlı,5. Kat,Sıfır Bina,Klima,Eşyalı Değil,Boş,Kat Mülkiyeti,Güney,,https://www.hepsiemlak.com/antalya-alanya-mahmutlar-satilik/daire/163455-226
138176-301,Alpağutbey,Merkez,Bolu,6.000.000 TL,116,105,2 + 1,3,4 Katlı,2. Kat,Sıfır Bina,Kombi,Eşyalı Değil,Boş,Yabancıdan,"Güney, Doğu",,https://www.hepsiemlak.com/bolu-merkez-alpagutbey-satilik/daire/138176-301
161165-27,100. Yıl,Süleymanpaşa,Tekirdağ,4.500.000 TL,110,90,2 + 1,1,4 Katlı,4. Kat,6 Yaşında,Kombi,Eşyalı Değil,Mülk Sahibi,Kat Mülkiyeti,"Güney, Doğu",,https://www.hepsiemlak.com/tekirdag-suleymanpasa-100-yil-satilik/daire/161165-27
170036-3,Alanlı,Atakum,Samsun,2.050.000 TL,55,50,1 + 1,1,12 Katlı,1. Kat,Sıfır Bina,Kombi,Eşyalı Değil,Boş,Kat Mülkiyeti,,,https://www.hepsiemlak.com/samsun-atakum-alanli-satilik/daire/170036-3
145060-101,Çıtlakkale,Merkez,Giresun,4.500.000 TL,98,92,2 + 1,2,7 Katlı,4. Kat,Sıfır Bina,Kombi,Eşyalı Değil,Boş,Kat İrtifakı,"Kuzey, Doğu",,https://www.hepsiemlak.com/giresun-merkez-citlakkale-satilik/daire/145060-101
1794-3044,Zafer,Bahçelievler,İstanbul,1.950.000 TL,75,70,2 + 1,1,4 Katlı,Zemin,26 Yaşında,Kombi,Eşyalı Değil,Kiracılı,Hisseli Tapu,Güney,200 TL,https://www.hepsiemlak.com/istanbul-bahcelievler-zafer-satilik/daire/1794-3044
169034-9,Hürriyet,Kartal,İstanbul,8.450.000 TL,115,100,3 + 1,2,12 Katlı,1. Kat,Sıfır Bina,Merkezi,Eşyalı Değil,Boş,Kat Mülkiyeti,Güney,1.700 TL,https://www.hepsiemlak.com/istanbul-kartal-hurriyet-satilik/daire/169034-9
159455-582,Yeni,Karataş,Adana,30.000.000 TL,245,170,5 + 1,2,2 Katlı,Bahçe Katı,Sıfır Bina,VRV,Eşyalı Değil,Boş,Kat Mülkiyeti,"Kuzey, Güney, Doğu, Batı",,https://www.hepsiemlak.com/adana-karatas-yeni-satilik/villa/159455-582
159455-526,Yurt,Çukurova,Adana,15.500.000 TL,210,175,5 + 1,3,15 Katlı,7. Kat,Sıfır Bina,Yerden Isıtma,Eşyalı Değil,Boş,Kat Mülkiyeti,"Kuzey, Güney, Doğu",,https://www.hepsiemlak.com/adana-cukurova-yurt-satilik/daire/159455-526
159455-508,Belediye Evleri,Çukurova,Adana,9.500.000 TL,320,250,7 + 1,1,10 Katlı,9. Kat,16 Yaşında,Kombi,Eşyalı Değil,Boş,Kat Mülkiyeti,"Kuzey, Güney, Doğu",,https://www.hepsiemlak.com/adana-cukurova-belediye-evleri-satilik/daire/159455-508
102131-53198,Gümüşçay,Merkezefendi,Denizli,3.200.000 TL,120,110,2 + 1,1,2 Katlı,2. Kat,5 Yaşında,Yerden Isıtma,Eşyalı Değil,Boş,Yabancıdan,"Kuzey, Güney, Doğu, Batı",,https://www.hepsiemlak.com/denizli-merkezefendi-gumuscay-satilik/daire/102131-53198
161134-58,Karasenir,Merkez,Burdur,3.550.000 TL,85,71,2 + 0,1,3 Katlı,3. Kat,1 Yaşında,Kombi,Eşyalı,Boş,Kat İrtifakı,"Kuzey, Batı",,https://www.hepsiemlak.com/burdur-merkez-karasenir-satilik/daire/161134-58
145446-847,Nine Hatun,Esenler,İstanbul,3.800.000 TL,120,110,3 + 1,2,6 Katlı,3. Kat,29 Yaşında,Kombi,Eşyalı Değil,Kiracılı,Hisseli Tapu,"Kuzey, Güney, Doğu, Batı",,https://www.hepsiemlak.com/istanbul-esenler-nine-hatun-satilik/daire/145446-847
145446-859,Nine Hatun,Esenler,İstanbul,8.750.000 TL,130,110,3 + 1,1,4 Katlı,4. Kat,2 Yaşında,Kombi,Eşyalı Değil,Boş,Kat Mülkiyeti,"Kuzey, Güney, Doğu, Batı",,https://www.hepsiemlak.com/istanbul-esenler-nine-hatun-satilik/daire/145446-859
87617-728,İsmet İnönü,İskenderun,Hatay,2.600.000 TL,149,129,3 + 0,1,4 Katlı,1. Kat,20 Yaşında,Klima,Eşyalı Değil,Boş,Kat Mülkiyeti,"Doğu, Batı",,https://www.hepsiemlak.com/hatay-iskenderun-ismet-inonu-satilik/daire/87617-728
62127-1440,Cihangir,Beyoğlu,İstanbul,26.500.000 TL,128,118,2 + 1,2,3 Katlı,3. Kat,21 Yaşında,Kombi,,Boş,Kat Mülkiyeti,"Güney, Doğu, Batı",750 TL,https://www.hepsiemlak.com/istanbul-beyoglu-cihangir-satilik/daire/62127-1440
168723-44,Yenişehir,Pendik,İstanbul,14.600.000 TL,153,120,3 + 1,2,9 Katlı,8. Kat,11 Yaşında,Kombi,Eşyalı Değil,Boş,Kat Mülkiyeti,"Kuzey, Güney, Doğu",5.300 TL,https://www.hepsiemlak.com/istanbul-pendik-yenisehir-satilik/daire/168723-44
4641-3782,Aşağı Öveçler,Çankaya,Ankara,7.750.000 TL,134,118,3 + 1,1,3 Katlı,1. Kat,16 Yaşında,Kombi,Eşyalı Değil,Boş,Kat Mülkiyeti,"Kuzey, Doğu, Batı",300 TL,https://www.hepsiemlak.com/ankara-cankaya-asagi-ovecler-satilik/daire/4641-3782
160195-89,Orhangazi,Merkez,Düzce,1.700.000 TL,52,42,1 + 1,1,4 Katlı,Giriş Katı,Sıfır Bina,Yerden Isıtma,Eşyalı Değil,Boş,Kat İrtifakı,,300 TL,https://www.hepsiemlak.com/duzce-merkez-orhangazi-satilik/daire/160195-89
151949-394,Prof. Dr. Ahmet Taner Kışlalı,Çankaya,Ankara,14.500.000 TL,400,360,5 + 2,3,4 Katlı,Bahçe Katı,11 Yaşında,Kombi,Eşyalı Değil,Boş,Kat Mülkiyeti,"Kuzey, Doğu, Batı",,https://www.hepsiemlak.com/ankara-cankaya-prof-dr-ahmet-taner-kislali-satilik/villa/151949-394
151949-411,Alacaatlı,Çankaya,Ankara,16.300.000 TL,350,250,4 + 1,3,24 Katlı,21 ve üzeri,3 Yaşında,Merkezi (Pay Öl...,Eşyalı Değil,Boş,Kat Mülkiyeti,"Güney, Doğu, Batı",,https://www.hepsiemlak.com/ankara-cankaya-alacaatli-satilik/daire/151949-411
151949-418,Şeyh Şamil,Etimesgut,Ankara,6.750.000 TL,145,135,3 + 1,2,9 Katlı,1. Kat,21 Yaşında,Kombi,Eşyalı Değil,Mülk Sahibi,Kat Mülkiyeti,"Kuzey, Batı",1.500 TL,https://www.hepsiemlak.com/ankara-etimesgut-seyh-samil-satilik/daire/151949-418
164994-7,Osmangazi,Bayraklı,İzmir,9.750.000 TL,260,170,4 + 2,2,2 Katlı,,16 Yaşında,Klima,Eşyalı Değil,Mülk Sahibi,Müstakil Tapulu,"Kuzey, Güney",,https://www.hepsiemlak.com/izmir-bayrakli-osmangazi-satilik/mustakil-ev/164994-7
168725-42,19 Mayıs,Keçiören,Ankara,3.649.000 TL,165,160,4 + 2,2,2 Katlı,Yarı Bodrum,11 Yaşında,Kombi,Eşyalı Değil,Boş,Kat Mülkiyeti,Batı,,https://www.hepsiemlak.com/ankara-kecioren-19-mayis-satilik/daire/168725-42
164994-12,Demirköprü,Karşıyaka,İzmir,4.950.000 TL,120,105,3 + 1,1,9 Katlı,4. Kat,26 Yaşında,Klima,Eşyalı Değil,Kiracılı,Kat İrtifakı,"Kuzey, Doğu",,https://www.hepsiemlak.com/izmir-karsiyaka-demirkopru-satilik/daire/164994-12
1075-6868,Pınartepe,Büyükçekmece,İstanbul,14.500.000 TL,200,180,4 + 1,2,4 Katlı,3. Kat,9 Yaşında,Kombi,Eşyalı Değil,Mülk Sahibi,Kat Mülkiyeti,"Doğu, Batı",4.000 TL,https://www.hepsiemlak.com/istanbul-buyukcekmece-pinartepe-satilik/daire/1075-6868
160587-67,Gökyazı,Demre,Antalya,5.750.000 TL,94,89,2 + 1,1,4 Katlı,2. Kat,10 Yaşında,Klima,Eşyalı Değil,Kiracılı,Kat Mülkiyeti,"Kuzey, Doğu",,https://www.hepsiemlak.com/antalya-demre-gokyazi-satilik/daire/160587-67
160280-115,Güller Pınarı,Alanya,Antalya,10.730.000 TL,50,47,1 + 1,1,5 Katlı,Zemin,2 Yaşında,Klima,Eşyalı Değil,Boş,Yabancıdan,,,https://www.hepsiemlak.com/antalya-alanya-guller-pinari-satilik/daire/160280-115
169941-1,Mimaroba,Büyükçekmece,İstanbul,14.300.000 TL,175,170,4 + 1,2,9 Katlı,2. Kat,11 Yaşında,Kombi,Eşyalı Değil,Mülk Sahibi,Kat Mülkiyeti,"Kuzey, Doğu, Batı",6.400 TL,https://www.hepsiemlak.com/istanbul-buyukcekmece-mimaroba-satilik/daire/169941-1
161135-95,Atayurt,Etimesgut,Ankara,5.800.000 TL,100,90,2 + 1,2,15 Katlı,6. Kat,Sıfır Bina,Yerden Isıtma,Eşyalı Değil,Boş,Kat İrtifakı,"Güney, Doğu, Batı",,https://www.hepsiemlak.com/ankara-etimesgut-atayurt-satilik/daire/161135-95
161135-117,Atayurt,Etimesgut,Ankara,4.899.000 TL,117,100,3 + 1,1,12 Katlı,11. Kat,16 Yaşında,Merkezi (Pay Öl...,Eşyalı Değil,Mülk Sahibi,Kat Mülkiyeti,"Güney, Batı",1.890 TL,https://www.hepsiemlak.com/ankara-etimesgut-atayurt-satilik/daire/161135-117
70173-2060,Türbe,Ereğli,Konya,1.625.000 TL,60,50,1 + 1,1,3 Katlı,1. Kat,4 Yaşında,Kombi,Eşyalı Değil,Kiracılı,Kat Mülkiyeti,Batı,500 TL,https://www.hepsiemlak.com/konya-eregli-turbe-satilik/daire/70173-2060
164415-134,Dereağzı,Beylikdüzü,İstanbul,4.750.000 TL,100,85,2 + 1,1,4 Katlı,2. Kat,11 Yaşında,Kombi,Eşyalı Değil,Mülk Sahibi,Kat Mülkiyeti,Güney,500 TL,https://www.hepsiemlak.com/istanbul-beylikduzu-dereagzi-satilik/daire/164415-134
169949-17,Çırpıcı,Zeytinburnu,İstanbul,6.400.000 TL,130,110,2 + 2,2,5 Katlı,4. Kat,4 Yaşında,Kombi,Eşyalı Değil,Kiracılı,Kat İrtifakı,"Güney, Batı",,https://www.hepsiemlak.com/istanbul-zeytinburnu-cirpici-satilik/daire/169949-17
109713-563,Barış,Kepez,Antalya,8.100.000 TL,180,170,4 + 1,2,4 Katlı,2. Kat,11 Yaşında,Kombi,Eşyalı Değil,,Kat Mülkiyeti,"Kuzey, Batı",200 TL,https://www.hepsiemlak.com/antalya-kepez-baris-satilik/daire/109713-563
169953-3,Akşemsettin,Fatih,İstanbul,9.500.000 TL,160,150,3 + 1,1,5 Katlı,2. Kat,31 Yaşında,Kombi,Eşyalı Değil,Boş,Kat Mülkiyeti,Güney,,https://www.hepsiemlak.com/istanbul-fatih-aksemsettin-satilik/daire/169953-3
169953-2,Ayvansaray,Fatih,İstanbul,1.700.000 TL,75,65,2 + 1,1,4 Katlı,Zemin,31 Yaşında,Kombi,Eşyalı Değil,Boş,Kat Mülkiyeti,Güney,,https://www.hepsiemlak.com/istanbul-fatih-ayvansaray-satilik/daire/169953-2
169953-6,Akşemsettin,Fatih,İstanbul,9.200.000 TL,160,150,3 + 1,1,5 Katlı,2. Kat,31 Yaşında,Kombi,Eşyalı Değil,Boş,Kat Mülkiyeti,Güney,,https://www.hepsiemlak.com/istanbul-fatih-aksemsettin-satilik/daire/169953-6
160235-112,Faralya,Fethiye,Muğla,43.000.000 TL,240,210,4 + 1,5,2 Katlı,Bahçe Katı,Sıfır Bina,Klima,Eşyalı Değil,Boş,Kat Mülkiyeti,"Kuzey, Güney, Doğu, Batı",,https://www.hepsiemlak.com/mugla-fethiye-faralya-satilik/villa/160235-112
132844-306,Barbaros Hayrettin Paşa,Esenyurt,İstanbul,5.700.000 TL,120,95,2 + 1,1,11 Katlı,11. Kat,5 Yaşında,Kombi,Eşyalı Değil,Mülk Sahibi,Kat Mülkiyeti,,,https://www.hepsiemlak.com/istanbul-esenyurt-barbaros-hayrettin-pasa-satilik/daire/132844-306
169950-21,Molla Gürani,Fatih,İstanbul,10.500.000 TL,150,130,3 + 1,2,5 Katlı,4. Kat,31 Yaşında,Merkezi,Eşyalı,Mülk Sahibi,Kat Mülkiyeti,Güney,1.500 TL,https://www.hepsiemlak.com/istanbul-fatih-molla-gurani-satilik/daire/169950-21
169950-18,Başakşehir,Başakşehir,İstanbul,16.900.000 TL,195,170,3 + 1,3,17 Katlı,5. Kat,6 Yaşında,Kombi,Eşyalı Değil,Mülk Sahibi,Kat Mülkiyeti,,,https://www.hepsiemlak.com/istanbul-basaksehir-basaksehir-satilik/daire/169950-18
169950-10,Molla Gürani,Fatih,İstanbul,7.950.000 TL,120,110,3 + 1,2,4 Katlı,3. Kat,31 Yaşında,Kombi,Eşyalı Değil,Kiracılı,Kat Mülkiyeti,,100 TL,https://www.hepsiemlak.com/istanbul-fatih-molla-gurani-satilik/daire/169950-10
169950-4,Molla Gürani,Fatih,İstanbul,5.750.000 TL,90,80,2 + 1,2,5 Katlı,1. Kat,31 Yaşında,Kombi,Eşyalı Değil,Mülk Sahibi,Kat Mülkiyeti,Güney,150 TL,https://www.hepsiemlak.com/istanbul-fatih-molla-gurani-satilik/daire/169950-4
169946-5,Kemer,Esenler,İstanbul,6.300.000 TL,85,75,2 + 1,1,5 Katlı,2. Kat,Sıfır Bina,Kombi,Eşyalı Değil,Boş,Kat Mülkiyeti,"Kuzey, Güney, Doğu, Batı",,https://www.hepsiemlak.com/istanbul-esenler-kemer-satilik/daire/169946-5
169946-3,Menderes,Esenler,İstanbul,4.250.000 TL,120,110,2 + 1,1,6 Katlı,1. Kat,26 Yaşında,Kombi,Eşyalı,Boş,Hisseli Tapu,"Kuzey, Güney, Doğu, Batı",200 TL,https://www.hepsiemlak.com/istanbul-esenler-menderes-satilik/daire/169946-3
169946-2,Kemer,Esenler,İstanbul,5.850.000 TL,100,90,2 + 1,1,5 Katlı,2. Kat,11 Yaşında,Kombi,Eşyalı Değil,Kiracılı,Kat Mülkiyeti,Güney,200 TL,https://www.hepsiemlak.com/istanbul-esenler-kemer-satilik/daire/169946-2
169946-1,Fevzi Çakmak,Esenler,İstanbul,4.700.000 TL,150,130,3 + 1,1,6 Katlı,3. Kat,21 Yaşında,Kombi,Eşyalı Değil,Boş,Hisseli Tapu,Güney,,https://www.hepsiemlak.com/istanbul-esenler-fevzi-cakmak-satilik/daire/169946-1
169946-7,Demirkapı,Bağcılar,İstanbul,4.500.000 TL,130,105,3 + 1,1,5 Katlı,1. Kat,21 Yaşında,Kombi,Eşyalı Değil,Kiracılı,Kat İrtifakı,"Kuzey, Güney, Doğu, Batı",,https://www.hepsiemlak.com/istanbul-bagcilar-demirkapi-satilik/daire/169946-7
165076-165,Alibeyköy,Eyüpsultan,İstanbul,9.990.000 TL,105,95,3 + 1,1,13 Katlı,7. Kat,Sıfır Bina,Yerden Isıtma,Eşyalı Değil,Boş,Kat Mülkiyeti,"Güney, Doğu",,https://www.hepsiemlak.com/istanbul-eyupsultan-alibeykoy-satilik/daire/165076-165
165076-188,Zübeyde Hanım,Sultangazi,İstanbul,4.400.000 TL,100,90,2 + 1,1,5 Katlı,3. Kat,26 Yaşında,Kombi,Eşyalı Değil,Boş,Kat İrtifakı,"Kuzey, Güney",,https://www.hepsiemlak.com/istanbul-sultangazi-zubeyde-hanim-satilik/daire/165076-188
169943-1,Akşemsettin,Fatih,İstanbul,2.900.000 TL,90,80,2 + 1,1,5 Katlı,Bahçe Katı,26 Yaşında,Kombi,Eşyalı Değil,Kiracılı,Kat Mülkiyeti,,40 TL,https://www.hepsiemlak.com/istanbul-fatih-aksemsettin-satilik/daire/169943-1
169969-14,Celaliye,Büyükçekmece,İstanbul,11.500.000 TL,250,200,5 + 1,3,3 Katlı,Bahçe Katı,26 Yaşında,Kombi,Eşyalı Değil,Boş,Kat Mülkiyeti,Güney,,https://www.hepsiemlak.com/istanbul-buyukcekmece-celaliye-satilik/villa/169969-14
169969-18,Zeyrek,Fatih,İstanbul,5.500.000 TL,110,100,3 + 1,1,4 Katlı,3. Kat,31 Yaşında,Kombi,Eşyalı Değil,Kiracılı,Kat Mülkiyeti,Güney,,https://www.hepsiemlak.com/istanbul-fatih-zeyrek-satilik/daire/169969-18
169969-20,Zeyrek,Fatih,İstanbul,5.500.000 TL,120,100,3 + 1,1,3 Katlı,1. Kat,31 Yaşında,Doğalgaz Sobası,Eşyalı Değil,Kiracılı,Kat Mülkiyeti,Güney,,https://www.hepsiemlak.com/istanbul-fatih-zeyrek-satilik/daire/169969-20
169969-3,Akşemsettin,Fatih,İstanbul,1.950.000 TL,80,75,2 + 1,1,4 Katlı,Bahçe Katı,31 Yaşında,Doğalgaz Sobası,Eşyalı Değil,Kiracılı,Kat Mülkiyeti,Güney,,https://www.hepsiemlak.com/istanbul-fatih-aksemsettin-satilik/daire/169969-3
90948-959,Bahçelievler,Merkez,Bolu,3.850.000 TL,100,90,2 + 1,1,5 Katlı,1. Kat,9 Yaşında,Kombi,Eşyalı Değil,,Kat Mülkiyeti,,,https://www.hepsiemlak.com/bolu-merkez-bahcelievler-satilik/daire/90948-959
170181-45,Battalgazi,Sultanbeyli,İstanbul,5.625.000 TL,90,78,2 + 1,2,6 Katlı,2. Kat,Sıfır Bina,Kombi,,Boş,Kat Mülkiyeti,"Kuzey, Güney, Doğu, Batı",,https://www.hepsiemlak.com/istanbul-sultanbeyli-battalgazi-satilik/daire/170181-45
35523-1162,Yenişehir,Pendik,İstanbul,9.500.000 TL,118,82,2 + 1,2,4 Katlı,2. Kat,2 Yaşında,Merkezi (Pay Öl...,Eşyalı Değil,Kiracılı,Kat İrtifakı,Güney,,https://www.hepsiemlak.com/istanbul-pendik-yenisehir-satilik/daire/35523-1162
35523-1164,Yenişehir,Pendik,İstanbul,6.500.000 TL,110,90,3 + 1,1,8 Katlı,2. Kat,26 Yaşında,Merkezi,Eşyalı Değil,Kiracılı,Kat İrtifakı,Doğu,4.700 TL,https://www.hepsiemlak.com/istanbul-pendik-yenisehir-satilik/daire/35523-1164
35523-1168,Şeyhli,Pendik,İstanbul,5.500.000 TL,98,82,2 + 1,2,9 Katlı,2. Kat,26 Yaşında,Merkezi,Eşyalı Değil,Mülk Sahibi,Kat Mülkiyeti,Güney,1.750 TL,https://www.hepsiemlak.com/istanbul-pendik-seyhli-satilik/daire/35523-1168
70173-2013,Toros,Ereğli,Konya,1.400.000 TL,53,48,1 + 1,1,4 Katlı,4. Kat,4 Yaşında,Kombi,Eşyalı,Kiracılı,Kat Mülkiyeti,"Güney, Batı",400 TL,https://www.hepsiemlak.com/konya-eregli-toros-satilik/daire/70173-2013
70173-2063,Sümer,Ereğli,Konya,1.900.000 TL,135,120,3 + 1,1,6 Katlı,Giriş Katı,30 Yaşında,Merkezi,Eşyalı Değil,Boş,Kat Mülkiyeti,"Kuzey, Batı",,https://www.hepsiemlak.com/konya-eregli-sumer-satilik/daire/70173-2063
70173-2079,Toros,Ereğli,Konya,2.350.000 TL,75,68,2 + 0,1,5 Katlı,3. Kat,Sıfır Bina,Kombi,Eşyalı Değil,Boş,Kat Mülkiyeti,"Kuzey, Batı",500 TL,https://www.hepsiemlak.com/konya-eregli-toros-satilik/daire/70173-2079
35523-1169,Yenişehir,Pendik,İstanbul,12.750.000 TL,130,100,3 + 1,2,3 Katlı,2. Kat,2 Yaşında,Kombi,Eşyalı Değil,Mülk Sahibi,Kat İrtifakı,Güney,,https://www.hepsiemlak.com/istanbul-pendik-yenisehir-satilik/daire/35523-1169
155600-114,Nar (Yeni),Merkez,Nevşehir,12.500.000 TL,250,200,2 + 1,1,2 Katlı,Bahçe Katı,Sıfır Bina,Kombi,Eşyalı Değil,Boş,Kat Mülkiyeti,"Kuzey, Güney, Doğu, Batı",,https://www.hepsiemlak.com/nevsehir-merkez-nar-yeni-satilik/villa/155600-114
169882-9,Yakacık Yeni,Kartal,İstanbul,8.900.000 TL,95,81,2 + 1,1,15 Katlı,1. Kat,Sıfır Bina,Merkezi (Pay Öl...,Eşyalı Değil,Boş,Kat İrtifakı,Güney,,https://www.hepsiemlak.com/istanbul-kartal-yakacik-yeni-satilik/daire/169882-9
169882-10,Yakacık Yeni,Kartal,İstanbul,9.830.000 TL,125,98,3 + 1,2,15 Katlı,6. Kat,Sıfır Bina,Merkezi (Pay Öl...,Eşyalı Değil,Boş,Kat İrtifakı,Güney,,https://www.hepsiemlak.com/istanbul-kartal-yakacik-yeni-satilik/daire/169882-10
169882-26,Yakacık Yeni,Kartal,İstanbul,7.250.000 TL,80,70,2 + 1,1,6 Katlı,3. Kat,1 Yaşında,Kombi,Eşyalı Değil,Mülk Sahibi,Kat İrtifakı,,500 TL,https://www.hepsiemlak.com/istanbul-kartal-yakacik-yeni-satilik/daire/169882-26
169882-28,Hürriyet,Kartal,İstanbul,6.850.000 TL,100,90,3 + 1,1,6 Katlı,1. Kat,4 Yaşında,Kombi,Eşyalı Değil,Boş,Müstakil Tapulu,,1.000 TL,https://www.hepsiemlak.com/istanbul-kartal-hurriyet-satilik/daire/169882-28
109713-557,Yeşiltepe,Kepez,Antalya,7.100.000 TL,200,180,5 + 1,2,4 Katlı,4. Kat,26 Yaşında,Kombi,Eşyalı Değil,Mülk Sahibi,Kat Mülkiyeti,"Kuzey, Doğu",200 TL,https://www.hepsiemlak.com/antalya-kepez-yesiltepe-satilik/daire/109713-557
163011-23,Valide-i Atik,Üsküdar,İstanbul,5.500.000 TL,80,65,2 + 1,1,4 Katlı,Zemin,Sıfır Bina,Kombi,Eşyalı Değil,Boş,Kat Mülkiyeti,,,https://www.hepsiemlak.com/istanbul-uskudar-valide-i-atik-satilik/daire/163011-23
163011-34,Salacak,Üsküdar,İstanbul,92.000.000 TL,225,185,4 + 1,4,6 Katlı,3. Kat,Sıfır Bina,Kombi,Eşyalı Değil,Boş,Kat İrtifakı,,100 TL,https://www.hepsiemlak.com/istanbul-uskudar-salacak-satilik/daire/163011-34
140874-24,Yahyalar,Merkez,Düzce,11.000.000 TL,154,120,4 + 1,4,2 Katlı,,Sıfır Bina,Yerden Isıtma,Eşyalı Değil,Boş,Kat İrtifakı,"Güney, Doğu, Batı",,https://www.hepsiemlak.com/duzce-merkez-yahyalar-satilik/villa/140874-24
111975-141,Yayla,Tuzla,İstanbul,14.000.000 TL,220,180,5 + 0,3,5 Katlı,En Üst Kat,10 Yaşında,Kombi,Eşyalı Değil,Boş,Kat Mülkiyeti,"Doğu, Batı",3.500 TL,https://www.hepsiemlak.com/istanbul-tuzla-yayla-satilik/daire/111975-141
138977-65,Cumaalanı,Çameli,Denizli,1.275.000 TL,85,80,4 + 0,4,,Bahçe Katı,21 Yaşında,Soba,Eşyalı Değil,Boş,Müstakil Tapulu,"Güney, Doğu",,https://www.hepsiemlak.com/denizli-cameli-cumaalani-satilik/mustakil-ev/138977-65
30486-1863,Yenişehir,Beyoğlu,İstanbul,3.750.000 TL,64,58,2 + 1,1,4 Katlı,2. Kat,12 Yaşında,Kombi,Eşyalı,Kiracılı,Kat Mülkiyeti,,150 TL,https://www.hepsiemlak.com/istanbul-beyoglu-yenisehir-satilik/daire/30486-1863
7891-3789,Viranşehir,Mezitli,Mersin,2.750.000 TL,100,80,2 + 1,1,10 Katlı,8. Kat,39 Yaşında,Klima,,Boş,Kat İrtifakı,"Kuzey, Güney, Doğu",,https://www.hepsiemlak.com/mersin-mezitli-viransehir-satilik/daire/7891-3789
161288-34,Çiğdem,Beykoz,İstanbul,56.057.500 TL,290,232,4 + 1,3,5 Katlı,Zemin,Sıfır Bina,Merkezi (Pay Öl...,Eşyalı Değil,Boş,Kat İrtifakı,Güney,,https://www.hepsiemlak.com/istanbul-beykoz-cigdem-satilik/daire/161288-34
161288-31,Acarlar,Beykoz,İstanbul,198.000.000 TL,1100,1000,8 + 2,7,4 Katlı,Bahçe Katı,16 Yaşında,Kombi,Eşyalı Değil,Mülk Sahibi,Kat Mülkiyeti,"Güney, Batı",,https://www.hepsiemlak.com/istanbul-beykoz-acarlar-satilik/villa/161288-31
168188-67,İsmet İnönü,İskenderun,Hatay,3.650.000 TL,135,120,3 + 1,2,4 Katlı,4. Kat,6 Yaşında,Kombi,Eşyalı Değil,Boş,Kat İrtifakı,"Doğu, Batı",,https://www.hepsiemlak.com/hatay-iskenderun-ismet-inonu-satilik/daire/168188-67
97541-765,Çekmece,Defne,Hatay,6.250.000 TL,300,280,5 + 1,3,5 Katlı,Ara Kat,7 Yaşında,Kombi,Eşyalı Değil,Mülk Sahibi,Kat İrtifakı,"Güney, Doğu, Batı",,https://www.hepsiemlak.com/hatay-defne-cekmece-satilik/daire/97541-765
15474-2026,Mareşal Çakmak,Sincan,Ankara,3.125.000 TL,120,110,3 + 1,1,4 Katlı,1. Kat,26 Yaşında,Kombi,Eşyalı Değil,Boş,Kat Mülkiyeti,Kuzey,,https://www.hepsiemlak.com/ankara-sincan-maresal-cakmak-satilik/daire/15474-2026
8168-2961,Çamlıtepe,Çankaya,Ankara,6.250.000 TL,250,150,4 + 1,2,3 Katlı,3. Kat,26 Yaşında,Kombi,Eşyalı Değil,Boş,Kat Mülkiyeti,"Güney, Batı",300 TL,https://www.hepsiemlak.com/ankara-cankaya-camlitepe-satilik/daire/8168-2961
8168-2976,Osman Temiz,Çankaya,Ankara,7.650.000 TL,135,120,3 + 1,2,7 Katlı,Yüksek Giriş,20 Yaşında,Kombi,Eşyalı Değil,Boş,Kat Mülkiyeti,"Doğu, Batı",600 TL,https://www.hepsiemlak.com/ankara-cankaya-osman-temiz-satilik/daire/8168-2976
167935-25,Cumhuriyet,Altınordu,Ordu,2.950.000 TL,55,45,1 + 1,1,7 Katlı,2. Kat,Sıfır Bina,Yerden Isıtma,Eşyalı Değil,Boş,Tapu Yok,"Doğu, Batı",100 TL,https://www.hepsiemlak.com/ordu-altinordu-cumhuriyet-satilik/daire/167935-25
169635-7,Karşıyaka,Altınordu,Ordu,6.750.000 TL,111,85,2 + 1,2,10 Katlı,Yüksek Giriş,Sıfır Bina,Yerden Isıtma,Eşyalı Değil,Boş,Kat İrtifakı,"Kuzey, Güney, Doğu, Batı",,https://www.hepsiemlak.com/ordu-altinordu-karsiyaka-satilik/daire/169635-7
88725-133,Kuva-İ Milliye,Karesi,Balıkesir,4.350.000 TL,90,78,2 + 1,2,3 Katlı,3. Kat,Sıfır Bina,Kombi,Eşyalı Değil,Boş,Kat İrtifakı,"Güney, Doğu, Batı",,https://www.hepsiemlak.com/balikesir-karesi-kuva-i-milliye-satilik/daire/88725-133
170269-9,Kazım Karabekir,Etimesgut,Ankara,2.299.999 TL,250,210,5 + 3,3,3 Katlı,Yüksek Giriş,16 Yaşında,Kombi,Eşyalı Değil,Boş,Yabancıdan,"Güney, Doğu, Batı",100 TL,https://www.hepsiemlak.com/ankara-etimesgut-kazim-karabekir-satilik/daire/170269-9
168821-5,Yunus,Kartal,İstanbul,3.625.000 TL,120,100,3 + 1,1,5 Katlı,5. Kat,21 Yaşında,Kombi,Eşyalı,Mülk Sahibi,Hisseli Tapu,,,https://www.hepsiemlak.com/istanbul-kartal-yunus-satilik/daire/168821-5
168821-4,Yalı,Kartal,İstanbul,3.390.000 TL,135,105,3 + 1,1,6 Katlı,6. Kat,26 Yaşında,Kombi,Eşyalı Değil,Kiracılı,Hisseli Tapu,,250 TL,https://www.hepsiemlak.com/istanbul-kartal-yali-satilik/daire/168821-4
167715-72,Ihlamurkuyu,Ümraniye,İstanbul,5.250.000 TL,55,38,1 + 1,1,4 Katlı,4. Kat,3 Yaşında,Kombi,Eşyalı Değil,Boş,Kat Mülkiyeti,Doğu,500 TL,https://www.hepsiemlak.com/istanbul-umraniye-ihlamurkuyu-satilik/daire/167715-72
168698-8,Cevizli,Kartal,İstanbul,9.450.000 TL,90,80,3 + 1,2,10 Katlı,5. Kat,Sıfır Bina,Merkezi (Pay Öl...,Eşyalı Değil,Boş,Kat İrtifakı,Doğu,8.000 TL,https://www.hepsiemlak.com/istanbul-kartal-cevizli-satilik/daire/168698-8
62823-8334,Barbaros,Üsküdar,İstanbul,13.500.000 TL,120,96,2 + 1,1,4 Katlı,Bahçe Katı,Sıfır Bina,Merkezi (Pay Öl...,Eşyalı Değil,Boş,Kat İrtifakı,"Güney, Doğu, Batı",,https://www.hepsiemlak.com/istanbul-uskudar-barbaros-satilik/daire/62823-8334
62823-8327,Caddebostan,Kadıköy,İstanbul,29.950.000 TL,130,95,3 + 1,2,11 Katlı,10. Kat,8 Yaşında,Kombi,Eşyalı Değil,Boş,Kat Mülkiyeti,"Güney, Batı",,https://www.hepsiemlak.com/istanbul-kadikoy-caddebostan-satilik/daire/62823-8327
62823-8359,Kozyatağı,Kadıköy,İstanbul,12.750.000 TL,75,58,2 + 1,1,8 Katlı,2. Kat,1 Yaşında,Kombi,Eşyalı Değil,Mülk Sahibi,Kat Mülkiyeti,"Kuzey, Doğu, Batı",,https://www.hepsiemlak.com/istanbul-kadikoy-kozyatagi-satilik/daire/62823-8359
62823-8349,Ünalan,Üsküdar,İstanbul,11.450.000 TL,95,75,2 + 1,1,7 Katlı,5. Kat,24 Yaşında,Kombi,Eşyalı Değil,Boş,Kat Mülkiyeti,Batı,5.900 TL,https://www.hepsiemlak.com/istanbul-uskudar-unalan-satilik/daire/62823-8349
35345-3584,Bahçelievler,Çankaya,Ankara,13.500.000 TL,90,80,2 + 1,2,4 Katlı,1. Kat,Sıfır Bina,Kombi,Eşyalı Değil,Boş,Kat Mülkiyeti,"Güney, Doğu",,https://www.hepsiemlak.com/ankara-cankaya-bahcelievler-satilik/daire/35345-3584
35345-3619,Bahçelievler,Çankaya,Ankara,19.500.000 TL,170,160,4 + 0,2,1 Katlı,3. Kat,1 Yaşında,Kombi,Eşyalı Değil,Boş,Kat Mülkiyeti,"Güney, Doğu",,https://www.hepsiemlak.com/ankara-cankaya-bahcelievler-satilik/daire/35345-3619
35345-3618,Bahçelievler,Çankaya,Ankara,13.500.000 TL,110,100,2 + 1,3,3 Katlı,3. Kat,Sıfır Bina,Kombi,Eşyalı Değil,Boş,Kat Mülkiyeti,"Güney, Batı",,https://www.hepsiemlak.com/ankara-cankaya-bahcelievler-satilik/daire/35345-3618
35345-3594,Bahçelievler,Çankaya,Ankara,14.000.000 TL,115,94,3 + 1,,3 Katlı,1. Kat,Sıfır Bina,Kombi,Eşyalı Değil,Boş,Kat Mülkiyeti,"Güney, Batı",1.500 TL,https://www.hepsiemlak.com/ankara-cankaya-bahcelievler-satilik/daire/35345-3594
35345-3621,Yukarı Bahçelievler,Çankaya,Ankara,11.250.000 TL,90,80,2 + 1,1,4 Katlı,Ara Kat,Sıfır Bina,Kombi,Eşyalı Değil,Boş,Kat İrtifakı,"Kuzey, Batı",,https://www.hepsiemlak.com/ankara-cankaya-yukari-bahcelievler-satilik/daire/35345-3621
40658-22555,Sarıgöl,Gaziosmanpaşa,İstanbul,9.125.000 TL,180,160,4 + 1,3,4 Katlı,4. Kat,18 Yaşında,Kombi,Eşyalı Değil,Boş,Kat İrtifakı,"Güney, Doğu, Batı",,https://www.hepsiemlak.com/istanbul-gaziosmanpasa-sarigol-satilik/daire/40658-22555
117629-4677,100. Yıl,Bandırma,Balıkesir,3.800.000 TL,100,78,2 + 0,1,3 Katlı,Yüksek Giriş,Sıfır Bina,Yerden Isıtma,Eşyalı Değil,Boş,Kat Mülkiyeti,"Kuzey, Güney, Doğu, Batı",,https://www.hepsiemlak.com/balikesir-bandirma-100-yil-satilik/daire/117629-4677
117629-4640,Paşamescit,Bandırma,Balıkesir,4.000.000 TL,102,95,3 + 1,1,4 Katlı,Yüksek Giriş,Sıfır Bina,Kombi,Eşyalı Değil,Kiracılı,Kat İrtifakı,"Kuzey, Güney",,https://www.hepsiemlak.com/balikesir-bandirma-pasamescit-satilik/daire/117629-4640
117629-4685,Günaydın,Bandırma,Balıkesir,7.500.000 TL,130,125,3 + 1,2,4 Katlı,En Üst Kat,6 Yaşında,Kombi,Eşyalı,Boş,Kat Mülkiyeti,"Kuzey, Güney, Doğu, Batı",,https://www.hepsiemlak.com/balikesir-bandirma-gunaydin-satilik/daire/117629-4685
117629-4661,Yeni,Bandırma,Balıkesir,20.000.000 TL,270,250,5 + 1,4,1 Katlı,,Sıfır Bina,Kombi,Eşyalı Değil,Boş,Kat Mülkiyeti,Güney,1 TL,https://www.hepsiemlak.com/balikesir-bandirma-yeni-satilik/villa/117629-4661
169848-2,Kuzeykent,Merkez,Kastamonu,6.600.000 TL,138,128,3 + 1,2,13 Katlı,12. Kat,Sıfır Bina,Merkezi (Pay Öl...,Eşyalı Değil,Boş,Kat Mülkiyeti,Güney,,https://www.hepsiemlak.com/kastamonu-merkez-kuzeykent-satilik/daire/169848-2
40658-22719,Başakşehir,Başakşehir,İstanbul,4.950.000 TL,70,60,2 + 1,1,10 Katlı,3. Kat,25 Yaşında,Kombi,Eşyalı Değil,Kiracılı,Kat Mülkiyeti,,1.400 TL,https://www.hepsiemlak.com/istanbul-basaksehir-basaksehir-satilik/daire/40658-22719
692126-966,Merkez,Abana,Kastamonu,4.900.000 TL,120,105,3 + 1,2,5 Katlı,4. Kat,Sıfır Bina,Kombi,Eşyalı Değil,Boş,Kat Mülkiyeti,,,https://www.hepsiemlak.com/kastamonu-abana-merkez-satilik/daire/692126-966
129038-840,Aktepe,Pamukkale,Denizli,2.625.000 TL,95,90,2 + 1,1,7 Katlı,7. Kat,16 Yaşında,Kombi,Eşyalı Değil,Boş,Kat Mülkiyeti,,500 TL,https://www.hepsiemlak.com/denizli-pamukkale-aktepe-satilik/daire/129038-840
159588-75,Bülbülzade,Şahinbey,Gaziantep,3.950.000 TL,160,134,3 + 1,1,4 Katlı,3. Kat,11 Yaşında,Kombi,Eşyalı Değil,Mülk Sahibi,Kat Mülkiyeti,"Güney, Doğu, Batı",600 TL,https://www.hepsiemlak.com/gaziantep-sahinbey-bulbulzade-satilik/daire/159588-75
1354-2664,Kavaklıdere,Çankaya,Ankara,7.800.000 TL,60,54,1 + 1,1,5 Katlı,4. Kat,Sıfır Bina,Kombi,Eşyalı Değil,Boş,Tapu Yok,"Kuzey, Batı",500 TL,https://www.hepsiemlak.com/ankara-cankaya-kavaklidere-satilik/daire/1354-2664
1354-2441,Güvenevler,Çankaya,Ankara,9.750.000 TL,145,128,3 + 1,1,4 Katlı,3. Kat,42 Yaşında,Merkezi,Eşyalı Değil,Boş,Kat Mülkiyeti,"Kuzey, Doğu",4.750 TL,https://www.hepsiemlak.com/ankara-cankaya-guvenevler-satilik/daire/1354-2441
138965-110,Cumhuriyet,19 Mayıs,Samsun,4.000.000 TL,140,135,3 + 1,2,4 Katlı,Yüksek Giriş,6 Yaşında,Kombi,Eşyalı Değil,Kiracılı,Kat Mülkiyeti,"Kuzey, Güney, Batı",500 TL,https://www.hepsiemlak.com/samsun-19-mayis-cumhuriyet-satilik/daire/138965-110
138965-111,İncesu Yalı,Atakum,Samsun,3.200.000 TL,45,40,1 + 1,1,5 Katlı,3. Kat,Sıfır Bina,Kombi,Eşyalı,Boş,Kat Mülkiyeti,"Kuzey, Güney, Doğu",500 TL,https://www.hepsiemlak.com/samsun-atakum-incesu-yali-satilik/daire/138965-111
138965-103,İncesu Yalı,Atakum,Samsun,2.700.000 TL,45,43,1 + 1,1,4 Katlı,2. Kat,Sıfır Bina,Kombi,Eşyalı Değil,Boş,Kat Mülkiyeti,"Kuzey, Güney, Doğu, Batı",500 TL,https://www.hepsiemlak.com/samsun-atakum-incesu-yali-satilik/daire/138965-103
138965-102,Körfez,Atakum,Samsun,4.200.000 TL,100,85,2 + 1,2,5 Katlı,Yüksek Giriş,5 Yaşında,Kombi,Eşyalı Değil,Boş,Kat Mülkiyeti,"Kuzey, Doğu",400 TL,https://www.hepsiemlak.com/samsun-atakum-korfez-satilik/daire/138965-102
108212-317,Alipaşa,Çorlu,Tekirdağ,3.600.000 TL,65,42,1 + 1,1,10 Katlı,9. Kat,Sıfır Bina,Merkezi (Pay Öl...,Eşyalı Değil,Boş,Müstakil Tapulu,Güney,,https://www.hepsiemlak.com/tekirdag-corlu-alipasa-satilik/residence/108212-317
94533-63,İncek,Gölbaşı,Ankara,85.000.000 TL,670,640,6 + 1,7,2 Katlı,,Sıfır Bina,Yerden Isıtma,Eşyalı Değil,Boş,Müstakil Tapulu,"Kuzey, Güney, Doğu, Batı",1 TL,https://www.hepsiemlak.com/ankara-golbasi-incek-satilik/villa/94533-63
77162-5249,Güre,Edremit,Balıkesir,15.900.000 TL,180,140,4 + 1,3,2 Katlı,,Sıfır Bina,Kat Kaloriferi,Eşyalı Değil,Boş,Kat Mülkiyeti,"Kuzey, Güney, Doğu, Batı",1 TL,https://www.hepsiemlak.com/balikesir-edremit-gure-satilik/villa/77162-5249
77162-5264,Güre,Edremit,Balıkesir,36.000.000 TL,410,200,3 + 1,3,2 Katlı,Bahçe Katı,Sıfır Bina,Yerden Isıtma,Eşyalı Değil,Boş,Kat Mülkiyeti,"Kuzey, Güney, Doğu, Batı",1 TL,https://www.hepsiemlak.com/balikesir-edremit-gure-satilik/villa/77162-5264
148484-296,Çengelköy,Üsküdar,İstanbul,15.850.000 TL,220,180,4 + 1,4,4 Katlı,4. Kat,Sıfır Bina,Kombi,Eşyalı Değil,Boş,Kat İrtifakı,Güney,,https://www.hepsiemlak.com/istanbul-uskudar-cengelkoy-satilik/daire/148484-296
148484-294,Küçük Çamlıca,Üsküdar,İstanbul,137.000.000 TL,900,750,9 + 0,6,4 Katlı,Bahçe Katı,1 Yaşında,Kombi,,Boş,Kat Mülkiyeti,"Kuzey, Güney, Doğu, Batı",,https://www.hepsiemlak.com/istanbul-uskudar-kucuk-camlica-satilik/mustakil-ev/148484-294
64510-522,İstasyon,Merkez,Edirne,2.375.000 TL,45,40,1 + 0,1,7 Katlı,7. Kat,Sıfır Bina,Kombi,,Boş,Kat İrtifakı,,400 TL,https://www.hepsiemlak.com/edirne-merkez-istasyon-satilik/daire/64510-522
118216-114,Aydınlıkevler,Merkez,Burdur,7.000.000 TL,420,400,7 + 4,4,3 Katlı,,15 Yaşında,Kombi,Eşyalı Değil,Boş,Kat Mülkiyeti,"Kuzey, Güney, Batı",,https://www.hepsiemlak.com/burdur-merkez-aydinlikevler-satilik/bina/118216-114
0-46713501,Efeler,Didim,Aydın,6.300.000 TL,190,80,3 + 1,2,2 Katlı,Bahçe Katı,20 Yaşında,Güneş Enerjisi,Eşyalı,Mülk Sahibi,Müstakil Tapulu,,,https://www.hepsiemlak.com/aydin-didim-efeler-satilik/yazlik/0-46713501
6680-24149,Cihangir,Avcılar,İstanbul,7.500.000 TL,100,90,2 + 1,1,5 Katlı,Ara Kat,1 Yaşında,Kombi,Eşyalı Değil,Boş,Kat İrtifakı,Güney,500 TL,https://www.hepsiemlak.com/istanbul-avcilar-cihangir-satilik/daire/6680-24149
9083-5040,Fatih,Büyükçekmece,İstanbul,18.750.000 TL,400,320,5 + 3,3,4 Katlı,,12 Yaşında,Kombi,Eşyalı Değil,Mülk Sahibi,Kat Mülkiyeti,Güney,1 TL,https://www.hepsiemlak.com/istanbul-buyukcekmece-fatih-satilik/villa/9083-5040
2986-17514,Fındıklı,Maltepe,İstanbul,8.200.000 TL,116,97,3 + 1,1,4 Katlı,1. Kat,16 Yaşında,Kombi,Eşyalı Değil,Mülk Sahibi,Kat Mülkiyeti,Güney,,https://www.hepsiemlak.com/istanbul-maltepe-findikli-satilik/daire/2986-17514
131745-1194,Gültepe,Sarıçam,Adana,1.495.000 TL,50,40,1 + 1,1,8 Katlı,7. Kat,Sıfır Bina,Kombi,Eşyalı Değil,Boş,Kat İrtifakı,"Kuzey, Batı",,https://www.hepsiemlak.com/adana-saricam-gultepe-satilik/daire/131745-1194
129388-279,Merkez,Beykoz,İstanbul,50.000.000 TL,410,350,9 + 3,3,3 Katlı,,25 Yaşında,Kombi,Eşyalı Değil,Mülk Sahibi,Hisseli Tapu,"Kuzey, Güney, Doğu, Batı",,https://www.hepsiemlak.com/istanbul-beykoz-merkez-satilik/mustakil-ev/129388-279
129388-291,Yalıköy,Beykoz,İstanbul,20.650.000 TL,144,140,3 + 2,2,3 Katlı,,45 Yaşında,Kombi,Eşyalı Değil,Mülk Sahibi,Müstakil Tapulu,"Kuzey, Güney, Doğu, Batı",,https://www.hepsiemlak.com/istanbul-beykoz-yalikoy-satilik/mustakil-ev/129388-291
169631-16,Demirci,Nilüfer,Bursa,17.900.000 TL,300,250,4 + 1,3,3 Katlı,,6 Yaşında,Kombi,Eşyalı Değil,Boş,Kat İrtifakı,"Kuzey, Batı",,https://www.hepsiemlak.com/bursa-nilufer-demirci-satilik/villa/169631-16
8846-387,Kuşcağız,Keçiören,Ankara,2.590.000 TL,100,90,2 + 1,1,3 Katlı,Kot 1,15 Yaşında,Kombi,Eşyalı Değil,Boş,Kat Mülkiyeti,,,https://www.hepsiemlak.com/ankara-kecioren-kuscagiz-satilik/daire/8846-387
168817-13,Esenler,Pendik,İstanbul,3.550.000 TL,105,90,3 + 1,1,4 Katlı,Yüksek Giriş,16 Yaşında,Kombi,Eşyalı Değil,Mülk Sahibi,Kat Mülkiyeti,"Güney, Doğu, Batı",,https://www.hepsiemlak.com/istanbul-pendik-esenler-satilik/daire/168817-13
168817-14,Esenler,Pendik,İstanbul,7.800.000 TL,110,90,3 + 1,1,4 Katlı,2. Kat,2 Yaşında,Kombi,Eşyalı Değil,Boş,Kat Mülkiyeti,"Güney, Doğu, Batı",,https://www.hepsiemlak.com/istanbul-pendik-esenler-satilik/daire/168817-14
168817-9,Velibaba,Pendik,İstanbul,6.600.000 TL,110,90,3 + 1,1,4 Katlı,2. Kat,Sıfır Bina,Kombi,Eşyalı Değil,Boş,Kat Mülkiyeti,"Güney, Doğu, Batı",,https://www.hepsiemlak.com/istanbul-pendik-velibaba-satilik/daire/168817-9
168817-40,Kaynarca,Pendik,İstanbul,3.675.000 TL,110,90,2 + 1,1,6 Katlı,5. Kat,26 Yaşında,Kombi,Eşyalı Değil,Boş,Arsa,"Güney, Doğu, Batı",,https://www.hepsiemlak.com/istanbul-pendik-kaynarca-satilik/daire/168817-40
123227-1428,Aydınlıkevler,Altındağ,Ankara,5.600.000 TL,135,125,3 + 1,1,4 Katlı,En Üst Kat,35 Yaşında,Merkezi (Pay Öl...,Eşyalı Değil,Mülk Sahibi,Kat Mülkiyeti,"Güney, Batı",300 TL,https://www.hepsiemlak.com/ankara-altindag-aydinlikevler-satilik/daire/123227-1428
1152-2629,Tarabya,Sarıyer,İstanbul,325.000.000 TL,550,500,5 + 2,4,3 Katlı,,28 Yaşında,Kombi,Eşyalı Değil,Boş,Kat İrtifakı,"Kuzey, Güney, Doğu, Batı",,https://www.hepsiemlak.com/istanbul-sariyer-tarabya-satilik/villa/1152-2629
120973-532,Kızılcıklı,Nilüfer,Bursa,6.850.000 TL,168,140,3 + 1,2,1 Katlı,Yüksek Giriş,Sıfır Bina,Kombi,,Boş,Kat Mülkiyeti,"Kuzey, Güney, Doğu",2.500 TL,https://www.hepsiemlak.com/bursa-nilufer-kizilcikli-satilik/daire/120973-532
120066-446,Karşıyaka,Marmaris,Muğla,12.000.000 TL,145,130,3 + 1,1,2 Katlı,,30 Yaşında,Klima,Eşyalı Değil,Boş,Kat Mülkiyeti,"Kuzey, Güney, Doğu, Batı",,https://www.hepsiemlak.com/mugla-marmaris-karsiyaka-satilik/mustakil-ev/120066-446
76857-1932,Erenköy,Kadıköy,İstanbul,22.700.000 TL,100,80,2 + 1,2,11 Katlı,Yüksek Giriş,Sıfır Bina,Merkezi (Pay Öl...,Eşyalı Değil,Boş,Kat İrtifakı,,,https://www.hepsiemlak.com/istanbul-kadikoy-erenkoy-satilik/daire/76857-1932
93395-768,Fıstıklık,Şehitkamil,Gaziantep,5.850.000 TL,165,145,3 + 1,2,7 Katlı,4. Kat,Sıfır Bina,Yerden Isıtma,Eşyalı Değil,Boş,Tapu Yok,"Güney, Doğu, Batı",250 TL,https://www.hepsiemlak.com/gaziantep-sehitkamil-fistiklik-satilik/daire/93395-768
93395-1174,Fıstıklık,Şehitkamil,Gaziantep,5.850.000 TL,165,145,3 + 1,2,7 Katlı,6. Kat,Sıfır Bina,Yerden Isıtma,Eşyalı Değil,Boş,Tapu Yok,"Kuzey, Güney, Doğu, Batı",,https://www.hepsiemlak.com/gaziantep-sehitkamil-fistiklik-satilik/daire/93395-1174
93395-1203,Göktürk,Şehitkamil,Gaziantep,5.400.000 TL,170,155,3 + 1,2,11 Katlı,5. Kat,3 Yaşında,Yerden Isıtma,Eşyalı,Boş,Tapu Yok,"Güney, Batı",500 TL,https://www.hepsiemlak.com/gaziantep-sehitkamil-gokturk-satilik/daire/93395-1203
120973-530,Görükle,Nilüfer,Bursa,2.340.000 TL,55,45,1 + 1,1,4 Katlı,1. Kat,8 Yaşında,Kombi,Eşyalı,Boş,Kat İrtifakı,Güney,400 TL,https://www.hepsiemlak.com/bursa-nilufer-gorukle-satilik/daire/120973-530
159866-518,Çakmak,Ümraniye,İstanbul,7.100.000 TL,150,135,3 + 1,1,4 Katlı,Yüksek Giriş,16 Yaşında,Kombi,Eşyalı Değil,Mülk Sahibi,Kat İrtifakı,"Güney, Doğu, Batı",,https://www.hepsiemlak.com/istanbul-umraniye-cakmak-satilik/daire/159866-518
156127-176,Uğur Mumcu,Menemen,İzmir,4.150.000 TL,95,90,2 + 1,2,8 Katlı,2. Kat,Sıfır Bina,Kombi,Eşyalı Değil,Boş,Tapu Yok,,,https://www.hepsiemlak.com/izmir-menemen-ugur-mumcu-satilik/daire/156127-176
6680-24143,Ambarlı,Avcılar,İstanbul,8.350.000 TL,130,120,3 + 1,2,5 Katlı,Yüksek Giriş,1 Yaşında,Kombi,Eşyalı Değil,Kiracılı,Kat Mülkiyeti,Güney,500 TL,https://www.hepsiemlak.com/istanbul-avcilar-ambarli-satilik/daire/6680-24143
81287-3577,Atatürk,Süleymanpaşa,Tekirdağ,8.950.000 TL,135,123,3 + 1,2,4 Katlı,Ara Kat,1 Yaşında,Yerden Isıtma,,,Kat Mülkiyeti,,,https://www.hepsiemlak.com/tekirdag-suleymanpasa-ataturk-satilik/daire/81287-3577
166156-23,Yeni,Merkez,Gümüşhane,2.750.000 TL,135,125,3 + 1,1,4 Katlı,3. Kat,10 Yaşında,Kombi,Eşyalı Değil,Kiracılı,Kat Mülkiyeti,"Güney, Doğu",200 TL,https://www.hepsiemlak.com/gumushane-merkez-yeni-satilik/daire/166156-23
166156-24,Hasanbey,Merkez,Gümüşhane,3.350.000 TL,140,130,3 + 1,1,4 Katlı,2. Kat,15 Yaşında,Kombi,Eşyalı Değil,Kiracılı,Kat Mülkiyeti,"Doğu, Batı",250 TL,https://www.hepsiemlak.com/gumushane-merkez-hasanbey-satilik/daire/166156-24
166156-15,Hasanbey,Merkez,Gümüşhane,1.550.000 TL,150,145,3 + 1,1,3 Katlı,Ara Kat,25 Yaşında,Soba,Eşyalı Değil,Boş,Kat İrtifakı,Güney,,https://www.hepsiemlak.com/gumushane-merkez-hasanbey-satilik/daire/166156-15
70173-2034,Talatpaşa,Ereğli,Konya,4.500.000 TL,155,140,3 + 1,1,5 Katlı,2. Kat,Sıfır Bina,Yerden Isıtma,Eşyalı Değil,Boş,Kat Mülkiyeti,"Kuzey, Güney, Batı",,https://www.hepsiemlak.com/konya-eregli-talatpasa-satilik/daire/70173-2034
70173-2062,Fatih,Ereğli,Konya,1.250.000 TL,58,50,1 + 1,1,4 Katlı,Yüksek Giriş,5 Yaşında,Kombi,Eşyalı Değil,Boş,Kat İrtifakı,"Kuzey, Doğu",,https://www.hepsiemlak.com/konya-eregli-fatih-satilik/daire/70173-2062
70173-2048,Toros,Ereğli,Konya,1.450.000 TL,55,48,1 + 1,1,4 Katlı,3. Kat,3 Yaşında,Kombi,Eşyalı Değil,Boş,Kat Mülkiyeti,"Kuzey, Doğu",600 TL,https://www.hepsiemlak.com/konya-eregli-toros-satilik/daire/70173-2048
70173-2073,Orhangazi,Ereğli,Konya,4.600.000 TL,155,140,3 + 1,1,6 Katlı,6. Kat,8 Yaşında,Merkezi (Pay Öl...,Eşyalı Değil,,Kat Mülkiyeti,"Kuzey, Batı",500 TL,https://www.hepsiemlak.com/konya-eregli-orhangazi-satilik/daire/70173-2073
70173-2005,Türbe,Ereğli,Konya,2.375.000 TL,75,70,2 + 0,1,3 Katlı,Ara Kat,Sıfır Bina,Kombi,Eşyalı Değil,Boş,Kat Mülkiyeti,"Kuzey, Doğu",,https://www.hepsiemlak.com/konya-eregli-turbe-satilik/daire/70173-2005
70173-2033,Toros,Ereğli,Konya,2.950.000 TL,120,105,2 + 1,1,4 Katlı,1. Kat,Sıfır Bina,Yerden Isıtma,Eşyalı Değil,Boş,Kat Mülkiyeti,"Kuzey, Doğu",,https://www.hepsiemlak.com/konya-eregli-toros-satilik/daire/70173-2033
70173-2044,Üçgöz,Ereğli,Konya,2.400.000 TL,85,75,2 + 1,1,5 Katlı,Yüksek Giriş,2 Yaşında,Kombi,Eşyalı Değil,Boş,Kat Mülkiyeti,"Kuzey, Batı",,https://www.hepsiemlak.com/konya-eregli-ucgoz-satilik/daire/70173-2044
70173-2052,Fatih,Ereğli,Konya,1.300.000 TL,45,40,1 + 1,1,4 Katlı,Ara Kat,3 Yaşında,Kombi,Eşyalı Değil,Kiracılı,Kat Mülkiyeti,"Güney, Doğu",,https://www.hepsiemlak.com/konya-eregli-fatih-satilik/daire/70173-2052
70173-1776,Alhan,Ereğli,Konya,4.850.000 TL,175,145,3 + 1,1,1 Katlı,,8 Yaşında,Kat Kaloriferi,Eşyalı Değil,Mülk Sahibi,Kat Mülkiyeti,"Kuzey, Güney, Doğu, Batı",,https://www.hepsiemlak.com/konya-eregli-alhan-satilik/mustakil-ev/70173-1776
70173-1744,Cumhuriyet,Ereğli,Konya,3.250.000 TL,140,120,3 + 1,1,6 Katlı,En Üst Kat,Sıfır Bina,Merkezi,Eşyalı Değil,Boş,Kat Mülkiyeti,"Kuzey, Batı",,https://www.hepsiemlak.com/konya-eregli-cumhuriyet-satilik/daire/70173-1744
70173-2057,Mehmet Akif,Ereğli,Konya,2.350.000 TL,75,65,1 + 1,1,5 Katlı,1. Kat,Sıfır Bina,Merkezi,Eşyalı Değil,Boş,Kat Mülkiyeti,Kuzey,500 TL,https://www.hepsiemlak.com/konya-eregli-mehmet-akif-satilik/daire/70173-2057
2263-1497,İlkadım,Çankaya,Ankara,4.650.000 TL,130,115,3 + 1,1,4 Katlı,1. Kat,35 Yaşında,Kombi,Eşyalı Değil,Kiracılı,Kat Mülkiyeti,"Kuzey, Güney, Batı",300 TL,https://www.hepsiemlak.com/ankara-cankaya-ilkadim-satilik/daire/2263-1497
158736-20,Yukarı Dikmen,Çankaya,Ankara,7.100.000 TL,130,115,3 + 1,1,4 Katlı,Yüksek Giriş,20 Yaşında,Kombi,,,Kat Mülkiyeti,,,https://www.hepsiemlak.com/ankara-cankaya-yukari-dikmen-satilik/daire/158736-20
156081-57,Kışla,Nusaybin,Mardin,3.650.000 TL,180,165,3 + 1,2,7 Katlı,Yüksek Giriş,11 Yaşında,Kat Kaloriferi,Eşyalı Değil,Mülk Sahibi,Tapu Yok,,,https://www.hepsiemlak.com/mardin-nusaybin-kisla-satilik/daire/156081-57
156081-61,Gırnavas,Nusaybin,Mardin,8.000.000 TL,400,398,2 + 1,2,,Bahçe Katı,2 Yaşında,Kombi,Eşyalı Değil,Mülk Sahibi,Müstakil Tapulu,"Kuzey, Güney, Doğu, Batı",,https://www.hepsiemlak.com/mardin-nusaybin-girnavas-satilik/mustakil-ev/156081-61
158736-22,Ahlatlıbel,Çankaya,Ankara,26.000.000 TL,160,130,3 + 1,3,2 Katlı,,Sıfır Bina,Yerden Isıtma,,,Kat Mülkiyeti,,,https://www.hepsiemlak.com/ankara-cankaya-ahlatlibel-satilik/villa/158736-22
1219-3942,Atatürk,Ataşehir,İstanbul,15.250.000 TL,135,98,3 + 1,2,5 Katlı,2. Kat,Sıfır Bina,Merkezi,Eşyalı Değil,Boş,Tapu Yok,"Güney, Batı",1.750 TL,https://www.hepsiemlak.com/istanbul-atasehir-ataturk-satilik/daire/1219-3942
167631-46,Seyrantepe,Karaköprü,Şanlıurfa,2.600.000 TL,110,100,2 + 1,1,9 Katlı,2. Kat,5 Yaşında,Kombi,Eşyalı,Boş,Kat Mülkiyeti,"Kuzey, Güney",250 TL,https://www.hepsiemlak.com/sanliurfa-karakopru-seyrantepe-satilik/daire/167631-46
122878-1321,Ata,Çankaya,Ankara,10.450.000 TL,145,135,3 + 1,2,4 Katlı,1. Kat,11 Yaşında,Kombi,Eşyalı Değil,Boş,Kat Mülkiyeti,"Doğu, Batı",300 TL,https://www.hepsiemlak.com/ankara-cankaya-ata-satilik/daire/122878-1321
62840-2577,Yavuz,Süleymanpaşa,Tekirdağ,1.930.000 TL,100,85,2 + 1,1,4 Katlı,1. Kat,31 Yaşında,Kombi,Eşyalı Değil,Boş,Kat İrtifakı,,500 TL,https://www.hepsiemlak.com/tekirdag-suleymanpasa-yavuz-satilik/daire/62840-2577
122878-1372,Harbiye,Çankaya,Ankara,6.950.000 TL,125,110,3 + 1,2,3 Katlı,1. Kat,26 Yaşında,Kombi,Eşyalı Değil,Boş,Kat Mülkiyeti,"Güney, Doğu, Batı",250 TL,https://www.hepsiemlak.com/ankara-cankaya-harbiye-satilik/daire/122878-1372
122878-1370,Aydınlar,Çankaya,Ankara,6.850.000 TL,115,100,3 + 1,1,3 Katlı,1. Kat,26 Yaşında,Kombi,Eşyalı Değil,Boş,Kat Mülkiyeti,,250 TL,https://www.hepsiemlak.com/ankara-cankaya-aydinlar-satilik/daire/122878-1370
71170-513,Hisar,Didim,Aydın,25.000.000 TL,420,200,4 + 1,3,2 Katlı,Bahçe Katı,4 Yaşında,Yerden Isıtma,Eşyalı,Boş,Kat Mülkiyeti,"Kuzey, Güney, Doğu, Batı",,https://www.hepsiemlak.com/aydin-didim-hisar-satilik/villa/71170-513
122878-1336,Harbiye,Çankaya,Ankara,4.780.000 TL,85,80,2 + 1,2,3 Katlı,Bahçe Katı,26 Yaşında,Kombi,Eşyalı Değil,Boş,Kat Mülkiyeti,"Kuzey, Batı",100 TL,https://www.hepsiemlak.com/ankara-cankaya-harbiye-satilik/daire/122878-1336
122878-1363,Sokullu Mehmet Paşa,Çankaya,Ankara,5.785.000 TL,120,100,3 + 1,2,3 Katlı,Giriş Katı,26 Yaşında,Kombi,Eşyalı Değil,Boş,Kat Mülkiyeti,"Güney, Batı",250 TL,https://www.hepsiemlak.com/ankara-cankaya-sokullu-mehmet-pasa-satilik/daire/122878-1363
162069-252,Çağlayan,Kağıthane,İstanbul,7.999.000 TL,100,85,2 + 1,1,4 Katlı,3. Kat,Sıfır Bina,Kombi,Eşyalı Değil,Boş,Kat Mülkiyeti,"Güney, Doğu, Batı",,https://www.hepsiemlak.com/istanbul-kagithane-caglayan-satilik/daire/162069-252
162069-492,Güzeltepe,Eyüpsultan,İstanbul,8.950.000 TL,190,180,4 + 2,2,4 Katlı,3. Kat,6 Yaşında,Kombi,Eşyalı,Mülk Sahibi,Kat Mülkiyeti,"Güney, Doğu, Batı",,https://www.hepsiemlak.com/istanbul-eyupsultan-guzeltepe-satilik/daire/162069-492
162069-552,İnönü,Esenyurt,İstanbul,2.395.000 TL,140,135,3 + 1,2,4 Katlı,Yarı Bodrum,6 Yaşında,Kombi,Eşyalı Değil,Kiracılı,Kat Mülkiyeti,"Güney, Doğu, Batı",,https://www.hepsiemlak.com/istanbul-esenyurt-inonu-satilik/daire/162069-552
6680-23929,Merkez,Avcılar,İstanbul,8.200.000 TL,130,120,3 + 1,2,5 Katlı,3. Kat,Sıfır Bina,Kombi,Eşyalı Değil,Boş,Kat Mülkiyeti,"Güney, Doğu",,https://www.hepsiemlak.com/istanbul-avcilar-merkez-satilik/daire/6680-23929
136942-125,Namık Kemal,Ümraniye,İstanbul,5.850.000 TL,100,90,3 + 1,1,4 Katlı,1. Kat,21 Yaşında,Kombi,Eşyalı Değil,Kiracılı,Arsa,"Güney, Batı",,https://www.hepsiemlak.com/istanbul-umraniye-namik-kemal-satilik/daire/136942-125
19093-5364,Şeyh Şamil,Etimesgut,Ankara,3.950.000 TL,55,50,1 + 1,1,3 Katlı,En Üst Kat,25 Yaşında,Merkezi,Eşyalı,Kiracılı,Kat Mülkiyeti,Güney,,https://www.hepsiemlak.com/ankara-etimesgut-seyh-samil-satilik/daire/19093-5364
151807-96,Kavaklı,Beylikdüzü,İstanbul,1.850.000 TL,105,95,2 + 1,1,5 Katlı,2. Kat,2 Yaşında,Kombi,Eşyalı Değil,Boş,Yabancıdan,"Güney, Doğu",,https://www.hepsiemlak.com/istanbul-beylikduzu-kavakli-satilik/daire/151807-96
151807-97,Yakuplu,Beylikdüzü,İstanbul,1.520.000 TL,120,100,2 + 1,1,5 Katlı,Ara Kat,7 Yaşında,Kombi,Eşyalı Değil,Boş,Yabancıdan,"Güney, Doğu",,https://www.hepsiemlak.com/istanbul-beylikduzu-yakuplu-satilik/daire/151807-97
151807-112,Kavaklı,Beylikdüzü,İstanbul,1.650.000 TL,105,95,2 + 1,1,6 Katlı,Ara Kat,3 Yaşında,Kombi,Eşyalı Değil,Boş,Yabancıdan,Güney,200 TL,https://www.hepsiemlak.com/istanbul-beylikduzu-kavakli-satilik/daire/151807-112
151807-102,Kavaklı,Beylikdüzü,İstanbul,1.650.000 TL,120,100,2 + 11,,5 Katlı,Ara Kat,7 Yaşında,Kombi,Eşyalı Değil,Boş,Yabancıdan,"Güney, Doğu",,https://www.hepsiemlak.com/istanbul-beylikduzu-kavakli-satilik/daire/151807-102
37033-4057,Alsancak,Konak,İzmir,6.900.000 TL,120,115,3 + 1,1,7 Katlı,7. Kat,35 Yaşında,Klima,Eşyalı Değil,Boş,Kat Mülkiyeti,"Doğu, Batı",,https://www.hepsiemlak.com/izmir-konak-alsancak-satilik/daire/37033-4057
37033-3999,Mimar Sinan,Konak,İzmir,4.200.000 TL,80,70,2 + 1,1,7 Katlı,Yüksek Giriş,28 Yaşında,Kombi,Eşyalı,Mülk Sahibi,Kat Mülkiyeti,Doğu,,https://www.hepsiemlak.com/izmir-konak-mimar-sinan-satilik/daire/37033-3999
6675-8824,Oran,Çankaya,Ankara,26.495.000 TL,147,125,2 + 1,2,4 Katlı,3. Kat,4 Yaşında,Merkezi,Eşyalı,Boş,Kat Mülkiyeti,Batı,,https://www.hepsiemlak.com/ankara-cankaya-oran-satilik/daire/6675-8824
1057-12508,İdealtepe,Maltepe,İstanbul,9.950.000 TL,120,100,3 + 1,1,4 Katlı,Yüksek Giriş,6 Yaşında,Kombi,Eşyalı Değil,Boş,Kat Mülkiyeti,"Güney, Doğu",,https://www.hepsiemlak.com/istanbul-maltepe-idealtepe-satilik/daire/1057-12508
95442-400,Muratpaşa,Bayrampaşa,İstanbul,10.500.000 TL,121,110,4 + 2,2,5 Katlı,5. Kat,Sıfır Bina,Kombi,Eşyalı Değil,Boş,Kat Mülkiyeti,"Doğu, Batı",,https://www.hepsiemlak.com/istanbul-bayrampasa-muratpasa-satilik/daire/95442-400
95442-460,Muratpaşa,Bayrampaşa,İstanbul,10.500.000 TL,210,180,4 + 2,1,5 Katlı,5. Kat,11 Yaşında,Kombi,Eşyalı Değil,Mülk Sahibi,Kat Mülkiyeti,"Doğu, Batı",,https://www.hepsiemlak.com/istanbul-bayrampasa-muratpasa-satilik/daire/95442-460
95442-485,Vatan,Bayrampaşa,İstanbul,10.000.000 TL,225,200,2 + 2,2,4 Katlı,3. Kat,11 Yaşında,Kombi,Eşyalı Değil,Mülk Sahibi,Kat Mülkiyeti,,500 TL,https://www.hepsiemlak.com/istanbul-bayrampasa-vatan-satilik/daire/95442-485
162185-436,Yukarıyurtçu,Etimesgut,Ankara,4.000.000 TL,75,60,2 + 1,1,12 Katlı,8. Kat,Sıfır Bina,Merkezi,Eşyalı Değil,Boş,Kat İrtifakı,Güney,,https://www.hepsiemlak.com/ankara-etimesgut-yukariyurtcu-satilik/daire/162185-436
162185-492,Demetevler,Yenimahalle,Ankara,4.250.000 TL,135,130,3 + 1,1,8 Katlı,1. Kat,16 Yaşında,Kombi,Eşyalı,Kiracılı,Kat Mülkiyeti,,,https://www.hepsiemlak.com/ankara-yenimahalle-demetevler-satilik/daire/162185-492
147761-276,Mahmutlar,Alanya,Antalya,2.725.000 TL,51,42,1 + 1,1,10 Katlı,5. Kat,Sıfır Bina,Klima,Eşyalı Değil,Boş,Kat İrtifakı,Kuzey,2.000 TL,https://www.hepsiemlak.com/antalya-alanya-mahmutlar-satilik/daire/147761-276
29641-545,Seyit,Merkez,Bolu,26.500.000 TL,250,210,5 + 1,3,1 Katlı,Bahçe Katı,Sıfır Bina,Kombi,Eşyalı Değil,Boş,Müstakil Tapulu,"Kuzey, Güney, Doğu, Batı",,https://www.hepsiemlak.com/bolu-merkez-seyit-satilik/villa/29641-545
161076-41,Sultançiftliği,Çekmeköy,İstanbul,6.350.000 TL,90,75,2 + 1,2,9 Katlı,9. Kat,9 Yaşında,Kombi,Eşyalı Değil,Mülk Sahibi,Kat Mülkiyeti,"Güney, Doğu, Batı",400 TL,https://www.hepsiemlak.com/istanbul-cekmekoy-sultanciftligi-satilik/daire/161076-41
160757-126,Çolaklı,Manavgat,Antalya,15.000.000 TL,160,140,4 + 1,2,2 Katlı,Bahçe Katı,16 Yaşında,Klima,Eşyalı Değil,Boş,Kat İrtifakı,"Kuzey, Güney, Batı",,https://www.hepsiemlak.com/antalya-manavgat-colakli-satilik/villa/160757-126
165076-212,Yunus Emre,Sultangazi,İstanbul,6.300.000 TL,150,140,3 + 2,2,5 Katlı,3. Kat,16 Yaşında,Kombi,Eşyalı Değil,Kiracılı,Kat İrtifakı,"Güney, Doğu",,https://www.hepsiemlak.com/istanbul-sultangazi-yunus-emre-satilik/daire/165076-212
142454-108,Cedit,Niksar,Tokat,2.000.000 TL,110,92,7 + 2,2,2 Katlı,,30 Yaşında,Kombi,,Mülk Sahibi,Müstakil Tapulu,"Kuzey, Güney, Doğu, Batı",,https://www.hepsiemlak.com/tokat-niksar-cedit-satilik/mustakil-ev/142454-108
692126-977,Cünürye,İnebolu,Kastamonu,8.950.000 TL,280,250,4 + 2,3,3 Katlı,,12 Yaşında,Kombi,Eşyalı,Boş,Müstakil Tapulu,,,https://www.hepsiemlak.com/kastamonu-inebolu-cunurye-satilik/villa/692126-977
692126-1120,Cünürye,İnebolu,Kastamonu,3.100.000 TL,55,50,1 + 1,1,5 Katlı,5. Kat,Sıfır Bina,Kombi,Eşyalı Değil,Boş,Kat Mülkiyeti,,,https://www.hepsiemlak.com/kastamonu-inebolu-cunurye-satilik/daire/692126-1120
151395-184,Harmantepe,Kağıthane,İstanbul,7.000.000 TL,93,80,2 + 1,1,5 Katlı,3. Kat,Sıfır Bina,Kombi,Eşyalı Değil,Boş,Kat İrtifakı,"Güney, Batı",,https://www.hepsiemlak.com/istanbul-kagithane-harmantepe-satilik/daire/151395-184
151395-158,Dikilitaş,Beşiktaş,İstanbul,9.750.000 TL,70,60,1 + 1,1,5 Katlı,Yüksek Giriş,Sıfır Bina,Kombi,Eşyalı Değil,Boş,Kat İrtifakı,"Kuzey, Doğu, Batı",750 TL,https://www.hepsiemlak.com/istanbul-besiktas-dikilitas-satilik/daire/151395-158
166506-26,Barbaros,Merkez,Çanakkale,3.650.000 TL,54,45,1 + 1,1,4 Katlı,3. Kat,11 Yaşında,Merkezi,Eşyalı Değil,Boş,Kat İrtifakı,,,https://www.hepsiemlak.com/canakkale-merkez-barbaros-satilik/daire/166506-26
166506-7,İsmetpaşa,Eceabat,Çanakkale,27.000.000 TL,325,310,5 + 1,3,2 Katlı,Bahçe Katı,4 Yaşında,Isı Pompası,Eşyalı,Boş,Müstakil Tapulu,"Kuzey, Güney, Doğu, Batı",,https://www.hepsiemlak.com/canakkale-eceabat-ismetpasa-satilik/villa/166506-7
166506-10,Karacaören,Merkez,Çanakkale,9.990.000 TL,155,133,3 + 1,2,8 Katlı,6. Kat,Sıfır Bina,Merkezi,Eşyalı Değil,Mülk Sahibi,Kat İrtifakı,,2.600 TL,https://www.hepsiemlak.com/canakkale-merkez-karacaoren-satilik/daire/166506-10
151395-185,Sütlüce,Beyoğlu,İstanbul,13.000.000 TL,120,110,3 + 1,2,8 Katlı,5. Kat,11 Yaşında,Yerden Isıtma,Eşyalı Değil,Boş,Kat Mülkiyeti,"Kuzey, Doğu, Batı",3.120 TL,https://www.hepsiemlak.com/istanbul-beyoglu-sutluce-satilik/daire/151395-185
166506-30,Cevat Paşa,Merkez,Çanakkale,8.150.000 TL,130,110,3 + 1,2,7 Katlı,5. Kat,3 Yaşında,Merkezi (Pay Öl...,Eşyalı Değil,Boş,Kat Mülkiyeti,"Güney, Batı",2.000 TL,https://www.hepsiemlak.com/canakkale-merkez-cevat-pasa-satilik/daire/166506-30
136079-646,Sancaktepe,Kocasinan,Kayseri,3.699.000 TL,100,80,2 + 1,2,14 Katlı,6. Kat,Sıfır Bina,Merkezi (Pay Öl...,Eşyalı Değil,Boş,Kat Mülkiyeti,"Kuzey, Güney, Doğu, Batı",,https://www.hepsiemlak.com/kayseri-kocasinan-sancaktepe-satilik/daire/136079-646
136079-616,İldem Cumhuriyet,Melikgazi,Kayseri,4.895.000 TL,220,150,4 + 1,2,12 Katlı,1. Kat,2 Yaşında,Merkezi (Pay Öl...,Eşyalı Değil,Mülk Sahibi,Kat Mülkiyeti,"Kuzey, Batı",,https://www.hepsiemlak.com/kayseri-melikgazi-ildem-cumhuriyet-satilik/daire/136079-616
104045-285,İsmetpaşa,Merkez,Çanakkale,4.950.000 TL,95,75,2 + 1,1,7 Katlı,2. Kat,6 Yaşında,Merkezi (Pay Öl...,Eşyalı Değil,Kiracılı,Kat Mülkiyeti,Batı,600 TL,https://www.hepsiemlak.com/canakkale-merkez-ismetpasa-satilik/daire/104045-285
138293-552,Hacı Mütahir,Ereğli,Konya,6.800.000 TL,150,135,3 + 1,1,7 Katlı,4. Kat,Sıfır Bina,Merkezi (Pay Öl...,Eşyalı Değil,Boş,Kat Mülkiyeti,"Kuzey, Doğu",,https://www.hepsiemlak.com/konya-eregli-haci-mutahir-satilik/daire/138293-552
142726-236,Fırat,Merkez,Ağrı,2.575.000 TL,135,116,3 + 1,1,9 Katlı,8. Kat,11 Yaşında,Kombi,Eşyalı Değil,Boş,Kat Mülkiyeti,"Kuzey, Doğu",600 TL,https://www.hepsiemlak.com/agri-merkez-firat-satilik/daire/142726-236
22114-13103,Şehit Cevdet Özdemir,Çankaya,Ankara,4.390.000 TL,110,100,3 + 1,1,3 Katlı,1. Kat,31 Yaşında,Kombi,Eşyalı Değil,Boş,Kat Mülkiyeti,"Kuzey, Batı",250 TL,https://www.hepsiemlak.com/ankara-cankaya-sehit-cevdet-ozdemir-satilik/daire/22114-13103
153245-2838,Göztepe,Bağcılar,İstanbul,8.000.000 TL,110,81,2 + 1,1,6 Katlı,3. Kat,15 Yaşında,Merkezi (Pay Öl...,Eşyalı Değil,Boş,Kat Mülkiyeti,"Kuzey, Doğu",6.200 TL,https://www.hepsiemlak.com/istanbul-bagcilar-goztepe-satilik/daire/153245-2838
169614-44,Taşdelen,Çekmeköy,İstanbul,5.750.000 TL,65,50,1 + 1,1,10 Katlı,Yüksek Giriş,6 Yaşında,Kombi,Eşyalı Değil,Boş,Kat Mülkiyeti,"Kuzey, Doğu",4.200 TL,https://www.hepsiemlak.com/istanbul-cekmekoy-tasdelen-satilik/daire/169614-44
129869-2234,Seyrantepe,Şehitkamil,Gaziantep,2.380.000 TL,95,80,2 + 1,1,12 Katlı,2. Kat,11 Yaşında,Kombi,Eşyalı Değil,Boş,Kat Mülkiyeti,"Kuzey, Güney, Doğu, Batı",400 TL,https://www.hepsiemlak.com/gaziantep-sehitkamil-seyrantepe-satilik/daire/129869-2234
146303-63,Yıldıztepe,Nazilli,Aydın,6.800.000 TL,150,135,3 + 1,2,7 Katlı,3. Kat,Sıfır Bina,Kombi,Eşyalı Değil,Boş,Kat İrtifakı,"Güney, Doğu",,https://www.hepsiemlak.com/aydin-nazilli-yildiztepe-satilik/daire/146303-63
131987-4290,Ovacık,Keçiören,Ankara,8.490.000 TL,210,200,4 + 1,2,16 Katlı,2. Kat,5 Yaşında,Merkezi (Pay Öl...,Eşyalı Değil,Mülk Sahibi,Kat Mülkiyeti,"Güney, Doğu",,https://www.hepsiemlak.com/ankara-kecioren-ovacik-satilik/daire/131987-4290
9089-3714,Naci Çakır,Çankaya,Ankara,6.195.000 TL,123,115,3 + 1,1,3 Katlı,3. Kat,25 Yaşında,Kombi,Eşyalı Değil,Mülk Sahibi,Kat Mülkiyeti,"Güney, Doğu",250 TL,https://www.hepsiemlak.com/ankara-cankaya-naci-cakir-satilik/daire/9089-3714
114845-2028,Cengizhan,Mamak,Ankara,4.145.000 TL,120,110,3 + 1,1,3 Katlı,3. Kat,12 Yaşında,Kombi,Eşyalı Değil,Mülk Sahibi,Kat Mülkiyeti,"Güney, Doğu",150 TL,https://www.hepsiemlak.com/ankara-mamak-cengizhan-satilik/daire/114845-2028
3563-2249,Yavuz Selim,Bağcılar,İstanbul,8.200.000 TL,125,110,3 + 1,1,10 Katlı,8. Kat,6 Yaşında,Kombi,Eşyalı Değil,Boş,Kat Mülkiyeti,"Güney, Doğu",,https://www.hepsiemlak.com/istanbul-bagcilar-yavuz-selim-satilik/daire/3563-2249
41198-2005,Beşikkaya,Altındağ,Ankara,4.350.000 TL,135,120,3 + 1,2,5 Katlı,5. Kat,2 Yaşında,Kombi,,Boş,Yabancıdan,,,https://www.hepsiemlak.com/ankara-altindag-besikkaya-satilik/daire/41198-2005
135979-1308,Samanlık,Tavas,Denizli,5.475.000 TL,165,135,3 + 1,1,5 Katlı,Yüksek Giriş,Sıfır Bina,Yerden Isıtma,Eşyalı Değil,Boş,Kat Mülkiyeti,"Kuzey, Güney, Doğu, Batı",,https://www.hepsiemlak.com/denizli-tavas-samanlik-satilik/daire/135979-1308
168955-35,Ahmetli,Şile,İstanbul,10.200.000 TL,140,120,3 + 1,2,2 Katlı,2. Kat,Sıfır Bina,Kombi,Eşyalı Değil,Boş,Kat İrtifakı,Güney,,https://www.hepsiemlak.com/istanbul-sile-ahmetli-satilik/daire/168955-35
165980-2736,Demirtaş,Alanya,Antalya,3.800.000 TL,55,50,1 + 1,1,11 Katlı,8. Kat,1 Yaşında,Klima,Eşyalı Değil,Boş,Yabancıdan,Güney,,https://www.hepsiemlak.com/antalya-alanya-demirtas-satilik/daire/165980-2736
133419-255,Gaziosmanpaşa,Karatay,Konya,4.250.000 TL,100,87,2 + 1,1,6 Katlı,2. Kat,Sıfır Bina,Kombi,Eşyalı,Boş,Müstakil Tapulu,"Doğu, Batı",,https://www.hepsiemlak.com/konya-karatay-gaziosmanpasa-satilik/daire/133419-255
95643-1925,Etiler,Beşiktaş,İstanbul,59.500.000 TL,340,140,3 + 1,2,4 Katlı,Bahçe Katı,Sıfır Bina,Yerden Isıtma,Eşyalı Değil,Boş,Kat Mülkiyeti,"Güney, Doğu, Batı",3.000 TL,https://www.hepsiemlak.com/istanbul-besiktas-etiler-satilik/daire/95643-1925
165956-108,Ertuğrulgazi,Şahinbey,Gaziantep,3.600.000 TL,135,115,2 + 1,1,5 Katlı,1. Kat,6 Yaşında,Kombi,Eşyalı Değil,Boş,Kat Mülkiyeti,"Kuzey, Güney, Doğu, Batı",,https://www.hepsiemlak.com/gaziantep-sahinbey-ertugrulgazi-satilik/daire/165956-108
154486-215,Hurma,Konyaaltı,Antalya,7.450.000 TL,100,85,2 + 1,2,4 Katlı,4. Kat,1 Yaşında,Klima,Eşyalı Değil,Boş,Yabancıdan,"Güney, Doğu",1.000 TL,https://www.hepsiemlak.com/antalya-konyaalti-hurma-satilik/daire/154486-215
3548-1602,Karapınar,Çankaya,Ankara,7.600.000 TL,1354,120,3 + 1,2,8 Katlı,2. Kat,11 Yaşında,Kombi,Eşyalı Değil,Boş,Kat Mülkiyeti,"Güney, Batı",1 TL,https://www.hepsiemlak.com/ankara-cankaya-karapinar-satilik/daire/3548-1602
168411-152,Cumhuriyet,Esenyurt,İstanbul,1.335.000 TL,70,55,1 + 0,1,7 Katlı,5. Kat,Sıfır Bina,Kombi,Eşyalı Değil,Boş,Kat Mülkiyeti,Güney,,https://www.hepsiemlak.com/istanbul-esenyurt-cumhuriyet-satilik/daire/168411-152
154405-130,Geriş,Bodrum,Muğla,37.500.000 TL,280,225,3 + 1,3,2 Katlı,Bahçe Katı,26 Yaşında,Klima,Eşyalı Değil,Mülk Sahibi,Kat Mülkiyeti,"Kuzey, Batı",7.000 TL,https://www.hepsiemlak.com/mugla-bodrum-geris-satilik/villa/154405-130
108601-674,Güneşevler,Altındağ,Ankara,3.580.000 TL,115,100,2 + 1,1,3 Katlı,1. Kat,11 Yaşında,Kombi,Eşyalı Değil,Boş,Kat Mülkiyeti,"Güney, Doğu",300 TL,https://www.hepsiemlak.com/ankara-altindag-gunesevler-satilik/daire/108601-674
166969-181,Yenişehir,Ataşehir,İstanbul,12.000.000 TL,125,100,3 + 1,1,5 Katlı,3. Kat,16 Yaşında,Kombi,Eşyalı Değil,Mülk Sahibi,Kat İrtifakı,"Kuzey, Doğu",500 TL,https://www.hepsiemlak.com/istanbul-atasehir-yenisehir-satilik/daire/166969-181
135745-395,Köşklü Çeşme,Gebze,Kocaeli,4.550.000 TL,100,90,2 + 1,1,4 Katlı,2. Kat,11 Yaşında,Kombi,Eşyalı Değil,Mülk Sahibi,Kat Mülkiyeti,Güney,500 TL,https://www.hepsiemlak.com/kocaeli-gebze-kosklu-cesme-satilik/daire/135745-395
125535-3589,Yunuskent,Merkez,Karaman,18.500.000 TL,369,299,5 + 1,1,2 Katlı,,7 Yaşında,Kombi,Eşyalı Değil,Mülk Sahibi,Kat Mülkiyeti,"Kuzey, Güney, Doğu, Batı",1 TL,https://www.hepsiemlak.com/karaman-merkez-yunuskent-satilik/villa/125535-3589
120587-861,Feyzullah,Maltepe,İstanbul,12.600.000 TL,90,75,2 + 1,1,4 Katlı,2. Kat,5 Yaşında,Merkezi (Pay Öl...,Eşyalı Değil,Boş,Kat Mülkiyeti,"Güney, Doğu",,https://www.hepsiemlak.com/istanbul-maltepe-feyzullah-satilik/daire/120587-861
145323-1241,Arpaçbahşiş,Erdemli,Mersin,3.300.000 TL,65,50,1 + 1,1,15 Katlı,3. Kat,7 Yaşında,Klima,Eşyalı,Mülk Sahibi,Yabancıdan,Batı,,https://www.hepsiemlak.com/mersin-erdemli-arpacbahsis-satilik/daire/145323-1241
16354-29610,Atapark,Keçiören,Ankara,5.090.000 TL,155,145,4 + 1,2,4 Katlı,1. Kat,1 Yaşında,Kombi,Eşyalı Değil,Boş,Kat Mülkiyeti,"Kuzey, Güney, Doğu, Batı",,https://www.hepsiemlak.com/ankara-kecioren-atapark-satilik/daire/16354-29610
121684-455,Birlik,Çankaya,Ankara,6.600.000 TL,110,100,2 + 1,2,3 Katlı,Yarı Bodrum,11 Yaşında,Kombi,Eşyalı Değil,Boş,Kat Mülkiyeti,"Güney, Batı",600 TL,https://www.hepsiemlak.com/ankara-cankaya-birlik-satilik/daire/121684-455
165206-183,Akçay,Edremit,Balıkesir,3.725.000 TL,60,50,1 + 1,1,4 Katlı,3. Kat,3 Yaşında,Kombi,Eşyalı Değil,Boş,Kat Mülkiyeti,"Kuzey, Güney, Doğu, Batı",200 TL,https://www.hepsiemlak.com/balikesir-edremit-akcay-satilik/daire/165206-183
84609-4911,Köşk,Melikgazi,Kayseri,9.800.000 TL,260,220,4 + 1,2,12 Katlı,1. Kat,6 Yaşında,Merkezi (Pay Öl...,Eşyalı Değil,Mülk Sahibi,Kat Mülkiyeti,"Kuzey, Doğu",,https://www.hepsiemlak.com/kayseri-melikgazi-kosk-satilik/daire/84609-4911
48624-544,Tandoğan,Sincan,Ankara,4.499.000 TL,125,119,3 + 1,1,3 Katlı,2. Kat,11 Yaşında,Kombi,Eşyalı Değil,Mülk Sahibi,Kat Mülkiyeti,"Güney, Doğu, Batı",,https://www.hepsiemlak.com/ankara-sincan-tandogan-satilik/daire/48624-544
136159-1478,Saraylar,Merkezefendi,Denizli,4.500.000 TL,170,145,3 + 1,1,3 Katlı,Yüksek Giriş,25 Yaşında,Kombi,Eşyalı Değil,Mülk Sahibi,Kat Mülkiyeti,"Kuzey, Güney, Doğu, Batı",,https://www.hepsiemlak.com/denizli-merkezefendi-saraylar-satilik/daire/136159-1478
135907-609,29 Ekim,Sincan,Ankara,5.399.000 TL,130,120,3 + 1,2,3 Katlı,2. Kat,Sıfır Bina,Kombi,Eşyalı Değil,Boş,Kat Mülkiyeti,"Güney, Doğu, Batı",,https://www.hepsiemlak.com/ankara-sincan-29-ekim-satilik/daire/135907-609
123263-1380,Akçay,Edremit,Balıkesir,6.800.000 TL,110,100,2 + 1,1,4 Katlı,2. Kat,1 Yaşında,Kombi,Eşyalı Değil,Boş,Kat Mülkiyeti,"Kuzey, Güney, Doğu",100 TL,https://www.hepsiemlak.com/balikesir-edremit-akcay-satilik/daire/123263-1380
158213-120,Atatürk,Buca,İzmir,1.250.000 TL,60,55,1 + 1,1,4 Katlı,1. Kat,1 Yaşında,Doğalgaz Sobası,Eşyalı,Boş,Kat İrtifakı,"Kuzey, Güney, Doğu, Batı",200 TL,https://www.hepsiemlak.com/izmir-buca-ataturk-satilik/daire/158213-120
84036-36028,Akçay,Edremit,Balıkesir,4.849.000 TL,130,120,3 + 1,1,4 Katlı,2. Kat,20 Yaşında,Kombi,Eşyalı Değil,Boş,Kat Mülkiyeti,"Kuzey, Güney, Doğu",100 TL,https://www.hepsiemlak.com/balikesir-edremit-akcay-satilik/daire/84036-36028
0-46935752,Turgut Özal,Yenimahalle,Ankara,9.000.000 TL,135,125,3 + 1,1,7 Katlı,4. Kat,12 Yaşında,Kombi,Eşyalı Değil,Mülk Sahibi,Kat Mülkiyeti,"Kuzey, Güney",1.500 TL,https://www.hepsiemlak.com/ankara-yenimahalle-turgut-ozal-satilik/daire/0-46935752
140378-1862,Plevne,Altıeylül,Balıkesir,6.750.000 TL,130,115,3 + 1,2,3 Katlı,2. Kat,11 Yaşında,Kombi,Eşyalı Değil,Kiracılı,Kat Mülkiyeti,"Kuzey, Doğu, Batı",,https://www.hepsiemlak.com/balikesir-altieylul-plevne-satilik/daire/140378-1862
162880-165,Alata,Erdemli,Mersin,4.150.000 TL,160,140,3 + 1,1,10 Katlı,9. Kat,11 Yaşında,Isıtma Yok,Eşyalı Değil,Boş,Kat İrtifakı,"Kuzey, Güney, Batı",,https://www.hepsiemlak.com/mersin-erdemli-alata-satilik/daire/162880-165
160752-402,Yunus Emre,Yenimahalle,Ankara,3.800.000 TL,120,110,3 + 1,1,9 Katlı,2. Kat,26 Yaşında,Merkezi,Eşyalı Değil,Kiracılı,Kat Mülkiyeti,"Kuzey, Güney, Batı",1.000 TL,https://www.hepsiemlak.com/ankara-yenimahalle-yunus-emre-satilik/daire/160752-402
148098-1123,Altınkum,Didim,Aydın,7.195.000 TL,69,61,2 + 1,1,6 Katlı,2. Kat,4 Yaşında,Klima,Eşyalı Değil,Boş,Kat Mülkiyeti,"Güney, Doğu",,https://www.hepsiemlak.com/aydin-didim-altinkum-satilik/daire/148098-1123
161470-101,29 Ekim,Sincan,Ankara,3.750.000 TL,120,110,3 + 1,1,4 Katlı,Giriş Katı,Sıfır Bina,Yerden Isıtma,Eşyalı Değil,Boş,İntifa Hakkı Te...,"Güney, Doğu, Batı",,https://www.hepsiemlak.com/ankara-sincan-29-ekim-satilik/daire/161470-101
165992-45,Fevzi Çakmak,Kepez,Antalya,3.450.000 TL,60,55,2 + 0,1,3 Katlı,2. Kat,Sıfır Bina,Kombi,Eşyalı Değil,Boş,Kat İrtifakı,"Kuzey, Güney, Doğu",,https://www.hepsiemlak.com/antalya-kepez-fevzi-cakmak-satilik/daire/165992-45
156879-295,Altınova,Ayvalık,Balıkesir,16.000.000 TL,180,160,4 + 1,3,2 Katlı,,Sıfır Bina,Isı Pompası,Eşyalı Değil,Boş,Kat Mülkiyeti,"Kuzey, Güney, Doğu, Batı",,https://www.hepsiemlak.com/balikesir-ayvalik-altinova-satilik/villa/156879-295
133877-88,Atapark,Keçiören,Ankara,5.570.000 TL,145,135,3 + 1,1,4 Katlı,4. Kat,11 Yaşında,Kombi,Eşyalı Değil,Mülk Sahibi,Kat Mülkiyeti,"Güney, Batı",,https://www.hepsiemlak.com/ankara-kecioren-atapark-satilik/daire/133877-88
146159-296,İhsaniye,Tepebaşı,Eskişehir,3.475.000 TL,160,145,3 + 1,1,7 Katlı,5. Kat,28 Yaşında,Merkezi,Eşyalı Değil,Boş,Kat Mülkiyeti,"Güney, Doğu",,https://www.hepsiemlak.com/eskisehir-tepebasi-ihsaniye-satilik/daire/146159-296
692571-403,Gazi,Kepez,Antalya,4.250.000 TL,135,120,3 + 1,1,2 Katlı,2. Kat,11 Yaşında,Klima,Eşyalı Değil,Boş,Kat Mülkiyeti,"Kuzey, Güney, Doğu",,https://www.hepsiemlak.com/antalya-kepez-gazi-satilik/daire/692571-403
164432-48,Hamidiye,Kağıthane,İstanbul,10.750.000 TL,110,105,3 + 1,2,12 Katlı,4. Kat,26 Yaşında,Merkezi,Eşyalı Değil,Kiracılı,Kat İrtifakı,,2.250 TL,https://www.hepsiemlak.com/istanbul-kagithane-hamidiye-satilik/daire/164432-48
135830-3338,Akçay,Edremit,Balıkesir,6.900.000 TL,220,200,4 + 1,3,3 Katlı,3. Kat,15 Yaşında,Kombi,Eşyalı Değil,Boş,Kat Mülkiyeti,"Kuzey, Güney, Doğu",50 TL,https://www.hepsiemlak.com/balikesir-edremit-akcay-satilik/daire/135830-3338
121015-6596,Kestel,Alanya,Antalya,11.840.000 TL,170,160,3 + 1,2,5 Katlı,4. Kat,5 Yaşında,Klima,Eşyalı,Boş,Yabancıdan,Doğu,,https://www.hepsiemlak.com/antalya-alanya-kestel-satilik/daire/121015-6596
163647-178,Osmangazi,Keçiören,Ankara,4.485.000 TL,130,120,3 + 1,1,5 Katlı,4. Kat,6 Yaşında,Kombi,Eşyalı Değil,Mülk Sahibi,Kat Mülkiyeti,"Güney, Doğu",,https://www.hepsiemlak.com/ankara-kecioren-osmangazi-satilik/daire/163647-178
162854-237,Bahar,Karabağlar,İzmir,7.250.000 TL,115,105,3 + 1,2,4 Katlı,2. Kat,Sıfır Bina,Kombi,Eşyalı Değil,Boş,Kat Mülkiyeti,"Doğu, Batı",,https://www.hepsiemlak.com/izmir-karabaglar-bahar-satilik/daire/162854-237
144964-881,Malazgirt,Sincan,Ankara,3.549.000 TL,105,95,2 + 1,1,2 Katlı,En Üst Kat,14 Yaşında,Kombi,Eşyalı Değil,Mülk Sahibi,Kat Mülkiyeti,"Güney, Doğu, Batı",,https://www.hepsiemlak.com/ankara-sincan-malazgirt-satilik/daire/144964-881
117050-5346,Toros,Çukurova,Adana,4.750.000 TL,165,135,3 + 1,1,6 Katlı,5. Kat,25 Yaşında,Kombi,Eşyalı Değil,Boş,Kat Mülkiyeti,"Kuzey, Doğu, Batı",1 TL,https://www.hepsiemlak.com/adana-cukurova-toros-satilik/daire/117050-5346
93646-1859,Tatlısu,Erdek,Balıkesir,3.200.000 TL,55,50,1 + 1,1,4 Katlı,2. Kat,Sıfır Bina,Klima,Eşyalı,Mülk Sahibi,Kat İrtifakı,"Güney, Doğu, Batı",,https://www.hepsiemlak.com/balikesir-erdek-tatlisu-satilik/daire/93646-1859
103656-3553,Payamlı,Seferihisar,İzmir,6.600.000 TL,135,118,3 + 1,2,2 Katlı,,5 Yaşında,Isı Pompası,Eşyalı Değil,Mülk Sahibi,Kat İrtifakı,"Kuzey, Doğu, Batı",,https://www.hepsiemlak.com/izmir-seferihisar-payamli-satilik/villa/103656-3553
76785-16036,İkizçay,Edremit,Balıkesir,5.300.000 TL,100,85,2 + 1,1,4 Katlı,1. Kat,2 Yaşında,Kombi,Eşyalı Değil,Boş,Kat Mülkiyeti,"Kuzey, Güney, Doğu, Batı",,https://www.hepsiemlak.com/balikesir-edremit-ikizcay-satilik/daire/76785-16036
9072-2120,İskele,Edremit,Balıkesir,8.750.000 TL,85,75,2 + 1,1,2 Katlı,Yüksek Giriş,10 Yaşında,Kat Kaloriferi,Eşyalı Değil,Boş,Kat Mülkiyeti,"Kuzey, Doğu, Batı",1 TL,https://www.hepsiemlak.com/balikesir-edremit-iskele-satilik/daire/9072-2120
144332-262,Oba,Alanya,Antalya,23.750.000 TL,125,120,3 + 1,3,1 Katlı,Bahçe Katı,16 Yaşında,Klima,Eşyalı,Boş,Kat İrtifakı,"Kuzey, Güney, Doğu, Batı",,https://www.hepsiemlak.com/antalya-alanya-oba-satilik/villa/144332-262
163514-27,Zafer,Nazilli,Aydın,6.050.000 TL,175,160,3 + 1,2,8 Katlı,1. Kat,8 Yaşında,Kombi,Eşyalı Değil,Mülk Sahibi,Kat Mülkiyeti,"Kuzey, Güney, Batı",1.000 TL,https://www.hepsiemlak.com/aydin-nazilli-zafer-satilik/daire/163514-27
136389-107,Güzelçamlı,Kuşadası,Aydın,9.250.000 TL,180,129,4 + 1,2,3 Katlı,,24 Yaşında,Isıtma Yok,Eşyalı,Mülk Sahibi,Müstakil Tapulu,"Güney, Doğu, Batı",500 TL,https://www.hepsiemlak.com/aydin-kusadasi-guzelcamli-satilik/villa/136389-107
155700-1364,Osmangazi,Sancaktepe,İstanbul,7.450.000 TL,87,70,2 + 1,1,12 Katlı,Bahçe Katı,6 Yaşında,Merkezi (Pay Öl...,Eşyalı Değil,Mülk Sahibi,Kat Mülkiyeti,"Kuzey, Güney, Doğu, Batı",5.900 TL,https://www.hepsiemlak.com/istanbul-sancaktepe-osmangazi-satilik/daire/155700-1364
135595-656,Çimenlik,Karatay,Konya,3.700.000 TL,110,90,2 + 1,1,6 Katlı,Ara Kat,8 Yaşında,Kombi,Eşyalı Değil,Mülk Sahibi,Kat Mülkiyeti,"Güney, Batı",,https://www.hepsiemlak.com/konya-karatay-cimenlik-satilik/daire/135595-656
131733-2467,Altıağaç,Mamak,Ankara,4.770.000 TL,125,115,3 + 1,2,14 Katlı,2. Kat,5 Yaşında,Merkezi (Pay Öl...,Eşyalı Değil,Boş,Kat Mülkiyeti,"Güney, Batı",1.500 TL,https://www.hepsiemlak.com/ankara-mamak-altiagac-satilik/daire/131733-2467
147651-700,Çolaklı,Manavgat,Antalya,4.975.000 TL,105,90,2 + 1,1,3 Katlı,2. Kat,Sıfır Bina,Klima,Eşyalı Değil,Boş,Yabancıdan,"Güney, Doğu, Batı",,https://www.hepsiemlak.com/antalya-manavgat-colakli-satilik/daire/147651-700
166705-88,Zafer,Bahçelievler,İstanbul,5.300.000 TL,120,110,3 + 1,1,4 Katlı,3. Kat,16 Yaşında,Kombi,Eşyalı Değil,Kiracılı,Kat İrtifakı,"Kuzey, Batı",250 TL,https://www.hepsiemlak.com/istanbul-bahcelievler-zafer-satilik/daire/166705-88
76287-2662,Emek,Çankaya,Ankara,14.250.000 TL,179,150,4 + 1,2,4 Katlı,4. Kat,5 Yaşında,Kombi,Eşyalı Değil,Boş,Kat Mülkiyeti,"Kuzey, Doğu",1.200 TL,https://www.hepsiemlak.com/ankara-cankaya-emek-satilik/daire/76287-2662
159761-35,Menderes,Sincan,Ankara,6.449.999 TL,138,128,3 + 1,2,4 Katlı,2. Kat,6 Yaşında,Kombi,Eşyalı Değil,Boş,Kat Mülkiyeti,"Kuzey, Güney, Doğu",499 TL,https://www.hepsiemlak.com/ankara-sincan-menderes-satilik/daire/159761-35
150747-625,Emniyet Evleri,Kağıthane,İstanbul,8.000.000 TL,80,75,2 + 1,,5 Katlı,4. Kat,14 Yaşında,Kombi,Eşyalı Değil,Kiracılı,Kat Mülkiyeti,"Güney, Batı",500 TL,https://www.hepsiemlak.com/istanbul-kagithane-emniyet-evleri-satilik/daire/150747-625
110051-905,Kocacami,Burhaniye,Balıkesir,5.850.000 TL,162,139,4 + 1,2,5 Katlı,5. Kat,2 Yaşında,Kombi,Eşyalı Değil,Boş,Kat Mülkiyeti,"Kuzey, Güney, Doğu, Batı",,https://www.hepsiemlak.com/balikesir-burhaniye-kocacami-satilik/daire/110051-905
66650-1157,Fatih,Pursaklar,Ankara,6.100.000 TL,165,155,4 + 1,2,3 Katlı,3. Kat,11 Yaşında,Kombi,Eşyalı Değil,Mülk Sahibi,Kat Mülkiyeti,"Kuzey, Güney, Doğu",,https://www.hepsiemlak.com/ankara-pursaklar-fatih-satilik/daire/66650-1157
30707-4351,Soğukkuyu,Bayraklı,İzmir,6.100.000 TL,150,130,3 + 1,1,9 Katlı,3. Kat,25 Yaşında,Kombi,Eşyalı Değil,Kiracılı,Kat Mülkiyeti,,,https://www.hepsiemlak.com/izmir-bayrakli-sogukkuyu-satilik/daire/30707-4351
139359-1108,Varsak Karşıyaka,Kepez,Antalya,3.950.000 TL,90,83,2 + 1,1,3 Katlı,Ara Kat,Sıfır Bina,Kombi,Eşyalı Değil,Mülk Sahibi,Kat Mülkiyeti,"Kuzey, Güney, Batı",,https://www.hepsiemlak.com/antalya-kepez-varsak-karsiyaka-satilik/daire/139359-1108
103091-217,Mimar Sinan,Pursaklar,Ankara,8.950.000 TL,200,190,4 + 1,2,11 Katlı,11. Kat,6 Yaşında,Merkezi (Pay Öl...,Eşyalı Değil,Kiracılı,Kat Mülkiyeti,"Güney, Doğu",,https://www.hepsiemlak.com/ankara-pursaklar-mimar-sinan-satilik/daire/103091-217
158829-73,Hürriyet,Akhisar,Manisa,8.250.000 TL,186,180,3 + 1,2,3 Katlı,3. Kat,4 Yaşında,Kombi,Eşyalı Değil,Mülk Sahibi,Kat Mülkiyeti,"Güney, Doğu",500 TL,https://www.hepsiemlak.com/manisa-akhisar-hurriyet-satilik/daire/158829-73
134013-258,Kayalar,Merkezefendi,Denizli,6.300.000 TL,120,115,2 + 1,2,17 Katlı,4. Kat,6 Yaşında,Merkezi (Pay Öl...,Eşyalı Değil,Boş,Kat Mülkiyeti,Kuzey,3.500 TL,https://www.hepsiemlak.com/denizli-merkezefendi-kayalar-satilik/daire/134013-258
