ilan_no,mahalle,ilce,il,fiyat,brut_m2,net_m2,oda_sayisi,banyo_sayisi,kat_sayisi,bulundugu_kat,bina_yasi,isinma,esya_durumu,kullanim_durumu,tapu_durumu,cephe,aidat,url
138321-1168,Yeşilkent,Esenyurt,İstanbul,1.100.000 TL,111,108,2 + 1,1.0,5 Katlı,Bahçe Katı,5 Yaşında,Kombi,Eşyalı Değil,Boş,Kat Mülkiyeti,Güney,,https://www.hepsiemlak.com/istanbul-esenyurt-yesilkent-satilik/daire/138321-1168
138321-1076,Güzelyurt,Esenyurt,İstanbul,4.399.000 TL,185,170,3 + 2,2.0,4 Katlı,3. Kat,8 Yaşında,Kombi,Eşyalı Değil,Boş,Kat Mülkiyeti,"Kuzey, Güney, Doğu, Batı",200 TL,https://www.hepsiemlak.com/istanbul-esenyurt-guzelyurt-satilik/daire/138321-1076
138321-1161,Çınar,Esenyurt,İstanbul,2.900.000 TL,110,88,2 + 1,2.0,4 Katlı,Ara Kat,1 Yaşında,Kombi,Eşyalı Değil,Boş,Kat Mülkiyeti,"Kuzey, Güney, Doğu, Batı",200 TL,https://www.hepsiemlak.com/istanbul-esenyurt-cinar-satilik/daire/138321-1161
1792-36286,Acarlar,Beykoz,İstanbul,285.000.000 TL,1000,830,10 + 0,6.0,4 Katlı,,26 Yaşında,Kombi,Eşyalı Değil,Mülk Sahibi,Kat Mülkiyeti,Batı,,https://www.hepsiemlak.com/istanbul-beykoz-acarlar-satilik/mustakil-ev/1792-36286
111753-2679,Cumhuriyet,Beylikdüzü,İstanbul,4.200.000 TL,145,130,3 + 1,2.0,10 Katlı,4. Kat,9 Yaşında,Kombi,Eşyalı Değil,Boş,Yabancıdan,"Güney, Doğu",,https://www.hepsiemlak.com/istanbul-beylikduzu-cumhuriyet-satilik/daire/111753-2679
111753-2696,Güzelyurt,Esenyurt,İstanbul,3.500.000 TL,110,100,2 + 1,1.0,5 Katlı,1. Kat,Sıfır Bina,Kombi,Eşyalı Değil,Boş,Kat Mülkiyeti,"Güney, Doğu",,https://www.hepsiemlak.com/istanbul-esenyurt-guzelyurt-satilik/daire/111753-2696
165223-133,Güzelyurt,Esenyurt,İstanbul,4.850.000 TL,100,90,2 + 1,1.0,5 Katlı,2. Kat,6 Yaşında,Kombi,Eşyalı Değil,Boş,Kat Mülkiyeti,,,https://www.hepsiemlak.com/istanbul-esenyurt-guzelyurt-satilik/daire/165223-133
165223-132,Mevlana,Esenyurt,İstanbul,2.300.000 TL,100,95,2 + 1,1.0,3 Katlı,Bahçe Katı,5 Yaşında,Kombi,Eşyalı Değil,Kiracılı,Kat Mülkiyeti,"Kuzey, Güney, Doğu, Batı",,https://www.hepsiemlak.com/istanbul-esenyurt-mevlana-satilik/daire/165223-132
137998-275,Adnan Kahveci,Beylikdüzü,İstanbul,7.430.000 TL,150,145,3 + 1,2.0,5 Katlı,3. Kat,Sıfır Bina,Kombi,Eşyalı Değil,Boş,Yabancıdan,"Kuzey, Güney, Doğu, Batı",,https://www.hepsiemlak.com/istanbul-beylikduzu-adnan-kahveci-satilik/daire/137998-275
137998-333,Kavaklı,Beylikdüzü,İstanbul,4.699.000 TL,125,115,2 + 1,2.0,4 Katlı,2. Kat,5 Yaşında,Kombi,Eşyalı Değil,Kiracılı,Yabancıdan,"Güney, Doğu",2.500 TL,https://www.hepsiemlak.com/istanbul-beylikduzu-kavakli-satilik/daire/137998-333
137998-328,Adnan Kahveci,Beylikdüzü,İstanbul,7.600.000 TL,155,140,3 + 1,2.0,3 Katlı,2. Kat,Sıfır Bina,Kombi,Eşyalı Değil,Boş,Yabancıdan,"Kuzey, Güney, Doğu, Batı",,https://www.hepsiemlak.com/istanbul-beylikduzu-adnan-kahveci-satilik/daire/137998-328
137998-292,Adnan Kahveci,Beylikdüzü,İstanbul,5.320.000 TL,120,100,2 + 1,1.0,3 Katlı,2. Kat,6 Yaşında,Kombi,Eşyalı Değil,Boş,Yabancıdan,"Kuzey, Güney, Doğu, Batı",,https://www.hepsiemlak.com/istanbul-beylikduzu-adnan-kahveci-satilik/daire/137998-292
137998-315,Adnan Kahveci,Beylikdüzü,İstanbul,5.400.000 TL,100,85,2 + 1,2.0,3 Katlı,1. Kat,6 Yaşında,Kombi,Eşyalı Değil,Boş,Yabancıdan,"Kuzey, Güney, Doğu, Batı",,https://www.hepsiemlak.com/istanbul-beylikduzu-adnan-kahveci-satilik/daire/137998-315
111753-2687,Yeşilkent,Esenyurt,İstanbul,1.645.000 TL,70,65,1 + 1,1.0,26 Katlı,21 ve üzeri,8 Yaşında,Kombi,Eşyalı,Kiracılı,Yabancıdan,"Kuzey, Güney, Doğu, Batı",,https://www.hepsiemlak.com/istanbul-esenyurt-yesilkent-satilik/daire/111753-2687
111753-2654,Talatpaşa,Esenyurt,İstanbul,1.475.000 TL,90,82,2 + 1,1.0,4 Katlı,Yüksek Giriş,6 Yaşında,Kombi,Eşyalı Değil,,Kat Mülkiyeti,"Güney, Doğu",,https://www.hepsiemlak.com/istanbul-esenyurt-talatpasa-satilik/daire/111753-2654
136218-1244,Mimar Sinan,Üsküdar,İstanbul,9.850.000 TL,95,85,2 + 1,1.0,7 Katlı,4. Kat,4 Yaşında,Kombi,Eşyalı Değil,Boş,Kat Mülkiyeti,,,https://www.hepsiemlak.com/istanbul-uskudar-mimar-sinan-satilik/daire/136218-1244
165223-134,Bağlarçeşme,Esenyurt,İstanbul,2.990.000 TL,100,90,2 + 1,1.0,5 Katlı,1. Kat,6 Yaşında,Kombi,Eşyalı Değil,Boş,Kat Mülkiyeti,,,https://www.hepsiemlak.com/istanbul-esenyurt-baglarcesme-satilik/daire/165223-134
160344-37,Yayla,Tuzla,İstanbul,19.950.000 TL,230,190,5 + 2,3.0,8 Katlı,8. Kat,Sıfır Bina,Merkezi (Pay Öl...,Eşyalı Değil,Boş,Tapu Yok,"Güney, Batı",6.700 TL,https://www.hepsiemlak.com/istanbul-tuzla-yayla-satilik/daire/160344-37
160344-40,Aydınlı,Tuzla,İstanbul,4.950.000 TL,70,55,1 + 1,1.0,2 Katlı,2. Kat,11 Yaşında,Kombi,Eşyalı Değil,Boş,Kat Mülkiyeti,Doğu,,https://www.hepsiemlak.com/istanbul-tuzla-aydinli-satilik/daire/160344-40
129481-1303,Şehremini,Fatih,İstanbul,2.650.000 TL,70,65,1 + 1,1.0,5 Katlı,Yarı Bodrum,35 Yaşında,Kombi,,Kiracılı,Kat Mülkiyeti,"Kuzey, Güney",200 TL,https://www.hepsiemlak.com/istanbul-fatih-sehremini-satilik/daire/129481-1303
129481-1457,Seyyid Ömer,Fatih,İstanbul,3.680.000 TL,75,70,2 + 1,1.0,5 Katlı,5. Kat,35 Yaşında,Kombi,Eşyalı,Mülk Sahibi,Kat Mülkiyeti,"Kuzey, Güney",300 TL,https://www.hepsiemlak.com/istanbul-fatih-seyyid-omer-satilik/daire/129481-1457
129481-1455,Silivrikapı,Fatih,İstanbul,11.400.000 TL,243,240,5 + 1,2.0,4 Katlı,Yüksek Giriş,Sıfır Bina,Kombi,Eşyalı Değil,Boş,Kat Mülkiyeti,,,https://www.hepsiemlak.com/istanbul-fatih-silivrikapi-satilik/daire/129481-1455
1077-67498,Caddebostan,Kadıköy,İstanbul,30.750.000 TL,137,100,3 + 1,1.0,10 Katlı,8. Kat,8 Yaşında,Merkezi (Pay Öl...,Eşyalı Değil,Boş,Kat Mülkiyeti,Güney,,https://www.hepsiemlak.com/istanbul-kadikoy-caddebostan-satilik/daire/1077-67498
54895-930,Maden,Adalar,İstanbul,39.000.000 TL,739,177,4 + 2,3.0,2 Katlı,,57 Yaşında,Kombi,Eşyalı Değil,Boş,Kat Mülkiyeti,"Kuzey, Güney, Doğu, Batı",,https://www.hepsiemlak.com/istanbul-adalar-maden-satilik/mustakil-ev/54895-930
54895-1196,Nizam,Adalar,İstanbul,48.000.000 TL,582,476,10 + 3,8.0,3 Katlı,,56 Yaşında,Kombi,Eşyalı Değil,Boş,Müstakil Tapulu,"Kuzey, Güney, Doğu, Batı",,https://www.hepsiemlak.com/istanbul-adalar-nizam-satilik/mustakil-ev/54895-1196
165223-131,Ardıçlı,Esenyurt,İstanbul,2.950.000 TL,100,95,2 + 1,1.0,5 Katlı,1. Kat,1 Yaşında,Kombi,Eşyalı Değil,Boş,Kat Mülkiyeti,"Güney, Doğu, Batı",,https://www.hepsiemlak.com/istanbul-esenyurt-ardicli-satilik/daire/165223-131
1100-13169,Göztepe,Kadıköy,İstanbul,12.950.000 TL,100,80,2 + 1,2.0,11 Katlı,Giriş Katı,26 Yaşında,Kombi,Eşyalı Değil,Boş,Kat Mülkiyeti,,,https://www.hepsiemlak.com/istanbul-kadikoy-goztepe-satilik/daire/1100-13169
1100-13181,Göztepe,Kadıköy,İstanbul,27.950.000 TL,120,96,3 + 1,2.0,9 Katlı,6. Kat,1 Yaşında,Kombi,Eşyalı Değil,Mülk Sahibi,Kat Mülkiyeti,"Güney, Batı",,https://www.hepsiemlak.com/istanbul-kadikoy-goztepe-satilik/daire/1100-13181
1100-13164,Suadiye,Kadıköy,İstanbul,22.950.000 TL,130,100,3 + 1,2.0,10 Katlı,3. Kat,9 Yaşında,Kombi,Eşyalı Değil,Boş,Kat Mülkiyeti,"Kuzey, Güney, Doğu, Batı",,https://www.hepsiemlak.com/istanbul-kadikoy-suadiye-satilik/daire/1100-13164
1100-13176,Bostancı,Kadıköy,İstanbul,10.950.000 TL,130,100,3 + 1,1.0,5 Katlı,5. Kat,40 Yaşında,Kombi,,Boş,Kat Mülkiyeti,"Güney, Doğu, Batı",,https://www.hepsiemlak.com/istanbul-kadikoy-bostanci-satilik/daire/1100-13176
1077-67468,Caddebostan,Kadıköy,İstanbul,22.750.000 TL,125,95,3 + 1,1.0,9 Katlı,6. Kat,7 Yaşında,Kombi,Eşyalı Değil,Boş,Kat Mülkiyeti,,,https://www.hepsiemlak.com/istanbul-kadikoy-caddebostan-satilik/daire/1077-67468
1077-67496,Erenköy,Kadıköy,İstanbul,12.750.000 TL,75,60,2 + 1,2.0,8 Katlı,Yüksek Giriş,Sıfır Bina,Kombi,Eşyalı Değil,Boş,Kat İrtifakı,,,https://www.hepsiemlak.com/istanbul-kadikoy-erenkoy-satilik/daire/1077-67496
112177-75,Adnan Kahveci,Beylikdüzü,İstanbul,2.949.000 TL,90,85,1 + 1,,5 Katlı,Yüksek Giriş,Sıfır Bina,Kombi,Eşyalı Değil,Boş,Kat Mülkiyeti,Güney,,https://www.hepsiemlak.com/istanbul-beylikduzu-adnan-kahveci-satilik/daire/112177-75
48423-4662,Parseller,Ümraniye,İstanbul,26.750.000 TL,310,225,5 + 1,3.0,5 Katlı,5. Kat,23 Yaşında,Kombi,,Mülk Sahibi,Kat Mülkiyeti,,,https://www.hepsiemlak.com/istanbul-umraniye-parseller-satilik/daire/48423-4662
112177-203,Adnan Kahveci,Beylikdüzü,İstanbul,4.199.000 TL,110,100,2 + 1,1.0,5 Katlı,Giriş Katı,Sıfır Bina,Kombi,Eşyalı Değil,Boş,Kat Mülkiyeti,Güney,,https://www.hepsiemlak.com/istanbul-beylikduzu-adnan-kahveci-satilik/daire/112177-203
112177-194,Adnan Kahveci,Beylikdüzü,İstanbul,6.250.000 TL,150,145,3 + 1,2.0,10 Katlı,3. Kat,3 Yaşında,Kombi,Eşyalı Değil,Boş,Kat Mülkiyeti,Güney,,https://www.hepsiemlak.com/istanbul-beylikduzu-adnan-kahveci-satilik/daire/112177-194
72595-3378,Bahçeşehir 2. Kısım,Başakşehir,İstanbul,2.340.000 TL,124,105,3 + 1,1.0,5 Katlı,Giriş Katı,6 Yaşında,Kombi,Eşyalı Değil,Boş,Yabancıdan,"Güney, Doğu, Batı",,https://www.hepsiemlak.com/istanbul-basaksehir-bahcesehir-2-kisim-satilik/daire/72595-3378
165223-113,Bağlarçeşme,Esenyurt,İstanbul,3.480.000 TL,105,100,2 + 1,1.0,4 Katlı,3. Kat,6 Yaşında,Kombi,Eşyalı Değil,Mülk Sahibi,Kat Mülkiyeti,"Kuzey, Güney, Doğu, Batı",,https://www.hepsiemlak.com/istanbul-esenyurt-baglarcesme-satilik/daire/165223-113
121912-1370,Talatpaşa,Esenyurt,İstanbul,2.965.000 TL,100,85,2 + 1,1.0,4 Katlı,2. Kat,5 Yaşında,Kombi,Eşyalı Değil,Boş,Kat Mülkiyeti,Güney,,https://www.hepsiemlak.com/istanbul-esenyurt-talatpasa-satilik/daire/121912-1370
121912-1377,Güzelyurt,Esenyurt,İstanbul,2.999.000 TL,105,95,2 + 1,1.0,4 Katlı,2. Kat,12 Yaşında,Kombi,Eşyalı Değil,Boş,Kat Mülkiyeti,Güney,,https://www.hepsiemlak.com/istanbul-esenyurt-guzelyurt-satilik/daire/121912-1377
121912-1378,Kavaklı,Beylikdüzü,İstanbul,4.690.000 TL,95,90,2 + 1,1.0,4 Katlı,Yüksek Giriş,10 Yaşında,Kombi,Eşyalı Değil,Boş,Kat Mülkiyeti,Güney,,https://www.hepsiemlak.com/istanbul-beylikduzu-kavakli-satilik/daire/121912-1378
54895-1103,Nizam,Adalar,İstanbul,44.000.000 TL,199,150,4 + 1,4.0,3 Katlı,Bahçe Katı,Sıfır Bina,Kombi,Eşyalı Değil,Boş,Kat İrtifakı,"Kuzey, Güney, Doğu, Batı",10.000 TL,https://www.hepsiemlak.com/istanbul-adalar-nizam-satilik/daire/54895-1103
122463-2563,Erenköy,Kadıköy,İstanbul,26.950.000 TL,220,175,4 + 1,3.0,9 Katlı,9. Kat,6 Yaşında,Kombi,Eşyalı Değil,Boş,Kat Mülkiyeti,Güney,,https://www.hepsiemlak.com/istanbul-kadikoy-erenkoy-satilik/daire/122463-2563
122463-2566,Suadiye,Kadıköy,İstanbul,21.450.000 TL,115,85,2 + 1,2.0,8 Katlı,3. Kat,Sıfır Bina,Yerden Isıtma,Eşyalı Değil,Boş,Kat Mülkiyeti,"Güney, Doğu, Batı",,https://www.hepsiemlak.com/istanbul-kadikoy-suadiye-satilik/daire/122463-2566
152683-203,Kavaklı,Beylikdüzü,İstanbul,4.975.000 TL,110,90,2 + 1,1.0,3 Katlı,1. Kat,Sıfır Bina,Kombi,Eşyalı Değil,Boş,Yabancıdan,"Güney, Doğu",,https://www.hepsiemlak.com/istanbul-beylikduzu-kavakli-satilik/daire/152683-203
152683-194,Dereağzı,Beylikdüzü,İstanbul,6.950.000 TL,200,180,3 + 2,2.0,4 Katlı,3. Kat,Sıfır Bina,Yerden Isıtma,Eşyalı Değil,Boş,Yabancıdan,"Güney, Doğu",,https://www.hepsiemlak.com/istanbul-beylikduzu-dereagzi-satilik/daire/152683-194
129391-493,Pınartepe,Büyükçekmece,İstanbul,4.570.000 TL,110,95,2 + 1,1.0,4 Katlı,Yüksek Giriş,11 Yaşında,Kombi,Eşyalı Değil,Mülk Sahibi,Kat İrtifakı,"Güney, Doğu, Batı",,https://www.hepsiemlak.com/istanbul-buyukcekmece-pinartepe-satilik/daire/129391-493
160840-57,Postane,Tuzla,İstanbul,19.800.000 TL,310,245,4 + 2,4.0,9 Katlı,9. Kat,Sıfır Bina,Merkezi (Pay Öl...,Eşyalı,Boş,Kat İrtifakı,,,https://www.hepsiemlak.com/istanbul-tuzla-postane-satilik/daire/160840-57
104770-7555,Yakuplu,Beylikdüzü,İstanbul,2.000.000 TL,160,150,3 + 1,1.0,6 Katlı,3. Kat,3 Yaşında,Kombi,Eşyalı Değil,Boş,Kat Mülkiyeti,"Güney, Doğu",,https://www.hepsiemlak.com/istanbul-beylikduzu-yakuplu-satilik/daire/104770-7555
165223-130,Cumhuriyet,Beylikdüzü,İstanbul,3.550.000 TL,110,100,2 + 1,1.0,6 Katlı,2. Kat,6 Yaşında,Kombi,Eşyalı Değil,Boş,Yabancıdan,"Güney, Doğu, Batı",,https://www.hepsiemlak.com/istanbul-beylikduzu-cumhuriyet-satilik/daire/165223-130
165223-89,Cumhuriyet,Esenyurt,İstanbul,3.975.000 TL,145,115,2 + 1,2.0,10 Katlı,Yüksek Giriş,6 Yaşında,Kombi,Eşyalı Değil,Boş,Kat Mülkiyeti,"Kuzey, Güney, Doğu, Batı",,https://www.hepsiemlak.com/istanbul-esenyurt-cumhuriyet-satilik/daire/165223-89
111753-2653,Akevler,Esenyurt,İstanbul,1.785.000 TL,100,90,2 + 1,1.0,4 Katlı,2. Kat,5 Yaşında,Kombi,Eşyalı Değil,Boş,Kat Mülkiyeti,"Güney, Doğu",,https://www.hepsiemlak.com/istanbul-esenyurt-akevler-satilik/daire/111753-2653
111753-2661,Fatih,Esenyurt,İstanbul,1.885.000 TL,110,100,2 + 1,1.0,4 Katlı,2. Kat,4 Yaşında,Kombi,Eşyalı Değil,Boş,Kat Mülkiyeti,"Güney, Doğu, Batı",,https://www.hepsiemlak.com/istanbul-esenyurt-fatih-satilik/daire/111753-2661
111753-2678,Cumhuriyet,Beylikdüzü,İstanbul,4.195.000 TL,140,130,3 + 1,2.0,10 Katlı,6. Kat,4 Yaşında,Kombi,Eşyalı Değil,Boş,Yabancıdan,"Güney, Doğu, Batı",,https://www.hepsiemlak.com/istanbul-beylikduzu-cumhuriyet-satilik/daire/111753-2678
111753-2685,Barbaros Hayrettin Paşa,Esenyurt,İstanbul,3.350.000 TL,130,120,3 + 1,1.0,25 Katlı,10. Kat,5 Yaşında,Merkezi,Eşyalı Değil,Kiracılı,Yabancıdan,"Kuzey, Güney, Doğu, Batı",,https://www.hepsiemlak.com/istanbul-esenyurt-barbaros-hayrettin-pasa-satilik/daire/111753-2685
1077-67405,Suadiye,Kadıköy,İstanbul,18.350.000 TL,100,88,2 + 1,1.0,11 Katlı,8. Kat,15 Yaşında,Kombi,Eşyalı Değil,Boş,Kat Mülkiyeti,"Güney, Doğu",,https://www.hepsiemlak.com/istanbul-kadikoy-suadiye-satilik/daire/1077-67405
39778-4198,Valide-i Atik,Üsküdar,İstanbul,5.800.000 TL,115,110,2 + 1,1.0,5 Katlı,2. Kat,45 Yaşında,Kombi,Eşyalı Değil,Boş,Kat İrtifakı,Batı,250 TL,https://www.hepsiemlak.com/istanbul-uskudar-valide-i-atik-satilik/daire/39778-4198
170044-22,Teşvikiye,Şişli,İstanbul,31.250.000 TL,165,150,3 + 1,2.0,5 Katlı,3. Kat,6 Yaşında,Kombi,Eşyalı Değil,Boş,Yabancıdan,,,https://www.hepsiemlak.com/istanbul-sisli-tesvikiye-satilik/daire/170044-22
72595-3403,Ardıçlı,Esenyurt,İstanbul,4.350.000 TL,105,90,2 + 1,1.0,4 Katlı,2. Kat,Sıfır Bina,Kombi,Eşyalı Değil,Boş,Yabancıdan,"Güney, Doğu, Batı",,https://www.hepsiemlak.com/istanbul-esenyurt-ardicli-satilik/daire/72595-3403
72595-3406,Zafer,Esenyurt,İstanbul,1.499.000 TL,75,45,1 + 0,1.0,5 Katlı,3. Kat,6 Yaşında,Kombi,Eşyalı Değil,Boş,Yabancıdan,Güney,300 TL,https://www.hepsiemlak.com/istanbul-esenyurt-zafer-satilik/daire/72595-3406
72595-3397,Bahçeşehir 2. Kısım,Başakşehir,İstanbul,4.400.000 TL,105,90,2 + 1,2.0,4 Katlı,1. Kat,4 Yaşında,Kombi,Eşyalı Değil,Boş,Yabancıdan,"Güney, Batı",,https://www.hepsiemlak.com/istanbul-basaksehir-bahcesehir-2-kisim-satilik/daire/72595-3397
35277-11568,Mevlanakapı,Fatih,İstanbul,4.550.000 TL,95,90,2 + 1,1.0,4 Katlı,2. Kat,40 Yaşında,Kombi,Eşyalı Değil,Mülk Sahibi,Kat Mülkiyeti,,,https://www.hepsiemlak.com/istanbul-fatih-mevlanakapi-satilik/daire/35277-11568
35277-11597,Mevlanakapı,Fatih,İstanbul,5.300.000 TL,85,80,2 + 1,1.0,2 Katlı,2. Kat,40 Yaşında,Kombi,Eşyalı Değil,Mülk Sahibi,Kat İrtifakı,,,https://www.hepsiemlak.com/istanbul-fatih-mevlanakapi-satilik/daire/35277-11597
35277-11603,Silahtarağa,Eyüpsultan,İstanbul,5.300.000 TL,105,100,3 + 1,1.0,4 Katlı,Ara Kat,9 Yaşında,Kombi,Eşyalı Değil,Kiracılı,Kat Mülkiyeti,,,https://www.hepsiemlak.com/istanbul-eyupsultan-silahtaraga-satilik/daire/35277-11603
35277-11548,Silivrikapı,Fatih,İstanbul,3.850.000 TL,70,65,2 + 1,1.0,4 Katlı,3. Kat,40 Yaşında,Kombi,Eşyalı Değil,Kiracılı,Kat Mülkiyeti,,,https://www.hepsiemlak.com/istanbul-fatih-silivrikapi-satilik/daire/35277-11548
35277-11648,Şehremini,Fatih,İstanbul,2.450.000 TL,70,65,1 + 1,1.0,4 Katlı,Giriş Katı,40 Yaşında,Kombi,Eşyalı Değil,Kiracılı,Kat Mülkiyeti,,,https://www.hepsiemlak.com/istanbul-fatih-sehremini-satilik/daire/35277-11648
35277-11676,Silivrikapı,Fatih,İstanbul,3.500.000 TL,70,65,2 + 1,1.0,4 Katlı,Giriş Katı,50 Yaşında,Kombi,Eşyalı Değil,Mülk Sahibi,Kat Mülkiyeti,,,https://www.hepsiemlak.com/istanbul-fatih-silivrikapi-satilik/daire/35277-11676
35277-11607,Koca Mustafapaşa,Fatih,İstanbul,4.500.000 TL,85,70,1 + 1,1.0,4 Katlı,Ara Kat,40 Yaşında,Kombi,Eşyalı Değil,Mülk Sahibi,Kat Mülkiyeti,,,https://www.hepsiemlak.com/istanbul-fatih-koca-mustafapasa-satilik/daire/35277-11607
35277-11688,Koca Mustafapaşa,Fatih,İstanbul,7.200.000 TL,285,255,7 + 4,4.0,4 Katlı,,40 Yaşında,Doğalgaz Sobası,Eşyalı Değil,Kiracılı,Kat Mülkiyeti,,,https://www.hepsiemlak.com/istanbul-fatih-koca-mustafapasa-satilik/bina/35277-11688
35277-11682,Seyyid Ömer,Fatih,İstanbul,8.500.000 TL,130,120,3 + 1,1.0,4 Katlı,4. Kat,40 Yaşında,Kombi,Eşyalı Değil,Kiracılı,Kat İrtifakı,,,https://www.hepsiemlak.com/istanbul-fatih-seyyid-omer-satilik/daire/35277-11682
40658-22481,Eskişehir,Şişli,İstanbul,6.900.000 TL,85,75,2 + 1,1.0,5 Katlı,1. Kat,12 Yaşında,Kombi,Eşyalı Değil,Kiracılı,Kat Mülkiyeti,Güney,,https://www.hepsiemlak.com/istanbul-sisli-eskisehir-satilik/daire/40658-22481
121912-1372,Pınar,Esenyurt,İstanbul,2.799.000 TL,95,90,2 + 1,1.0,4 Katlı,2. Kat,10 Yaşında,Kombi,Eşyalı Değil,Boş,Kat Mülkiyeti,Güney,,https://www.hepsiemlak.com/istanbul-esenyurt-pinar-satilik/daire/121912-1372
104770-7633,Beylikdüzü OSB,Beylikdüzü,İstanbul,1.750.000 TL,145,135,3 + 1,1.0,6 Katlı,1. Kat,1 Yaşında,Kombi,Eşyalı Değil,Boş,Kat Mülkiyeti,"Güney, Doğu",,https://www.hepsiemlak.com/istanbul-beylikduzu-beylikduzu-osb-satilik/daire/104770-7633
114218-3390,Bahçelievler,Bahçelievler,İstanbul,18.400.000 TL,140,94,2 + 1,2.0,13 Katlı,12. Kat,2 Yaşında,Yerden Isıtma,Eşyalı Değil,Boş,Kat Mülkiyeti,Güney,,https://www.hepsiemlak.com/istanbul-bahcelievler-bahcelievler-satilik/daire/114218-3390
114218-3244,Kazlıçeşme,Zeytinburnu,İstanbul,43.000.000 TL,260,220,4 + 1,2.0,25 Katlı,21 ve üzeri,8 Yaşında,Yerden Isıtma,Eşyalı Değil,Boş,Kat Mülkiyeti,Güney,,https://www.hepsiemlak.com/istanbul-zeytinburnu-kazlicesme-satilik/daire/114218-3244
85558-115,Yalıköy,Beykoz,İstanbul,120.000.000 TL,400,200,2 + 1,3.0,5 Katlı,,38 Yaşında,Kombi,Eşyalı Değil,Mülk Sahibi,Kat Mülkiyeti,"Güney, Doğu, Batı",,https://www.hepsiemlak.com/istanbul-beykoz-yalikoy-satilik/yali/85558-115
125563-2320,Zekeriyaköy,Sarıyer,İstanbul,19.250.000 TL,121,85,2 + 1,2.0,2 Katlı,1. Kat,5 Yaşında,Merkezi (Pay Öl...,Eşyalı Değil,Kiracılı,Kat Mülkiyeti,,7.000 TL,https://www.hepsiemlak.com/istanbul-sariyer-zekeriyakoy-satilik/daire/125563-2320
75964-3185,Bahçeşehir 2. Kısım,Başakşehir,İstanbul,3.240.000 TL,110,100,3 + 1,1.0,4 Katlı,Yüksek Giriş,6 Yaşında,Kombi,Eşyalı Değil,Boş,Yabancıdan,Doğu,,https://www.hepsiemlak.com/istanbul-basaksehir-bahcesehir-2-kisim-satilik/daire/75964-3185
75964-3176,Bahçeşehir 2. Kısım,Başakşehir,İstanbul,5.740.000 TL,130,120,3 + 1,1.0,4 Katlı,1. Kat,Sıfır Bina,Kombi,Eşyalı Değil,Boş,Yabancıdan,"Güney, Doğu",,https://www.hepsiemlak.com/istanbul-basaksehir-bahcesehir-2-kisim-satilik/daire/75964-3176
72595-3444,Bahçeşehir 2. Kısım,Başakşehir,İstanbul,2.100.000 TL,100,80,2 + 1,1.0,5 Katlı,Bahçe Katı,10 Yaşında,Kombi,Eşyalı Değil,Kiracılı,Yabancıdan,Güney,250 TL,https://www.hepsiemlak.com/istanbul-basaksehir-bahcesehir-2-kisim-satilik/daire/72595-3444
72595-3431,Ardıçlı,Esenyurt,İstanbul,1.800.000 TL,110,90,2 + 1,1.0,5 Katlı,Giriş Katı,5 Yaşında,Kombi,Eşyalı Değil,Boş,Kat Mülkiyeti,"Güney, Doğu, Batı",,https://www.hepsiemlak.com/istanbul-esenyurt-ardicli-satilik/daire/72595-3431
135098-544,Bahçelievler,Üsküdar,İstanbul,19.000.000 TL,165,145,3 + 1,3.0,4 Katlı,4. Kat,Sıfır Bina,Kombi,Eşyalı Değil,Boş,Kat İrtifakı,"Kuzey, Güney, Doğu, Batı",,https://www.hepsiemlak.com/istanbul-uskudar-bahcelievler-satilik/daire/135098-544
3990-3560,Altıntepe,Maltepe,İstanbul,14.750.000 TL,150,138,3 + 1,2.0,4 Katlı,4. Kat,5 Yaşında,Merkezi (Pay Öl...,Eşyalı Değil,Mülk Sahibi,Kat Mülkiyeti,"Kuzey, Doğu",,https://www.hepsiemlak.com/istanbul-maltepe-altintepe-satilik/daire/3990-3560
3990-3667,İdealtepe,Maltepe,İstanbul,26.000.000 TL,205,175,4 + 1,2.0,4 Katlı,4. Kat,10 Yaşında,Kombi,Eşyalı Değil,Boş,Kat Mülkiyeti,Güney,,https://www.hepsiemlak.com/istanbul-maltepe-idealtepe-satilik/daire/3990-3667
122463-2529,Caddebostan,Kadıköy,İstanbul,20.950.000 TL,155,120,3 + 1,2.0,8 Katlı,5. Kat,21 Yaşında,Kombi,Eşyalı Değil,Boş,Kat Mülkiyeti,Güney,,https://www.hepsiemlak.com/istanbul-kadikoy-caddebostan-satilik/daire/122463-2529
122463-2458,Erenköy,Kadıköy,İstanbul,26.950.000 TL,225,175,4 + 1,3.0,10 Katlı,10. Kat,6 Yaşında,Kombi,Eşyalı Değil,Mülk Sahibi,Kat Mülkiyeti,"Güney, Doğu, Batı",,https://www.hepsiemlak.com/istanbul-kadikoy-erenkoy-satilik/daire/122463-2458
147709-91,Birlik,Esenler,İstanbul,4.700.000 TL,85,75,2 + 1,1.0,5 Katlı,Yüksek Giriş,12 Yaşında,Kombi,,Kiracılı,Kat İrtifakı,,,https://www.hepsiemlak.com/istanbul-esenler-birlik-satilik/daire/147709-91
5187-1917,Fenerbahçe,Kadıköy,İstanbul,23.500.000 TL,125,85,2 + 1,2.0,4 Katlı,Bahçe Katı,Sıfır Bina,Yerden Isıtma,Eşyalı Değil,Boş,Kat Mülkiyeti,"Güney, Doğu",,https://www.hepsiemlak.com/istanbul-kadikoy-fenerbahce-satilik/daire/5187-1917
5187-1918,Fenerbahçe,Kadıköy,İstanbul,28.500.000 TL,96,75,2 + 1,1.0,4 Katlı,1. Kat,16 Yaşında,Kombi,Eşyalı Değil,Boş,Kat Mülkiyeti,"Güney, Doğu",3.000 TL,https://www.hepsiemlak.com/istanbul-kadikoy-fenerbahce-satilik/daire/5187-1918
150247-666,Altıntepe,Maltepe,İstanbul,11.200.000 TL,149,119,3 + 1,3.0,12 Katlı,6. Kat,26 Yaşında,Kombi,Eşyalı Değil,Kiracılı,Kat Mülkiyeti,"Güney, Doğu, Batı",,https://www.hepsiemlak.com/istanbul-maltepe-altintepe-satilik/daire/150247-666
144076-107,Abdurrahmangazi,Sancaktepe,İstanbul,4.995.000 TL,83,80,2 + 1,1.0,4 Katlı,1. Kat,Sıfır Bina,Kombi,Eşyalı Değil,Boş,Kat Mülkiyeti,"Güney, Doğu",300 TL,https://www.hepsiemlak.com/istanbul-sancaktepe-abdurrahmangazi-satilik/daire/144076-107
144076-151,Mimar Sinan,Çekmeköy,İstanbul,6.055.000 TL,85,80,2 + 1,1.0,3 Katlı,1. Kat,3 Yaşında,Kombi,Eşyalı Değil,Mülk Sahibi,Kat Mülkiyeti,"Güney, Doğu",250 TL,https://www.hepsiemlak.com/istanbul-cekmekoy-mimar-sinan-satilik/daire/144076-151
1077-67466,Göztepe,Kadıköy,İstanbul,16.800.000 TL,75,55,2 + 1,1.0,15 Katlı,10. Kat,Sıfır Bina,Merkezi (Pay Öl...,Eşyalı Değil,Boş,Kat Mülkiyeti,,,https://www.hepsiemlak.com/istanbul-kadikoy-goztepe-satilik/daire/1077-67466
3990-3577,Altayçeşme,Maltepe,İstanbul,14.500.000 TL,127,92,2 + 1,1.0,20 Katlı,14. Kat,6 Yaşında,Yerden Isıtma,Eşyalı Değil,Mülk Sahibi,Kat Mülkiyeti,"Güney, Batı",5.000 TL,https://www.hepsiemlak.com/istanbul-maltepe-altaycesme-satilik/daire/3990-3577
3990-3550,Küçükyalı,Maltepe,İstanbul,13.450.000 TL,155,135,4 + 1,2.0,4 Katlı,4. Kat,6 Yaşında,Kombi,Eşyalı Değil,Mülk Sahibi,Kat Mülkiyeti,"Güney, Batı",,https://www.hepsiemlak.com/istanbul-maltepe-kucukyali-satilik/daire/3990-3550
3990-3640,Altıntepe,Maltepe,İstanbul,10.690.000 TL,115,95,3 + 1,1.0,4 Katlı,2. Kat,6 Yaşında,Kombi,Eşyalı Değil,Mülk Sahibi,Kat Mülkiyeti,"Güney, Batı",,https://www.hepsiemlak.com/istanbul-maltepe-altintepe-satilik/daire/3990-3640
145390-932,Feneryolu,Kadıköy,İstanbul,23.950.000 TL,120,95,3 + 1,2.0,10 Katlı,2. Kat,Sıfır Bina,Kombi,Eşyalı Değil,Boş,Kat İrtifakı,"Güney, Batı",,https://www.hepsiemlak.com/istanbul-kadikoy-feneryolu-satilik/daire/145390-932
104770-7306,Cumhuriyet,Beylikdüzü,İstanbul,925.000 TL,85,75,1 + 1,1.0,6 Katlı,2. Kat,Sıfır Bina,Kombi,Eşyalı Değil,Boş,Kat Mülkiyeti,"Güney, Doğu",,https://www.hepsiemlak.com/istanbul-beylikduzu-cumhuriyet-satilik/daire/104770-7306
104770-7464,Beylikdüzü OSB,Beylikdüzü,İstanbul,2.000.000 TL,160,150,3 + 1,1.0,7 Katlı,4. Kat,4 Yaşında,Kombi,Eşyalı Değil,Boş,Kat Mülkiyeti,"Güney, Doğu",,https://www.hepsiemlak.com/istanbul-beylikduzu-beylikduzu-osb-satilik/daire/104770-7464
75964-3274,Üçevler,Esenyurt,İstanbul,3.250.000 TL,120,100,2 + 1,1.0,4 Katlı,1. Kat,9 Yaşında,Kombi,Eşyalı Değil,Boş,Yabancıdan,"Güney, Doğu",250 TL,https://www.hepsiemlak.com/istanbul-esenyurt-ucevler-satilik/daire/75964-3274
87449-4034,Göztepe,Kadıköy,İstanbul,17.950.000 TL,95,75,2 + 1,2.0,8 Katlı,1. Kat,Sıfır Bina,Kombi,Eşyalı Değil,Boş,Kat İrtifakı,Doğu,,https://www.hepsiemlak.com/istanbul-kadikoy-goztepe-satilik/daire/87449-4034
87449-4009,Zühtüpaşa,Kadıköy,İstanbul,10.250.000 TL,65,47,1 + 1,1.0,6 Katlı,Bahçe Katı,5 Yaşında,Kombi,Eşyalı Değil,Mülk Sahibi,Kat Mülkiyeti,"Kuzey, Batı",,https://www.hepsiemlak.com/istanbul-kadikoy-zuhtupasa-satilik/daire/87449-4009
54389-3036,Ekşioğlu,Çekmeköy,İstanbul,5.620.000 TL,100,80,2 + 1,1.0,4 Katlı,4. Kat,Sıfır Bina,Kombi,Eşyalı Değil,Boş,Kat İrtifakı,"Güney, Doğu",,https://www.hepsiemlak.com/istanbul-cekmekoy-eksioglu-satilik/daire/54389-3036
54389-3037,Abdurrahmangazi,Sancaktepe,İstanbul,5.420.000 TL,100,85,2 + 1,2.0,4 Katlı,1. Kat,11 Yaşında,Kombi,Eşyalı Değil,Mülk Sahibi,Kat Mülkiyeti,"Güney, Doğu",250 TL,https://www.hepsiemlak.com/istanbul-sancaktepe-abdurrahmangazi-satilik/daire/54389-3037
4744-12304,İdealtepe,Maltepe,İstanbul,9.600.000 TL,70,65,1 + 1,1.0,5 Katlı,1. Kat,13 Yaşında,Merkezi (Pay Öl...,Eşyalı Değil,Mülk Sahibi,Kat İrtifakı,Doğu,2.000 TL,https://www.hepsiemlak.com/istanbul-maltepe-idealtepe-satilik/daire/4744-12304
129388-286,Yalıköy,Beykoz,İstanbul,120.000.000 TL,340,275,16 + 7,7.0,4 Katlı,,35 Yaşında,Kombi,Eşyalı Değil,Kiracılı,Hisseli Tapu,"Kuzey, Güney, Doğu, Batı",,https://www.hepsiemlak.com/istanbul-beykoz-yalikoy-satilik/mustakil-ev/129388-286
44424-3123,Hürriyet,Kağıthane,İstanbul,5.130.000 TL,82,76,2 + 1,1.0,6 Katlı,3. Kat,5 Yaşında,Kombi,Eşyalı Değil,Boş,Kat Mülkiyeti,Güney,,https://www.hepsiemlak.com/istanbul-kagithane-hurriyet-satilik/daire/44424-3123
151807-92,Cumhuriyet,Beylikdüzü,İstanbul,2.852.000 TL,125,110,2 + 1,1.0,12 Katlı,8. Kat,6 Yaşında,Kombi,Eşyalı Değil,Boş,Yabancıdan,"Kuzey, Güney, Doğu, Batı",675 TL,https://www.hepsiemlak.com/istanbul-beylikduzu-cumhuriyet-satilik/daire/151807-92
151807-82,Barış,Beylikdüzü,İstanbul,3.725.000 TL,140,125,3 + 1,2.0,12 Katlı,7. Kat,6 Yaşında,Kombi,Eşyalı Değil,Boş,Yabancıdan,"Kuzey, Güney, Doğu, Batı",500 TL,https://www.hepsiemlak.com/istanbul-beylikduzu-baris-satilik/daire/151807-82
151807-89,Kavaklı,Beylikdüzü,İstanbul,3.285.000 TL,145,125,3 + 1,2.0,7 Katlı,2. Kat,3 Yaşında,Kombi,Eşyalı Değil,Boş,Yabancıdan,"Güney, Doğu",500 TL,https://www.hepsiemlak.com/istanbul-beylikduzu-kavakli-satilik/daire/151807-89
5167-2001,Salacak,Üsküdar,İstanbul,11.900.000 TL,90,75,2 + 1,1.0,4 Katlı,2. Kat,22 Yaşında,Kombi,Eşyalı Değil,Boş,Kat İrtifakı,"Kuzey, Güney, Batı",,https://www.hepsiemlak.com/istanbul-uskudar-salacak-satilik/daire/5167-2001
147787-11,Yeşilkent,Esenyurt,İstanbul,4.150.000 TL,140,120,2 + 1,1.0,17 Katlı,1. Kat,6 Yaşında,Merkezi (Pay Öl...,Eşyalı,Kiracılı,Yabancıdan,,,https://www.hepsiemlak.com/istanbul-esenyurt-yesilkent-satilik/daire/147787-11
147787-10,Kavaklı,Beylikdüzü,İstanbul,5.500.000 TL,60,45,1 + 1,1.0,12 Katlı,9. Kat,5 Yaşında,Merkezi (Pay Öl...,Eşyalı,Boş,Yabancıdan,,,https://www.hepsiemlak.com/istanbul-beylikduzu-kavakli-satilik/daire/147787-10
122463-2460,Erenköy,Kadıköy,İstanbul,26.950.000 TL,225,175,4 + 1,1.0,10 Katlı,10. Kat,10 Yaşında,Kombi,Eşyalı Değil,Mülk Sahibi,Kat Mülkiyeti,"Güney, Doğu",,https://www.hepsiemlak.com/istanbul-kadikoy-erenkoy-satilik/daire/122463-2460
122463-2531,Göztepe,Kadıköy,İstanbul,25.000.000 TL,160,120,3 + 1,2.0,6 Katlı,4. Kat,Sıfır Bina,Kombi,Eşyalı Değil,Boş,Kat Mülkiyeti,Güney,,https://www.hepsiemlak.com/istanbul-kadikoy-goztepe-satilik/daire/122463-2531
122463-2541,Göztepe,Kadıköy,İstanbul,22.950.000 TL,135,98,3 + 1,2.0,7 Katlı,2. Kat,5 Yaşında,Kombi,Eşyalı Değil,Boş,Kat Mülkiyeti,Güney,,https://www.hepsiemlak.com/istanbul-kadikoy-goztepe-satilik/daire/122463-2541
135253-928,Caddebostan,Kadıköy,İstanbul,44.950.000 TL,175,130,4 + 1,2.0,14 Katlı,12. Kat,5 Yaşında,Merkezi (Pay Öl...,Eşyalı Değil,Boş,Dernekten/Vakıf...,Güney,,https://www.hepsiemlak.com/istanbul-kadikoy-caddebostan-satilik/daire/135253-928
170145-3,Turgut Özal,Esenyurt,İstanbul,3.650.000 TL,110,98,2 + 1,1.0,5 Katlı,1. Kat,5 Yaşında,Kombi,Eşyalı Değil,Mülk Sahibi,Kat Mülkiyeti,"Güney, Batı",,https://www.hepsiemlak.com/istanbul-esenyurt-turgut-ozal-satilik/daire/170145-3
53749-278,Şirinevler,Bahçelievler,İstanbul,3.000.000 TL,85,75,2 + 1,1.0,5 Katlı,4. Kat,31 Yaşında,Kombi,,Kiracılı,Kat İrtifakı,,,https://www.hepsiemlak.com/istanbul-bahcelievler-sirinevler-satilik/daire/53749-278
69330-157,Güneştepe,Güngören,İstanbul,3.750.000 TL,85,80,2 + 1,1.0,4 Katlı,Bahçe Katı,16 Yaşında,Kombi,Eşyalı Değil,Kiracılı,Kat İrtifakı,Güney,,https://www.hepsiemlak.com/istanbul-gungoren-gunestepe-satilik/daire/69330-157
69330-158,Mareşal Çakmak,Güngören,İstanbul,3.500.000 TL,95,90,2 + 1,1.0,4 Katlı,4. Kat,31 Yaşında,Kombi,Eşyalı Değil,Boş,Kat İrtifakı,Güney,,https://www.hepsiemlak.com/istanbul-gungoren-maresal-cakmak-satilik/daire/69330-158
69330-154,Mareşal Çakmak,Güngören,İstanbul,2.500.000 TL,95,85,2 + 1,1.0,5 Katlı,5. Kat,31 Yaşında,Kombi,Eşyalı Değil,Kiracılı,Hisseli Tapu,Güney,,https://www.hepsiemlak.com/istanbul-gungoren-maresal-cakmak-satilik/daire/69330-154
169047-4,Merkez,Güngören,İstanbul,7.150.000 TL,95,85,2 + 1,1.0,4 Katlı,3. Kat,2 Yaşında,Kombi,Eşyalı Değil,Kiracılı,Kat Mülkiyeti,Güney,,https://www.hepsiemlak.com/istanbul-gungoren-merkez-satilik/daire/169047-4
169047-1,Güneştepe,Güngören,İstanbul,2.700.000 TL,70,60,2 + 1,1.0,4 Katlı,4. Kat,31 Yaşında,Kombi,Eşyalı Değil,Kiracılı,Arsa,Güney,,https://www.hepsiemlak.com/istanbul-gungoren-gunestepe-satilik/daire/169047-1
169100-10,Merkez,Bağcılar,İstanbul,2.200.000 TL,75,70,1 + 1,1.0,4 Katlı,Giriş Katı,26 Yaşında,Kombi,,Kiracılı,Arsa,,,https://www.hepsiemlak.com/istanbul-bagcilar-merkez-satilik/daire/169100-10
169100-6,Mareşal Çakmak,Güngören,İstanbul,2.440.000 TL,75,70,1 + 1,1.0,5 Katlı,Giriş Katı,31 Yaşında,Kombi,,Mülk Sahibi,Kat İrtifakı,,,https://www.hepsiemlak.com/istanbul-gungoren-maresal-cakmak-satilik/daire/169100-6
169100-11,Güneştepe,Güngören,İstanbul,2.800.000 TL,85,80,2 + 1,1.0,5 Katlı,5. Kat,31 Yaşında,Kombi,Eşyalı Değil,Kiracılı,Hisseli Tapu,,,https://www.hepsiemlak.com/istanbul-gungoren-gunestepe-satilik/daire/169100-11
126649-30,Esenler,Pendik,İstanbul,3.580.000 TL,120,105,3 + 1,2.0,4 Katlı,3. Kat,21 Yaşında,Kombi,Eşyalı Değil,Mülk Sahibi,Arsa,"Güney, Doğu",,https://www.hepsiemlak.com/istanbul-pendik-esenler-satilik/daire/126649-30
3413-3584,Zümrütevler,Maltepe,İstanbul,13.900.000 TL,110,95,2 + 1,2.0,13 Katlı,4. Kat,5 Yaşında,Merkezi (Pay Öl...,Eşyalı Değil,Boş,Kat Mülkiyeti,Güney,1 TL,https://www.hepsiemlak.com/istanbul-maltepe-zumrutevler-satilik/daire/3413-3584
2501-2052,Fenerbahçe,Kadıköy,İstanbul,43.000.000 TL,155,125,3 + 1,2.0,7 Katlı,3. Kat,Sıfır Bina,Kombi,Eşyalı Değil,Boş,Kat Mülkiyeti,Güney,,https://www.hepsiemlak.com/istanbul-kadikoy-fenerbahce-satilik/daire/2501-2052
34400-5345,Kuzguncuk,Üsküdar,İstanbul,1.250.000.000 TL,1900,1100,7 + 2,6.0,3 Katlı,,21 Yaşında,Kombi,Eşyalı Değil,Mülk Sahibi,Kat İrtifakı,"Kuzey, Güney, Doğu, Batı",,https://www.hepsiemlak.com/istanbul-uskudar-kuzguncuk-satilik/villa/34400-5345
29795-4965,Maden,Sarıyer,İstanbul,17.000.000 TL,220,200,3 + 1,2.0,4 Katlı,Villa Katı,9 Yaşında,Kombi,Eşyalı Değil,Kiracılı,Kat Mülkiyeti,"Güney, Doğu, Batı",2.000 TL,https://www.hepsiemlak.com/istanbul-sariyer-maden-satilik/daire/29795-4965
116390-158,Zeynep Kamil,Üsküdar,İstanbul,7.100.000 TL,90,80,2 + 1,1.0,5 Katlı,2. Kat,35 Yaşında,Kombi,Eşyalı Değil,Kiracılı,Kat İrtifakı,"Kuzey, Güney",,https://www.hepsiemlak.com/istanbul-uskudar-zeynep-kamil-satilik/daire/116390-158
166705-83,Zafer,Bahçelievler,İstanbul,7.590.000 TL,102,90,2 + 1,1.0,5 Katlı,4. Kat,Sıfır Bina,Kombi,Eşyalı Değil,Boş,Kat Mülkiyeti,Güney,1.000 TL,https://www.hepsiemlak.com/istanbul-bahcelievler-zafer-satilik/daire/166705-83
154574-70,Bahçeşehir 2. Kısım,Başakşehir,İstanbul,10.900.000 TL,200,145,3 + 1,2.0,4 Katlı,2. Kat,20 Yaşında,Kombi,Eşyalı,Boş,Kat Mülkiyeti,Güney,1.600 TL,https://www.hepsiemlak.com/istanbul-basaksehir-bahcesehir-2-kisim-satilik/daire/154574-70
162101-75,Zübeyde Hanım,Sultangazi,İstanbul,3.990.000 TL,95,90,2 + 1,1.0,5 Katlı,2. Kat,26 Yaşında,Kombi,Eşyalı Değil,Kiracılı,Kat İrtifakı,Güney,,https://www.hepsiemlak.com/istanbul-sultangazi-zubeyde-hanim-satilik/daire/162101-75
162101-67,Yunus Emre,Sultangazi,İstanbul,4.250.000 TL,110,95,2 + 1,1.0,5 Katlı,4. Kat,21 Yaşında,Kombi,Eşyalı Değil,Mülk Sahibi,Kat İrtifakı,Güney,,https://www.hepsiemlak.com/istanbul-sultangazi-yunus-emre-satilik/daire/162101-67
118239-14747,Şirintepe,Kağıthane,İstanbul,3.500.000 TL,50,49,1 + 1,1.0,4 Katlı,2. Kat,15 Yaşında,Kombi,,Mülk Sahibi,Kat İrtifakı,"Güney, Doğu",,https://www.hepsiemlak.com/istanbul-kagithane-sirintepe-satilik/daire/118239-14747
147960-56,Sinanoba,Büyükçekmece,İstanbul,26.950.000 TL,280,240,4 + 1,2.0,5 Katlı,4. Kat,11 Yaşında,Kombi,Eşyalı Değil,Boş,Yabancıdan,"Güney, Doğu, Batı",11.122 TL,https://www.hepsiemlak.com/istanbul-buyukcekmece-sinanoba-satilik/daire/147960-56
147960-113,Mimaroba,Büyükçekmece,İstanbul,17.400.000 TL,190,170,3 + 1,2.0,7 Katlı,3. Kat,5 Yaşında,Kombi,Eşyalı Değil,Boş,Yabancıdan,Doğu,,https://www.hepsiemlak.com/istanbul-buyukcekmece-mimaroba-satilik/daire/147960-113
147960-11,Ekinoba,Büyükçekmece,İstanbul,9.600.000 TL,246,186,4 + 1,2.0,5 Katlı,5. Kat,11 Yaşında,Merkezi (Pay Öl...,Eşyalı Değil,Boş,Yabancıdan,Batı,,https://www.hepsiemlak.com/istanbul-buyukcekmece-ekinoba-satilik/daire/147960-11
169941-13,Mimaroba,Büyükçekmece,İstanbul,9.000.000 TL,150,125,3 + 1,2.0,9 Katlı,3. Kat,16 Yaşında,Kombi,Eşyalı Değil,Kiracılı,Kat Mülkiyeti,"Kuzey, Batı",5.900 TL,https://www.hepsiemlak.com/istanbul-buyukcekmece-mimaroba-satilik/daire/169941-13
159844-50,Esentepe,Kartal,İstanbul,7.300.000 TL,95,75,2 + 1,1.0,5 Katlı,3. Kat,14 Yaşında,Kombi,Eşyalı Değil,Mülk Sahibi,Kat Mülkiyeti,"Kuzey, Güney, Batı",600 TL,https://www.hepsiemlak.com/istanbul-kartal-esentepe-satilik/daire/159844-50
136685-3339,Battalgazi,Sultanbeyli,İstanbul,6.950.000 TL,105,85,2 + 1,1.0,7 Katlı,2. Kat,11 Yaşında,Kombi,Eşyalı Değil,Mülk Sahibi,Kat Mülkiyeti,"Güney, Batı",2.600 TL,https://www.hepsiemlak.com/istanbul-sultanbeyli-battalgazi-satilik/daire/136685-3339
151301-804,15 Temmuz,Bağcılar,İstanbul,6.150.000 TL,95,85,2 + 1,1.0,3 Katlı,2. Kat,6 Yaşında,Kombi,Eşyalı,Boş,Kat Mülkiyeti,"Güney, Doğu, Batı",,https://www.hepsiemlak.com/istanbul-bagcilar-15-temmuz-satilik/daire/151301-804
167496-7,Karadeniz,Gaziosmanpaşa,İstanbul,3.850.000 TL,110,100,2 + 1,1.0,5 Katlı,1. Kat,31 Yaşında,Kombi,Eşyalı Değil,Kiracılı,Hisseli Tapu,Doğu,300 TL,https://www.hepsiemlak.com/istanbul-gaziosmanpasa-karadeniz-satilik/daire/167496-7
160819-43,Pınartepe,Büyükçekmece,İstanbul,6.850.000 TL,125,115,2 + 1,1.0,5 Katlı,1. Kat,6 Yaşında,Merkezi (Pay Öl...,Eşyalı Değil,Boş,Kat Mülkiyeti,"Kuzey, Doğu, Batı",3.000 TL,https://www.hepsiemlak.com/istanbul-buyukcekmece-pinartepe-satilik/daire/160819-43
160819-39,Pınartepe,Büyükçekmece,İstanbul,6.700.000 TL,155,145,3 + 1,2.0,5 Katlı,2. Kat,6 Yaşında,Merkezi (Pay Öl...,Eşyalı Değil,Boş,Kat Mülkiyeti,"Kuzey, Güney, Batı",3.000 TL,https://www.hepsiemlak.com/istanbul-buyukcekmece-pinartepe-satilik/daire/160819-39
160819-38,Ekinoba,Büyükçekmece,İstanbul,5.350.000 TL,155,145,3 + 1,2.0,7 Katlı,2. Kat,21 Yaşında,Kombi,Eşyalı Değil,Boş,Kat Mülkiyeti,"Kuzey, Güney, Batı",2.500 TL,https://www.hepsiemlak.com/istanbul-buyukcekmece-ekinoba-satilik/daire/160819-38
137450-727,Orhan Gazi,Esenyurt,İstanbul,2.900.000 TL,90,76,2 + 1,1.0,5 Katlı,Yüksek Giriş,8 Yaşında,Kombi,Eşyalı,Boş,Kat Mülkiyeti,"Güney, Doğu",100 TL,https://www.hepsiemlak.com/istanbul-esenyurt-orhan-gazi-satilik/daire/137450-727
65704-9011,Valide-i Atik,Üsküdar,İstanbul,4.000.000 TL,80,69,2 + 1,1.0,5 Katlı,Giriş Katı,30 Yaşında,Kombi,Eşyalı Değil,Kiracılı,Arsa,Güney,200 TL,https://www.hepsiemlak.com/istanbul-uskudar-valide-i-atik-satilik/daire/65704-9011
65704-9009,Zeynep Kamil,Üsküdar,İstanbul,4.650.000 TL,90,80,2 + 1,1.0,5 Katlı,4. Kat,37 Yaşında,Kombi,Eşyalı Değil,Kiracılı,Kat Mülkiyeti,Güney,200 TL,https://www.hepsiemlak.com/istanbul-uskudar-zeynep-kamil-satilik/daire/65704-9009
65704-8998,Valide-i Atik,Üsküdar,İstanbul,6.500.000 TL,100,90,3 + 1,1.0,4 Katlı,3. Kat,37 Yaşında,Kombi,Eşyalı Değil,Mülk Sahibi,Kat Mülkiyeti,Güney,,https://www.hepsiemlak.com/istanbul-uskudar-valide-i-atik-satilik/daire/65704-8998
4355-136848,Postane,Tuzla,İstanbul,40.000.000 TL,250,225,5 + 1,2.0,3 Katlı,,30 Yaşında,Yerden Isıtma,Eşyalı Değil,Boş,Kat Mülkiyeti,"Kuzey, Güney, Doğu, Batı",1 TL,https://www.hepsiemlak.com/istanbul-tuzla-postane-satilik/villa/4355-136848
4355-136797,Göztepe,Kadıköy,İstanbul,23.000.000 TL,135,110,3 + 1,2.0,7 Katlı,5. Kat,15 Yaşında,Kombi,Eşyalı Değil,Kiracılı,Kat Mülkiyeti,"Güney, Doğu",3.750 TL,https://www.hepsiemlak.com/istanbul-kadikoy-goztepe-satilik/daire/4355-136797
4355-136741,Fulya,Şişli,İstanbul,15.500.000 TL,160,140,3 + 1,1.0,6 Katlı,2. Kat,31 Yaşında,Kombi,Eşyalı Değil,Kiracılı,Kat Mülkiyeti,"Güney, Doğu",1.500 TL,https://www.hepsiemlak.com/istanbul-sisli-fulya-satilik/daire/4355-136741
4355-136906,Caferağa,Kadıköy,İstanbul,15.250.000 TL,120,105,3 + 1,1.0,4 Katlı,4. Kat,35 Yaşında,Kombi,Eşyalı Değil,Boş,Kat Mülkiyeti,Güney,1.500 TL,https://www.hepsiemlak.com/istanbul-kadikoy-caferaga-satilik/daire/4355-136906
4355-136702,Caferağa,Kadıköy,İstanbul,12.500.000 TL,139,110,3 + 1,1.0,4 Katlı,4. Kat,35 Yaşında,Kombi,Eşyalı Değil,Mülk Sahibi,Kat Mülkiyeti,"Kuzey, Güney",100 TL,https://www.hepsiemlak.com/istanbul-kadikoy-caferaga-satilik/daire/4355-136702
4355-136822,Site,Ümraniye,İstanbul,7.530.000 TL,75,65,2 + 1,1.0,13 Katlı,1. Kat,9 Yaşında,Kombi,Eşyalı Değil,Kiracılı,Kat Mülkiyeti,"Güney, Batı",3.000 TL,https://www.hepsiemlak.com/istanbul-umraniye-site-satilik/residence/4355-136822
4355-136838,Bostancı,Kadıköy,İstanbul,28.000.000 TL,180,140,4 + 1,2.0,11 Katlı,1. Kat,17 Yaşında,Kombi,Eşyalı Değil,Boş,Kat Mülkiyeti,"Kuzey, Doğu, Batı",9.500 TL,https://www.hepsiemlak.com/istanbul-kadikoy-bostanci-satilik/daire/4355-136838
159353-163,Zeynep Kamil,Üsküdar,İstanbul,7.650.000 TL,115,100,3 + 1,1.0,4 Katlı,3. Kat,31 Yaşında,Kombi,Eşyalı Değil,Boş,Kat Mülkiyeti,"Güney, Doğu",,https://www.hepsiemlak.com/istanbul-uskudar-zeynep-kamil-satilik/daire/159353-163
159353-158,Mimar Sinan,Üsküdar,İstanbul,6.550.000 TL,75,65,2 + 1,1.0,4 Katlı,Giriş Katı,2 Yaşında,Kombi,Eşyalı Değil,Boş,Kat Mülkiyeti,"Güney, Doğu",,https://www.hepsiemlak.com/istanbul-uskudar-mimar-sinan-satilik/daire/159353-158
168792-8,Esenyalı,Pendik,İstanbul,7.900.000 TL,210,200,4 + 3,2.0,4 Katlı,4. Kat,11 Yaşında,Kombi,Eşyalı Değil,Boş,Kat İrtifakı,"Güney, Doğu, Batı",,https://www.hepsiemlak.com/istanbul-pendik-esenyali-satilik/daire/168792-8
114218-3380,Siyavuşpaşa,Bahçelievler,İstanbul,7.450.000 TL,85,76,2 + 1,1.0,5 Katlı,3. Kat,2 Yaşında,Kombi,Eşyalı Değil,Boş,Kat Mülkiyeti,Güney,,https://www.hepsiemlak.com/istanbul-bahcelievler-siyavuspasa-satilik/daire/114218-3380
1202-97221,Mithatpaşa,Eyüpsultan,İstanbul,62.000.000 TL,320,280,4 + 2,5.0,4 Katlı,Bahçe Katı,11 Yaşında,Kombi,Eşyalı Değil,Mülk Sahibi,Kat Mülkiyeti,Batı,30.000 TL,https://www.hepsiemlak.com/istanbul-eyupsultan-mithatpasa-satilik/villa/1202-97221
2078-8343,Alemdağ,Çekmeköy,İstanbul,8.650.000 TL,125,110,3 + 1,2.0,5 Katlı,1. Kat,1 Yaşında,Kombi,Eşyalı Değil,Mülk Sahibi,Kat İrtifakı,"Kuzey, Doğu",1.000 TL,https://www.hepsiemlak.com/istanbul-cekmekoy-alemdag-satilik/daire/2078-8343
38443-4466,Erenköy,Kadıköy,İstanbul,22.750.000 TL,105,85,3 + 1,1.0,9 Katlı,9. Kat,3 Yaşında,Kombi,Eşyalı Değil,Mülk Sahibi,Kat Mülkiyeti,"Güney, Doğu",,https://www.hepsiemlak.com/istanbul-kadikoy-erenkoy-satilik/daire/38443-4466
159749-78,Namık Kemal,Esenyurt,İstanbul,3.970.000 TL,95,85,2 + 1,1.0,5 Katlı,3. Kat,9 Yaşında,Kombi,,,Kat İrtifakı,,,https://www.hepsiemlak.com/istanbul-esenyurt-namik-kemal-satilik/daire/159749-78
123596-295,Atatürk,Küçükçekmece,İstanbul,2.100.000 TL,97,90,2 + 1,1.0,6 Katlı,5. Kat,21 Yaşında,Kombi,Eşyalı Değil,Kiracılı,Arsa,,50 TL,https://www.hepsiemlak.com/istanbul-kucukcekmece-ataturk-satilik/daire/123596-295
123596-278,Atatürk,Küçükçekmece,İstanbul,2.100.000 TL,97,90,2 + 1,1.0,6 Katlı,5. Kat,21 Yaşında,Kombi,Eşyalı Değil,Kiracılı,Kat İrtifakı,,50 TL,https://www.hepsiemlak.com/istanbul-kucukcekmece-ataturk-satilik/daire/123596-278
123596-287,Altınşehir,Başakşehir,İstanbul,4.620.000 TL,99,95,2 + 1,1.0,2 Katlı,1. Kat,Sıfır Bina,Kombi,Eşyalı Değil,Boş,Tapu Yok,"Kuzey, Güney",50 TL,https://www.hepsiemlak.com/istanbul-basaksehir-altinsehir-satilik/daire/123596-287
168792-7,Güzelyalı,Pendik,İstanbul,3.500.000 TL,130,120,3 + 1,1.0,7 Katlı,6. Kat,26 Yaşında,Kombi,Eşyalı Değil,Boş,Arsa,"Güney, Doğu, Batı",,https://www.hepsiemlak.com/istanbul-pendik-guzelyali-satilik/daire/168792-7
97573-738,Cihangir,Avcılar,İstanbul,3.750.000 TL,80,75,2 + 1,1.0,2 Katlı,Yüksek Giriş,11 Yaşında,Kombi,Eşyalı Değil,Kiracılı,Kat İrtifakı,"Kuzey, Güney, Doğu, Batı",200 TL,https://www.hepsiemlak.com/istanbul-avcilar-cihangir-satilik/daire/97573-738
169873-5,Yakacık Yeni,Kartal,İstanbul,7.500.000 TL,145,110,3 + 1,1.0,3 Katlı,1. Kat,30 Yaşında,Kombi,Eşyalı Değil,Boş,Arsa,"Güney, Doğu",250 TL,https://www.hepsiemlak.com/istanbul-kartal-yakacik-yeni-satilik/daire/169873-5
170125-1,Fatih,Tuzla,İstanbul,3.400.000 TL,38,28,1 + 0,1.0,4 Katlı,3. Kat,16 Yaşında,Merkezi (Pay Öl...,Eşyalı,Boş,Kat Mülkiyeti,Doğu,5.038 TL,https://www.hepsiemlak.com/istanbul-tuzla-fatih-satilik/daire/170125-1
169873-15,Bahçelievler,Pendik,İstanbul,7.500.000 TL,116,96,2 + 1,2.0,6 Katlı,3. Kat,3 Yaşında,Kombi,Eşyalı Değil,Kiracılı,Kat Mülkiyeti,"Güney, Doğu",1.000 TL,https://www.hepsiemlak.com/istanbul-pendik-bahcelievler-satilik/daire/169873-15
162312-75,Abdurrahmangazi,Sancaktepe,İstanbul,8.500.000 TL,95,73,2 + 1,1.0,7 Katlı,2. Kat,Sıfır Bina,Merkezi (Pay Öl...,Eşyalı Değil,Boş,Kat İrtifakı,"Kuzey, Güney, Doğu",,https://www.hepsiemlak.com/istanbul-sancaktepe-abdurrahmangazi-satilik/daire/162312-75
162312-64,Taşdelen,Çekmeköy,İstanbul,9.500.000 TL,124,84,3 + 1,2.0,11 Katlı,3. Kat,Sıfır Bina,Yerden Isıtma,Eşyalı Değil,Boş,Kat Mülkiyeti,"Güney, Doğu, Batı",,https://www.hepsiemlak.com/istanbul-cekmekoy-tasdelen-satilik/daire/162312-64
162312-56,Adil,Sultanbeyli,İstanbul,5.850.000 TL,105,95,2 + 1,2.0,4 Katlı,Ara Kat,Sıfır Bina,Kombi,Eşyalı Değil,Boş,Kat Mülkiyeti,"Güney, Doğu",,https://www.hepsiemlak.com/istanbul-sultanbeyli-adil-satilik/daire/162312-56
1505-7532,Silahtarağa,Eyüpsultan,İstanbul,10.750.000 TL,170,134,2 + 1,3.0,5 Katlı,1. Kat,6 Yaşında,Merkezi (Pay Öl...,Eşyalı Değil,Boş,Kat Mülkiyeti,"Kuzey, Doğu",,https://www.hepsiemlak.com/istanbul-eyupsultan-silahtaraga-satilik/daire/1505-7532
123596-292,Karlıbayır,Arnavutköy,İstanbul,4.470.000 TL,70,65,2 + 1,1.0,4 Katlı,Yüksek Giriş,Sıfır Bina,Kombi,Eşyalı Değil,Boş,Kat Mülkiyeti,,,https://www.hepsiemlak.com/istanbul-arnavutkoy-karlibayir-satilik/daire/123596-292
161682-93,Çatalmeşe,Çekmeköy,İstanbul,6.757.000 TL,125,110,3 + 1,1.0,5 Katlı,3. Kat,6 Yaşında,Kombi,Eşyalı Değil,Mülk Sahibi,Kat Mülkiyeti,Güney,350 TL,https://www.hepsiemlak.com/istanbul-cekmekoy-catalmese-satilik/daire/161682-93
161682-148,Güngören,Çekmeköy,İstanbul,5.500.000 TL,95,80,2 + 1,2.0,5 Katlı,1. Kat,6 Yaşında,Kombi,Eşyalı Değil,Boş,Yabancıdan,Güney,400 TL,https://www.hepsiemlak.com/istanbul-cekmekoy-gungoren-satilik/daire/161682-148
134068-152,Cumhuriyet,Beylikdüzü,İstanbul,11.000.000 TL,178,146,3 + 1,2.0,8 Katlı,8. Kat,26 Yaşında,Merkezi,Eşyalı Değil,Boş,Kat Mülkiyeti,"Doğu, Batı",,https://www.hepsiemlak.com/istanbul-beylikduzu-cumhuriyet-satilik/daire/134068-152
161682-116,Kirazlıdere,Çekmeköy,İstanbul,5.597.000 TL,90,78,2 + 1,1.0,7 Katlı,7. Kat,6 Yaşında,Kombi,Eşyalı Değil,Boş,Kat Mülkiyeti,Güney,300 TL,https://www.hepsiemlak.com/istanbul-cekmekoy-kirazlidere-satilik/daire/161682-116
161682-155,Çatalmeşe,Çekmeköy,İstanbul,4.900.000 TL,120,105,3 + 1,2.0,6 Katlı,Yüksek Giriş,6 Yaşında,Kombi,Eşyalı Değil,Boş,Kat Mülkiyeti,Güney,300 TL,https://www.hepsiemlak.com/istanbul-cekmekoy-catalmese-satilik/daire/161682-155
161682-158,Merve,Sancaktepe,İstanbul,5.157.000 TL,130,120,3 + 1,2.0,3 Katlı,Yüksek Giriş,6 Yaşında,Kombi,Eşyalı Değil,Boş,Kat Mülkiyeti,Güney,300 TL,https://www.hepsiemlak.com/istanbul-sancaktepe-merve-satilik/daire/161682-158
42416-1412,Kılıçali Paşa,Beyoğlu,İstanbul,18.200.000 TL,230,140,3 + 1,3.0,5 Katlı,Kot 2,2 Yaşında,Kombi,Eşyalı Değil,Boş,Kat Mülkiyeti,"Doğu, Batı",550 TL,https://www.hepsiemlak.com/istanbul-beyoglu-kilicali-pasa-satilik/daire/42416-1412
42416-1587,Pürtelaş Hasan Efendi,Beyoğlu,İstanbul,24.900.000 TL,117,100,3 + 1,2.0,5 Katlı,Çatı Katı,6 Yaşında,Kombi,Eşyalı Değil,Boş,Kat Mülkiyeti,"Doğu, Batı",1.000 TL,https://www.hepsiemlak.com/istanbul-beyoglu-purtelas-hasan-efendi-satilik/daire/42416-1587
161981-28,Tuna,Esenler,İstanbul,8.250.000 TL,130,110,3 + 1,1.0,5 Katlı,1. Kat,Sıfır Bina,Yerden Isıtma,Eşyalı Değil,Boş,Kat Mülkiyeti,Güney,,https://www.hepsiemlak.com/istanbul-esenler-tuna-satilik/daire/161981-28
161981-24,Tuna,Esenler,İstanbul,4.250.000 TL,100,90,2 + 1,1.0,5 Katlı,Bahçe Katı,Sıfır Bina,Yerden Isıtma,Eşyalı Değil,Boş,Kat Mülkiyeti,Güney,,https://www.hepsiemlak.com/istanbul-esenler-tuna-satilik/daire/161981-24
168071-27,Atalar,Kartal,İstanbul,6.840.000 TL,90,70,2 + 1,1.0,5 Katlı,3. Kat,6 Yaşında,Kombi,Eşyalı Değil,Kiracılı,Kat Mülkiyeti,"Kuzey, Güney, Doğu, Batı",,https://www.hepsiemlak.com/istanbul-kartal-atalar-satilik/daire/168071-27
168071-76,Karlıktepe,Kartal,İstanbul,5.750.000 TL,120,95,3 + 1,1.0,6 Katlı,5. Kat,26 Yaşında,Kombi,Eşyalı Değil,Mülk Sahibi,Kat İrtifakı,"Kuzey, Güney, Doğu, Batı",,https://www.hepsiemlak.com/istanbul-kartal-karliktepe-satilik/daire/168071-76
170120-1,Bostancı,Kadıköy,İstanbul,16.950.000 TL,86,70,2 + 1,1.0,8 Katlı,2. Kat,1 Yaşında,Kombi,Eşyalı Değil,Boş,Kat İrtifakı,,1.800 TL,https://www.hepsiemlak.com/istanbul-kadikoy-bostanci-satilik/daire/170120-1
118929-535,Zümrütevler,Maltepe,İstanbul,5.425.000 TL,95,85,2 + 1,1.0,4 Katlı,2. Kat,6 Yaşında,Kombi,Eşyalı Değil,Boş,Kat Mülkiyeti,"Güney, Doğu, Batı",300 TL,https://www.hepsiemlak.com/istanbul-maltepe-zumrutevler-satilik/daire/118929-535
118929-542,Zümrütevler,Maltepe,İstanbul,3.945.000 TL,100,90,2 + 1,1.0,3 Katlı,Bahçe Katı,6 Yaşında,Kombi,Eşyalı Değil,Boş,Kat Mülkiyeti,"Güney, Doğu, Batı",250 TL,https://www.hepsiemlak.com/istanbul-maltepe-zumrutevler-satilik/daire/118929-542
118929-555,Zümrütevler,Maltepe,İstanbul,5.975.000 TL,95,85,2 + 1,1.0,5 Katlı,2. Kat,6 Yaşında,Kombi,Eşyalı Değil,Kiracılı,Yabancıdan,"Güney, Doğu, Batı",250 TL,https://www.hepsiemlak.com/istanbul-maltepe-zumrutevler-satilik/daire/118929-555
165076-149,Gazi,Sultangazi,İstanbul,5.050.000 TL,115,105,3 + 1,1.0,5 Katlı,2. Kat,21 Yaşında,Kombi,Eşyalı Değil,Mülk Sahibi,Kat İrtifakı,Güney,,https://www.hepsiemlak.com/istanbul-sultangazi-gazi-satilik/daire/165076-149
168617-2,Hacımaşlı,Arnavutköy,İstanbul,3.000.000 TL,110,95,3 + 1,2.0,4 Katlı,4. Kat,Sıfır Bina,Merkezi (Pay Öl...,,Boş,Tapu Yok,,,https://www.hepsiemlak.com/istanbul-arnavutkoy-hacimasli-satilik/daire/168617-2
136218-1274,Valide-i Atik,Üsküdar,İstanbul,5.500.000 TL,75,70,2 + 1,1.0,5 Katlı,Bahçe Katı,Sıfır Bina,Kombi,Eşyalı Değil,Boş,Kat Mülkiyeti,,,https://www.hepsiemlak.com/istanbul-uskudar-valide-i-atik-satilik/daire/136218-1274
4596-5080,Necip Fazıl,Ümraniye,İstanbul,8.700.000 TL,135,115,3 + 1,2.0,9 Katlı,5. Kat,18 Yaşında,Kombi,Eşyalı Değil,Kiracılı,Kat Mülkiyeti,"Güney, Doğu, Batı",3.000 TL,https://www.hepsiemlak.com/istanbul-umraniye-necip-fazil-satilik/daire/4596-5080
132217-697,Adnan Kahveci,Beylikdüzü,İstanbul,6.750.000 TL,160,150,3 + 1,2.0,15 Katlı,2. Kat,15 Yaşında,Kombi,Eşyalı Değil,Boş,Kat Mülkiyeti,"Kuzey, Güney, Doğu",,https://www.hepsiemlak.com/istanbul-beylikduzu-adnan-kahveci-satilik/daire/132217-697
160204-152,Tepeören,Tuzla,İstanbul,44.000.000 TL,500,400,5 + 2,6.0,3 Katlı,,11 Yaşında,Yerden Isıtma,Eşyalı Değil,Mülk Sahibi,Kat Mülkiyeti,"Kuzey, Güney, Doğu, Batı",10.000 TL,https://www.hepsiemlak.com/istanbul-tuzla-tepeoren-satilik/villa/160204-152
129481-1459,Şehremini,Fatih,İstanbul,2.300.000 TL,72,70,1 + 1,1.0,2 Katlı,Bodrum,30 Yaşında,Kombi,Eşyalı Değil,Kiracılı,Kat Mülkiyeti,,,https://www.hepsiemlak.com/istanbul-fatih-sehremini-satilik/daire/129481-1459
129481-1458,Mevlanakapı,Fatih,İstanbul,2.350.000 TL,75,70,1 + 1,1.0,3 Katlı,Yüksek Giriş,30 Yaşında,Kombi,Eşyalı Değil,Kiracılı,Kat Mülkiyeti,,,https://www.hepsiemlak.com/istanbul-fatih-mevlanakapi-satilik/daire/129481-1458
68738-427,Gümüşsuyu,Beyoğlu,İstanbul,9.900.000 TL,85,75,2 + 1,1.0,6 Katlı,1. Kat,60 Yaşında,Kombi,Eşyalı Değil,Kiracılı,Kat Mülkiyeti,Batı,1.000 TL,https://www.hepsiemlak.com/istanbul-beyoglu-gumussuyu-satilik/daire/68738-427
169864-6,Yenidoğan,Zeytinburnu,İstanbul,3.950.000 TL,75,68,2 + 1,1.0,3 Katlı,Yüksek Giriş,35 Yaşında,Kombi,Eşyalı Değil,Belirtilmemiş,Kat Mülkiyeti,,,https://www.hepsiemlak.com/istanbul-zeytinburnu-yenidogan-satilik/daire/169864-6
144780-312,Seyrantepe,Kağıthane,İstanbul,37.500.000 TL,200,150,4 + 1,2.0,9 Katlı,4. Kat,5 Yaşında,Merkezi (Pay Öl...,Eşyalı Değil,Boş,Kat Mülkiyeti,"Kuzey, Güney, Doğu, Batı",,https://www.hepsiemlak.com/istanbul-kagithane-seyrantepe-satilik/daire/144780-312
144780-259,Seyrantepe,Kağıthane,İstanbul,32.850.000 TL,218,150,4 + 1,2.0,8 Katlı,5. Kat,5 Yaşında,Merkezi (Pay Öl...,Eşyalı Değil,Boş,Kat Mülkiyeti,"Kuzey, Güney, Doğu, Batı",,https://www.hepsiemlak.com/istanbul-kagithane-seyrantepe-satilik/daire/144780-259
144780-286,Çağlayan,Kağıthane,İstanbul,5.600.000 TL,54,35,1 + 1,1.0,14 Katlı,12. Kat,6 Yaşında,Yerden Isıtma,Eşyalı Değil,Boş,Kat Mülkiyeti,"Kuzey, Güney, Doğu, Batı",4.000 TL,https://www.hepsiemlak.com/istanbul-kagithane-caglayan-satilik/residence/144780-286
6680-23996,Ambarlı,Avcılar,İstanbul,5.850.000 TL,90,85,2 + 1,1.0,5 Katlı,Giriş Katı,5 Yaşında,Kombi,Eşyalı Değil,Mülk Sahibi,Kat Mülkiyeti,"Güney, Doğu",500 TL,https://www.hepsiemlak.com/istanbul-avcilar-ambarli-satilik/daire/6680-23996
123596-269,Altınşehir,Başakşehir,İstanbul,5.175.000 TL,120,105,3 + 1,2.0,4 Katlı,Yüksek Giriş,1 Yaşında,Kombi,Eşyalı Değil,Kiracılı,Kat Mülkiyeti,"Güney, Doğu, Batı",300 TL,https://www.hepsiemlak.com/istanbul-basaksehir-altinsehir-satilik/daire/123596-269
169951-9,Çengelköy,Üsküdar,İstanbul,7.750.000 TL,80,75,2 + 1,1.0,3 Katlı,3. Kat,31 Yaşında,Klima,Eşyalı Değil,Boş,Kat Mülkiyeti,,,https://www.hepsiemlak.com/istanbul-uskudar-cengelkoy-satilik/daire/169951-9
2078-8341,Emek,Sancaktepe,İstanbul,10.950.000 TL,108,80,2 + 1,1.0,10 Katlı,6. Kat,12 Yaşında,Merkezi,Eşyalı Değil,Boş,Kat Mülkiyeti,"Kuzey, Güney",8.200 TL,https://www.hepsiemlak.com/istanbul-sancaktepe-emek-satilik/daire/2078-8341
2078-8293,Emek,Sancaktepe,İstanbul,13.200.000 TL,118,81,2 + 1,1.0,10 Katlı,Bahçe Katı,11 Yaşında,Merkezi (Pay Öl...,Eşyalı Değil,Mülk Sahibi,Kat Mülkiyeti,"Kuzey, Güney",6.905 TL,https://www.hepsiemlak.com/istanbul-sancaktepe-emek-satilik/daire/2078-8293
47576-1261,İnönü,Şişli,İstanbul,4.800.000 TL,85,80,2 + 1,1.0,5 Katlı,Giriş Katı,15 Yaşında,Kombi,Eşyalı Değil,Boş,Kat Mülkiyeti,Güney,300 TL,https://www.hepsiemlak.com/istanbul-sisli-inonu-satilik/daire/47576-1261
47576-1264,Paşa,Şişli,İstanbul,3.750.000 TL,85,80,2 + 1,1.0,6 Katlı,4. Kat,35 Yaşında,Kombi,Eşyalı Değil,Kiracılı,Kat Mülkiyeti,Güney,300 TL,https://www.hepsiemlak.com/istanbul-sisli-pasa-satilik/daire/47576-1264
97134-1790,Arnavutköy,Beşiktaş,İstanbul,18.000.000 TL,85,75,2 + 1,1.0,4 Katlı,1. Kat,29 Yaşında,Merkezi,Eşyalı Değil,,Kat Mülkiyeti,"Kuzey, Güney, Doğu",,https://www.hepsiemlak.com/istanbul-besiktas-arnavutkoy-satilik/daire/97134-1790
76857-1935,Erenköy,Kadıköy,İstanbul,26.950.000 TL,160,140,3 + 1,2.0,7 Katlı,6. Kat,26 Yaşında,Merkezi,Eşyalı Değil,Boş,Kat İrtifakı,,,https://www.hepsiemlak.com/istanbul-kadikoy-erenkoy-satilik/daire/76857-1935
169811-4,Yıldıztepe,Bağcılar,İstanbul,3.200.000 TL,85,80,2 + 1,1.0,4 Katlı,4. Kat,11 Yaşında,Kombi,Eşyalı Değil,Mülk Sahibi,Kat İrtifakı,,,https://www.hepsiemlak.com/istanbul-bagcilar-yildiztepe-satilik/daire/169811-4
74571-282,Nuripaşa,Zeytinburnu,İstanbul,8.500.000 TL,125,115,3 + 1,1.0,3 Katlı,1. Kat,11 Yaşında,Kombi,Eşyalı Değil,Kiracılı,Kat İrtifakı,Batı,,https://www.hepsiemlak.com/istanbul-zeytinburnu-nuripasa-satilik/daire/74571-282
74571-288,Yeşiltepe,Zeytinburnu,İstanbul,2.500.000 TL,55,45,1 + 1,1.0,4 Katlı,Yüksek Giriş,31 Yaşında,Kombi,Eşyalı Değil,Kiracılı,Kat İrtifakı,,50 TL,https://www.hepsiemlak.com/istanbul-zeytinburnu-yesiltepe-satilik/daire/74571-288
74571-283,Nuripaşa,Zeytinburnu,İstanbul,8.600.000 TL,90,80,2 + 1,1.0,6 Katlı,4. Kat,Sıfır Bina,Kombi,Eşyalı Değil,Boş,Kat Mülkiyeti,"Doğu, Batı",,https://www.hepsiemlak.com/istanbul-zeytinburnu-nuripasa-satilik/daire/74571-283
168617-4,Kayabaşı,Başakşehir,İstanbul,6.350.000 TL,115,100,3 + 1,2.0,4 Katlı,1. Kat,Sıfır Bina,Merkezi (Pay Öl...,Eşyalı Değil,Boş,Tapu Yok,,,https://www.hepsiemlak.com/istanbul-basaksehir-kayabasi-satilik/daire/168617-4
170145-23,Saadetdere,Esenyurt,İstanbul,4.480.000 TL,110,100,2 + 1,1.0,5 Katlı,4. Kat,4 Yaşında,Kombi,Eşyalı Değil,Boş,Yabancıdan,"Güney, Batı",,https://www.hepsiemlak.com/istanbul-esenyurt-saadetdere-satilik/daire/170145-23
69537-102847,Merkez,Kağıthane,İstanbul,4.800.000 TL,45,30,1 + 1,1.0,11 Katlı,7. Kat,5 Yaşında,Kombi,Eşyalı Değil,Boş,Kat Mülkiyeti,Güney,,https://www.hepsiemlak.com/istanbul-kagithane-merkez-satilik/daire/69537-102847
165223-97,Sultaniye,Esenyurt,İstanbul,2.900.000 TL,110,95,2 + 1,1.0,30 Katlı,21 ve üzeri,3 Yaşında,Merkezi,Eşyalı Değil,Boş,Kat Mülkiyeti,"Güney, Doğu",,https://www.hepsiemlak.com/istanbul-esenyurt-sultaniye-satilik/daire/165223-97
168778-29,Esenevler,Ümraniye,İstanbul,6.200.000 TL,105,90,2 + 1,2.0,5 Katlı,Giriş Katı,11 Yaşında,Kombi,Eşyalı Değil,Boş,Kat Mülkiyeti,"Kuzey, Güney, Doğu, Batı",,https://www.hepsiemlak.com/istanbul-umraniye-esenevler-satilik/daire/168778-29
109158-3447,Mithatpaşa,Eyüpsultan,İstanbul,7.000.000 TL,120,95,2 + 1,1.0,5 Katlı,Bahçe Katı,Sıfır Bina,Kombi,Eşyalı Değil,Boş,Kat Mülkiyeti,"Güney, Doğu",,https://www.hepsiemlak.com/istanbul-eyupsultan-mithatpasa-satilik/daire/109158-3447
109158-3895,Çırçır,Eyüpsultan,İstanbul,5.450.000 TL,75,65,2 + 1,1.0,5 Katlı,Bahçe Katı,13 Yaşında,Kombi,Eşyalı Değil,Mülk Sahibi,Kat Mülkiyeti,"Güney, Doğu",250 TL,https://www.hepsiemlak.com/istanbul-eyupsultan-circir-satilik/daire/109158-3895
109158-3891,Ziya Gökalp,Başakşehir,İstanbul,15.500.000 TL,160,115,3 + 1,2.0,10 Katlı,2. Kat,3 Yaşında,Kombi,Eşyalı Değil,Boş,Kat Mülkiyeti,"Güney, Doğu",,https://www.hepsiemlak.com/istanbul-basaksehir-ziya-gokalp-satilik/daire/109158-3891
109158-3790,İskenderpaşa,Fatih,İstanbul,6.700.000 TL,120,100,3 + 1,1.0,4 Katlı,3. Kat,21 Yaşında,Kombi,Eşyalı Değil,Boş,Kat Mülkiyeti,"Güney, Doğu",250 TL,https://www.hepsiemlak.com/istanbul-fatih-iskenderpasa-satilik/daire/109158-3790
146998-28,Barbaros,Bağcılar,İstanbul,4.195.000 TL,70,65,2 + 1,1.0,3 Katlı,Yüksek Giriş,6 Yaşında,Kombi,Eşyalı Değil,Boş,Kat Mülkiyeti,Güney,,https://www.hepsiemlak.com/istanbul-bagcilar-barbaros-satilik/daire/146998-28
146998-24,Kocasinan Merkez,Bahçelievler,İstanbul,6.290.000 TL,115,100,2 + 1,1.0,4 Katlı,3. Kat,16 Yaşında,Kombi,Eşyalı Değil,Kiracılı,Kat Mülkiyeti,,,https://www.hepsiemlak.com/istanbul-bahcelievler-kocasinan-merkez-satilik/daire/146998-24
3413-3535,Zümrütevler,Maltepe,İstanbul,5.900.000 TL,160,150,2 + 2,2.0,3 Katlı,3. Kat,6 Yaşında,Kombi,Eşyalı Değil,Boş,Kat Mülkiyeti,Güney,1 TL,https://www.hepsiemlak.com/istanbul-maltepe-zumrutevler-satilik/daire/3413-3535
42003-7711,Kurtköy,Pendik,İstanbul,5.100.000 TL,90,72,2 + 1,1.0,4 Katlı,Zemin,13 Yaşında,Kombi,Eşyalı Değil,Boş,Kat Mülkiyeti,Doğu,,https://www.hepsiemlak.com/istanbul-pendik-kurtkoy-satilik/daire/42003-7711
165076-211,Gazi,Sultangazi,İstanbul,7.750.000 TL,180,170,4 + 2,2.0,5 Katlı,3. Kat,2 Yaşında,Kombi,Eşyalı Değil,Boş,Kat İrtifakı,"Kuzey, Güney",,https://www.hepsiemlak.com/istanbul-sultangazi-gazi-satilik/daire/165076-211
42003-7522,Kurtköy,Pendik,İstanbul,9.950.000 TL,115,98,3 + 1,2.0,7 Katlı,2. Kat,1 Yaşında,Merkezi (Pay Öl...,Eşyalı Değil,Boş,Kat Mülkiyeti,"Güney, Doğu",3.500 TL,https://www.hepsiemlak.com/istanbul-pendik-kurtkoy-satilik/daire/42003-7522
132583-96,Altayçeşme,Maltepe,İstanbul,9.500.000 TL,86,65,2 + 1,1.0,6 Katlı,5. Kat,Sıfır Bina,Kombi,Eşyalı Değil,Boş,Tapu Yok,"Kuzey, Doğu",,https://www.hepsiemlak.com/istanbul-maltepe-altaycesme-satilik/daire/132583-96
71928-1836,Fatih,Sancaktepe,İstanbul,29.000.000 TL,220,195,4 + 1,2.0,2 Katlı,1. Kat,16 Yaşında,Kombi,Eşyalı Değil,Kiracılı,Kat İrtifakı,,,https://www.hepsiemlak.com/istanbul-sancaktepe-fatih-satilik/villa/71928-1836
42003-6247,Celaliye,Büyükçekmece,İstanbul,8.000.000 TL,135,107,3 + 1,2.0,3 Katlı,Bahçe Katı,1 Yaşında,Kombi,Eşyalı Değil,Boş,Kat Mülkiyeti,"Doğu, Batı",4.500 TL,https://www.hepsiemlak.com/istanbul-buyukcekmece-celaliye-satilik/daire/42003-6247
42003-7695,Fevzi Çakmak,Pendik,İstanbul,9.350.000 TL,145,105,3 + 1,2.0,7 Katlı,1. Kat,12 Yaşında,Merkezi (Pay Öl...,Eşyalı Değil,Boş,Kat Mülkiyeti,"Kuzey, Güney, Doğu",,https://www.hepsiemlak.com/istanbul-pendik-fevzi-cakmak-satilik/daire/42003-7695
169845-32,İstasyon,Küçükçekmece,İstanbul,6.470.000 TL,140,130,3 + 1,2.0,4 Katlı,4. Kat,6 Yaşında,Kombi,Eşyalı Değil,Mülk Sahibi,Kat Mülkiyeti,Batı,200 TL,https://www.hepsiemlak.com/istanbul-kucukcekmece-istasyon-satilik/daire/169845-32
165974-53,Hürriyet,Bahçelievler,İstanbul,4.300.000 TL,120,115,3 + 1,1.0,5 Katlı,4. Kat,31 Yaşında,Kombi,Eşyalı Değil,Kiracılı,Kat Mülkiyeti,Güney,,https://www.hepsiemlak.com/istanbul-bahcelievler-hurriyet-satilik/daire/165974-53
114218-3203,Tevfik Bey,Küçükçekmece,İstanbul,5.000.000 TL,50,40,1 + 0,1.0,14 Katlı,8. Kat,8 Yaşında,Merkezi (Pay Öl...,Eşyalı Değil,Boş,Kat Mülkiyeti,Güney,,https://www.hepsiemlak.com/istanbul-kucukcekmece-tevfik-bey-satilik/daire/114218-3203
40658-22538,Paşa,Şişli,İstanbul,4.900.000 TL,90,78,2 + 1,1.0,5 Katlı,4. Kat,40 Yaşında,Kombi,Eşyalı Değil,Mülk Sahibi,Kat Mülkiyeti,Güney,,https://www.hepsiemlak.com/istanbul-sisli-pasa-satilik/daire/40658-22538
129657-604,Ambarlı,Avcılar,İstanbul,6.100.000 TL,100,85,2 + 1,1.0,4 Katlı,1. Kat,Sıfır Bina,Kombi,Eşyalı Değil,Boş,Yabancıdan,Doğu,1 TL,https://www.hepsiemlak.com/istanbul-avcilar-ambarli-satilik/daire/129657-604
129657-612,Cihangir,Avcılar,İstanbul,2.625.000 TL,95,75,2 + 1,1.0,5 Katlı,4. Kat,26 Yaşında,Kombi,Eşyalı Değil,Mülk Sahibi,Hisseli Tapu,Batı,300 TL,https://www.hepsiemlak.com/istanbul-avcilar-cihangir-satilik/daire/129657-612
1002-3510,Gayrettepe,Beşiktaş,İstanbul,20.000.000 TL,100,75,2 + 1,1.0,4 Katlı,Yüksek Giriş,1 Yaşında,Kombi,Eşyalı Değil,Boş,Kat İrtifakı,"Kuzey, Güney",2.000 TL,https://www.hepsiemlak.com/istanbul-besiktas-gayrettepe-satilik/daire/1002-3510
132217-811,Yakuplu,Beylikdüzü,İstanbul,2.850.000 TL,100,88,2 + 1,1.0,5 Katlı,Ara Kat,5 Yaşında,Kombi,Eşyalı Değil,Boş,Kat Mülkiyeti,"Kuzey, Güney, Doğu, Batı",,https://www.hepsiemlak.com/istanbul-beylikduzu-yakuplu-satilik/daire/132217-811
63404-1234,Sakızağacı,Bakırköy,İstanbul,10.000.000 TL,110,100,3 + 1,1.0,6 Katlı,2. Kat,52 Yaşında,Merkezi,Eşyalı Değil,Mülk Sahibi,Kat Mülkiyeti,Doğu,,https://www.hepsiemlak.com/istanbul-bakirkoy-sakizagaci-satilik/daire/63404-1234
142540-361,Osmangazi,Sancaktepe,İstanbul,9.450.000 TL,130,120,3 + 1,1.0,5 Katlı,1. Kat,Sıfır Bina,Kombi,Eşyalı Değil,Boş,Kat Mülkiyeti,Güney,400 TL,https://www.hepsiemlak.com/istanbul-sancaktepe-osmangazi-satilik/daire/142540-361
142540-251,Mimar Sinan,Sultanbeyli,İstanbul,9.990.000 TL,230,210,5 + 2,2.0,7 Katlı,7. Kat,Sıfır Bina,Yerden Isıtma,Eşyalı Değil,Boş,Kat Mülkiyeti,Güney,500 TL,https://www.hepsiemlak.com/istanbul-sultanbeyli-mimar-sinan-satilik/daire/142540-251
142540-207,Osmangazi,Sancaktepe,İstanbul,10.800.000 TL,130,120,3 + 1,2.0,5 Katlı,1. Kat,Sıfır Bina,Yerden Isıtma,Eşyalı Değil,Boş,Yabancıdan,Güney,1.200 TL,https://www.hepsiemlak.com/istanbul-sancaktepe-osmangazi-satilik/daire/142540-207
142540-439,Mimar Sinan,Sultanbeyli,İstanbul,9.800.000 TL,155,145,4 + 2,2.0,7 Katlı,7. Kat,Sıfır Bina,Yerden Isıtma,Eşyalı Değil,Boş,Yabancıdan,Güney,500 TL,https://www.hepsiemlak.com/istanbul-sultanbeyli-mimar-sinan-satilik/daire/142540-439
142540-365,Osmangazi,Sancaktepe,İstanbul,8.790.000 TL,120,110,3 + 1,1.0,5 Katlı,1. Kat,Sıfır Bina,Yerden Isıtma,Eşyalı Değil,Boş,Kat Mülkiyeti,Güney,,https://www.hepsiemlak.com/istanbul-sancaktepe-osmangazi-satilik/daire/142540-365
142540-305,Osmangazi,Sancaktepe,İstanbul,8.645.000 TL,120,110,3 + 1,2.0,5 Katlı,3. Kat,Sıfır Bina,Kombi,Eşyalı Değil,Boş,Yabancıdan,Güney,,https://www.hepsiemlak.com/istanbul-sancaktepe-osmangazi-satilik/daire/142540-305
142540-40,Veysel Karani,Sancaktepe,İstanbul,8.575.000 TL,100,80,2 + 1,1.0,11 Katlı,6. Kat,Sıfır Bina,Yerden Isıtma,Eşyalı Değil,Boş,Yabancıdan,Güney,,https://www.hepsiemlak.com/istanbul-sancaktepe-veysel-karani-satilik/daire/142540-40
142540-286,Çınardere,Pendik,İstanbul,8.400.000 TL,80,65,2 + 1,1.0,9 Katlı,5. Kat,Sıfır Bina,Kombi,Eşyalı Değil,Boş,Yabancıdan,Güney,,https://www.hepsiemlak.com/istanbul-pendik-cinardere-satilik/daire/142540-286
142540-228,Mimar Sinan,Sultanbeyli,İstanbul,7.900.000 TL,120,108,3 + 1,2.0,5 Katlı,1. Kat,Sıfır Bina,Yerden Isıtma,Eşyalı Değil,Boş,Yabancıdan,Güney,,https://www.hepsiemlak.com/istanbul-sultanbeyli-mimar-sinan-satilik/daire/142540-228
142540-407,Eyüp Sultan,Sancaktepe,İstanbul,7.900.000 TL,90,80,2 + 1,2.0,7 Katlı,2. Kat,Sıfır Bina,Yerden Isıtma,Eşyalı Değil,Boş,Yabancıdan,Güney,500 TL,https://www.hepsiemlak.com/istanbul-sancaktepe-eyup-sultan-satilik/daire/142540-407
170086-16,Fevzi Çakmak,Esenler,İstanbul,7.350.000 TL,130,110,3 + 1,1.0,6 Katlı,1. Kat,11 Yaşında,Kombi,Eşyalı Değil,Boş,Kat Mülkiyeti,"Güney, Doğu",,https://www.hepsiemlak.com/istanbul-esenler-fevzi-cakmak-satilik/daire/170086-16
170086-20,Vatan,Bayrampaşa,İstanbul,12.000.000 TL,240,200,4 + 2,3.0,4 Katlı,3. Kat,Sıfır Bina,Kombi,Eşyalı Değil,Boş,Kat Mülkiyeti,"Güney, Doğu",,https://www.hepsiemlak.com/istanbul-bayrampasa-vatan-satilik/daire/170086-20
169238-13,Halkalı Merkez,Küçükçekmece,İstanbul,5.740.000 TL,95,80,2 + 1,1.0,10 Katlı,10. Kat,Sıfır Bina,Merkezi (Pay Öl...,Eşyalı Değil,Boş,Kat Mülkiyeti,Güney,,https://www.hepsiemlak.com/istanbul-kucukcekmece-halkali-merkez-satilik/daire/169238-13
169238-3,İnönü,Küçükçekmece,İstanbul,2.490.000 TL,115,95,2 + 1,1.0,5 Katlı,4. Kat,21 Yaşında,Kombi,Eşyalı Değil,Mülk Sahibi,Hisseli Tapu,Güney,200 TL,https://www.hepsiemlak.com/istanbul-kucukcekmece-inonu-satilik/daire/169238-3
104770-7392,Yakuplu,Beylikdüzü,İstanbul,1.125.000 TL,85,75,1 + 1,1.0,6 Katlı,4. Kat,1 Yaşında,Kombi,Eşyalı Değil,Boş,Kat Mülkiyeti,"Güney, Doğu",,https://www.hepsiemlak.com/istanbul-beylikduzu-yakuplu-satilik/daire/104770-7392
168229-4,Altıntepe,Maltepe,İstanbul,7.950.000 TL,125,100,3 + 1,1.0,3 Katlı,Giriş Katı,31 Yaşında,Merkezi,Eşyalı Değil,Mülk Sahibi,Kat Mülkiyeti,"Güney, Doğu",500 TL,https://www.hepsiemlak.com/istanbul-maltepe-altintepe-satilik/daire/168229-4
137450-723,Orhan Gazi,Esenyurt,İstanbul,2.639.000 TL,115,93,2 + 1,1.0,4 Katlı,Bahçe Katı,5 Yaşında,Kombi,Eşyalı Değil,Boş,Kat Mülkiyeti,"Güney, Doğu",100 TL,https://www.hepsiemlak.com/istanbul-esenyurt-orhan-gazi-satilik/daire/137450-723
170299-5,Yakuplu,Beylikdüzü,İstanbul,2.800.000 TL,100,90,2 + 1,1.0,5 Katlı,Bahçe Katı,6 Yaşında,Kombi,Eşyalı Değil,Kiracılı,Kat İrtifakı,"Kuzey, Güney, Doğu, Batı",,https://www.hepsiemlak.com/istanbul-beylikduzu-yakuplu-satilik/daire/170299-5
170299-2,Adnan Kahveci,Beylikdüzü,İstanbul,5.499.000 TL,120,100,2 + 1,2.0,5 Katlı,2. Kat,Sıfır Bina,Kombi,Eşyalı Değil,Boş,Kat Mülkiyeti,"Güney, Doğu, Batı",,https://www.hepsiemlak.com/istanbul-beylikduzu-adnan-kahveci-satilik/daire/170299-2
170299-4,Adnan Kahveci,Beylikdüzü,İstanbul,5.499.000 TL,110,90,2 + 1,1.0,4 Katlı,2. Kat,1 Yaşında,Kombi,Eşyalı Değil,Boş,Kat Mülkiyeti,"Kuzey, Güney, Doğu, Batı",,https://www.hepsiemlak.com/istanbul-beylikduzu-adnan-kahveci-satilik/daire/170299-4
170299-3,Adnan Kahveci,Beylikdüzü,İstanbul,7.599.000 TL,160,140,3 + 1,2.0,5 Katlı,3. Kat,Sıfır Bina,Kombi,Eşyalı Değil,Boş,Kat Mülkiyeti,"Kuzey, Güney, Doğu, Batı",,https://www.hepsiemlak.com/istanbul-beylikduzu-adnan-kahveci-satilik/daire/170299-3
91631-218,Yenişehir,Pendik,İstanbul,7.500.000 TL,103,88,2 + 1,1.0,9 Katlı,2. Kat,16 Yaşında,Kombi,Eşyalı Değil,Kiracılı,Kat Mülkiyeti,Doğu,5.500 TL,https://www.hepsiemlak.com/istanbul-pendik-yenisehir-satilik/daire/91631-218
137450-720,Üçevler,Esenyurt,İstanbul,1.710.000 TL,90,85,2 + 1,1.0,6 Katlı,Bahçe Katı,7 Yaşında,Kombi,Eşyalı Değil,Kiracılı,Yabancıdan,"Güney, Doğu",70 TL,https://www.hepsiemlak.com/istanbul-esenyurt-ucevler-satilik/daire/137450-720
23950-646,Hürriyet,Kartal,İstanbul,4.400.000 TL,65,52,2 + 1,1.0,5 Katlı,Yüksek Giriş,3 Yaşında,Kombi,Eşyalı Değil,Boş,Kat Mülkiyeti,"Kuzey, Güney, Doğu, Batı",,https://www.hepsiemlak.com/istanbul-kartal-hurriyet-satilik/daire/23950-646
137450-724,Zafer,Esenyurt,İstanbul,1.585.000 TL,85,67,1 + 1,1.0,6 Katlı,Bahçe Katı,7 Yaşında,Kombi,Eşyalı,,Kat Mülkiyeti,"Güney, Doğu",100 TL,https://www.hepsiemlak.com/istanbul-esenyurt-zafer-satilik/daire/137450-724
2957-864,Nisbetiye,Beşiktaş,İstanbul,22.950.000 TL,170,149,3 + 1,,4 Katlı,Bahçe Katı,35 Yaşında,Kombi,Eşyalı Değil,Mülk Sahibi,Kat Mülkiyeti,"Güney, Doğu, Batı",2.000 TL,https://www.hepsiemlak.com/istanbul-besiktas-nisbetiye-satilik/daire/2957-864
169845-33,Cumhuriyet,Küçükçekmece,İstanbul,6.070.000 TL,90,80,2 + 1,1.0,5 Katlı,5. Kat,Sıfır Bina,Kombi,Eşyalı Değil,Boş,Kat Mülkiyeti,"Kuzey, Doğu",250 TL,https://www.hepsiemlak.com/istanbul-kucukcekmece-cumhuriyet-satilik/daire/169845-33
169845-1,İstasyon,Küçükçekmece,İstanbul,5.100.000 TL,85,80,2 + 1,2.0,4 Katlı,Yüksek Giriş,2 Yaşında,Kombi,Eşyalı Değil,Mülk Sahibi,Kat Mülkiyeti,"Doğu, Batı",200 TL,https://www.hepsiemlak.com/istanbul-kucukcekmece-istasyon-satilik/daire/169845-1
79624-3541,Cumhuriyet,Beylikdüzü,İstanbul,3.550.000 TL,115,110,2 + 1,1.0,16 Katlı,Ara Kat,7 Yaşında,Kombi,Eşyalı Değil,Boş,Yabancıdan,"Kuzey, Güney, Doğu, Batı",,https://www.hepsiemlak.com/istanbul-beylikduzu-cumhuriyet-satilik/daire/79624-3541
79624-3540,Cumhuriyet,Beylikdüzü,İstanbul,4.750.000 TL,120,110,2 + 1,,4 Katlı,Ara Kat,2 Yaşında,Kombi,Eşyalı Değil,Boş,Yabancıdan,"Güney, Doğu, Batı",,https://www.hepsiemlak.com/istanbul-beylikduzu-cumhuriyet-satilik/daire/79624-3540
79624-3539,Cumhuriyet,Beylikdüzü,İstanbul,3.450.000 TL,110,98,1 + 1,1.0,4 Katlı,Ara Kat,Sıfır Bina,Kombi,Eşyalı Değil,Boş,Yabancıdan,"Kuzey, Güney, Doğu",,https://www.hepsiemlak.com/istanbul-beylikduzu-cumhuriyet-satilik/daire/79624-3539
79624-3533,Cumhuriyet,Beylikdüzü,İstanbul,3.210.000 TL,110,100,2 + 1,2.0,5 Katlı,4. Kat,Sıfır Bina,Kombi,Eşyalı Değil,Boş,Yabancıdan,Güney,280 TL,https://www.hepsiemlak.com/istanbul-beylikduzu-cumhuriyet-satilik/daire/79624-3533
38443-4451,Erenköy,Kadıköy,İstanbul,19.500.000 TL,150,120,3 + 1,1.0,7 Katlı,6. Kat,21 Yaşında,Kombi,Eşyalı Değil,Boş,Kat Mülkiyeti,"Kuzey, Doğu, Batı",,https://www.hepsiemlak.com/istanbul-kadikoy-erenkoy-satilik/daire/38443-4451
159866-620,Çakmak,Ümraniye,İstanbul,7.300.000 TL,80,65,2 + 1,1.0,5 Katlı,1. Kat,Sıfır Bina,Kombi,Eşyalı Değil,Boş,Kat İrtifakı,Batı,,https://www.hepsiemlak.com/istanbul-umraniye-cakmak-satilik/daire/159866-620
68738-423,Firuzağa,Beyoğlu,İstanbul,9.500.000 TL,65,60,1 + 1,1.0,6 Katlı,Çatı Katı,60 Yaşında,Kombi,Eşyalı Değil,Kiracılı,Kat Mülkiyeti,Doğu,300 TL,https://www.hepsiemlak.com/istanbul-beyoglu-firuzaga-satilik/daire/68738-423
168411-56,Güzelyurt,Esenyurt,İstanbul,2.334.000 TL,130,115,2 + 1,2.0,8 Katlı,2. Kat,Sıfır Bina,Kombi,Eşyalı Değil,Boş,Kat Mülkiyeti,Güney,,https://www.hepsiemlak.com/istanbul-esenyurt-guzelyurt-satilik/daire/168411-56
168411-94,Yakuplu,Beylikdüzü,İstanbul,2.850.000 TL,125,110,2 + 1,2.0,6 Katlı,2. Kat,Sıfır Bina,Kombi,Eşyalı Değil,Boş,Kat Mülkiyeti,Güney,,https://www.hepsiemlak.com/istanbul-beylikduzu-yakuplu-satilik/daire/168411-94
168160-19,Güvercintepe,Başakşehir,İstanbul,3.450.000 TL,75,65,2 + 1,1.0,3 Katlı,Yüksek Giriş,4 Yaşında,Kombi,Eşyalı Değil,Mülk Sahibi,Kat İrtifakı,"Güney, Doğu",300 TL,https://www.hepsiemlak.com/istanbul-basaksehir-guvercintepe-satilik/daire/168160-19
124957-261,Sümbül Efendi,Fatih,İstanbul,3.150.000 TL,80,75,2 + 1,1.0,3 Katlı,2. Kat,40 Yaşında,Doğalgaz Sobası,Eşyalı Değil,Mülk Sahibi,Yabancıdan,"Kuzey, Güney, Doğu",100 TL,https://www.hepsiemlak.com/istanbul-fatih-sumbul-efendi-satilik/daire/124957-261
124957-240,Koca Mustafapaşa,Fatih,İstanbul,1.590.000 TL,70,65,1 + 1,1.0,4 Katlı,Bodrum,40 Yaşında,Kombi,Eşyalı Değil,Kiracılı,Kat Mülkiyeti,"Kuzey, Güney, Doğu",100 TL,https://www.hepsiemlak.com/istanbul-fatih-koca-mustafapasa-satilik/daire/124957-240
169137-7,Semizkumlar,Silivri,İstanbul,11.700.000 TL,280,250,5 + 1,3.0,3 Katlı,Bahçe Katı,26 Yaşında,Kombi,Eşyalı Değil,Mülk Sahibi,Kat Mülkiyeti,"Kuzey, Güney, Doğu",,https://www.hepsiemlak.com/istanbul-silivri-semizkumlar-satilik/villa/169137-7
166705-80,Hürriyet,Bahçelievler,İstanbul,2.900.000 TL,100,90,1 + 1,1.0,5 Katlı,5. Kat,31 Yaşında,Kombi,Eşyalı Değil,Boş,Arsa,Güney,200 TL,https://www.hepsiemlak.com/istanbul-bahcelievler-hurriyet-satilik/daire/166705-80
161430-54,Süleymaniye,Esenyurt,İstanbul,2.120.000 TL,130,110,3 + 1,1.0,5 Katlı,Bahçe Katı,6 Yaşında,Kombi,Eşyalı Değil,Kiracılı,Kat Mülkiyeti,"Kuzey, Güney, Doğu, Batı",,https://www.hepsiemlak.com/istanbul-esenyurt-suleymaniye-satilik/daire/161430-54
161430-56,Üçevler,Esenyurt,İstanbul,2.520.000 TL,100,90,2 + 1,1.0,4 Katlı,1. Kat,6 Yaşında,Kombi,Eşyalı Değil,Boş,Kat İrtifakı,,,https://www.hepsiemlak.com/istanbul-esenyurt-ucevler-satilik/daire/161430-56
161430-55,Osmangazi,Esenyurt,İstanbul,2.370.000 TL,85,80,2 + 1,1.0,4 Katlı,Yüksek Giriş,11 Yaşında,Kombi,Eşyalı Değil,Boş,Kat İrtifakı,"Kuzey, Güney, Doğu, Batı",,https://www.hepsiemlak.com/istanbul-esenyurt-osmangazi-satilik/daire/161430-55
161430-22,Mehterçeşme,Esenyurt,İstanbul,2.650.000 TL,115,100,2 + 1,1.0,5 Katlı,3. Kat,11 Yaşında,Kombi,Eşyalı Değil,Boş,Kat Mülkiyeti,"Güney, Doğu",,https://www.hepsiemlak.com/istanbul-esenyurt-mehtercesme-satilik/daire/161430-22
168763-1,Ünalan,Üsküdar,İstanbul,35.500.000 TL,143,119,2 + 1,2.0,30 Katlı,21 ve üzeri,3 Yaşında,Isı Pompası,Eşyalı Değil,Boş,Yabancıdan,"Güney, Doğu, Batı",6.000 TL,https://www.hepsiemlak.com/istanbul-uskudar-unalan-satilik/daire/168763-1
168763-5,Zafer,Esenyurt,İstanbul,6.307.500 TL,125,93,2 + 1,2.0,22 Katlı,15. Kat,6 Yaşında,Merkezi (Pay Öl...,Eşyalı,Kiracılı,Kat Mülkiyeti,"Güney, Batı",5.000 TL,https://www.hepsiemlak.com/istanbul-esenyurt-zafer-satilik/daire/168763-5
168763-7,Zafer,Esenyurt,İstanbul,6.750.000 TL,132,120,2 + 1,2.0,21 Katlı,17. Kat,3 Yaşında,Merkezi,Eşyalı Değil,Kiracılı,Yabancıdan,,5.000 TL,https://www.hepsiemlak.com/istanbul-esenyurt-zafer-satilik/daire/168763-7
158869-46,Cumhuriyet,Esenyurt,İstanbul,4.500.000 TL,135,120,3 + 1,1.0,12 Katlı,2. Kat,16 Yaşında,Kombi,Eşyalı Değil,Boş,Kat Mülkiyeti,"Güney, Doğu",1.250 TL,https://www.hepsiemlak.com/istanbul-esenyurt-cumhuriyet-satilik/daire/158869-46
158869-53,Çanta Sancaktepe,Silivri,İstanbul,3.300.000 TL,130,125,3 + 1,1.0,5 Katlı,2. Kat,16 Yaşında,Kombi,Eşyalı Değil,Kiracılı,Kat İrtifakı,"Güney, Doğu",1.000 TL,https://www.hepsiemlak.com/istanbul-silivri-canta-sancaktepe-satilik/daire/158869-53
40658-22502,Teşvikiye,Şişli,İstanbul,28.500.000 TL,220,185,4 + 1,1.0,6 Katlı,1. Kat,35 Yaşında,Kombi,Eşyalı Değil,,Kat Mülkiyeti,,,https://www.hepsiemlak.com/istanbul-sisli-tesvikiye-satilik/daire/40658-22502
40658-22484,Feriköy,Şişli,İstanbul,11.700.000 TL,154,130,3 + 1,1.0,7 Katlı,5. Kat,35 Yaşında,Merkezi,Eşyalı Değil,Mülk Sahibi,Kat İrtifakı,,,https://www.hepsiemlak.com/istanbul-sisli-ferikoy-satilik/daire/40658-22484
168586-11,Osmangazi,Esenyurt,İstanbul,2.849.999 TL,100,85,2 + 1,2.0,4 Katlı,2. Kat,11 Yaşında,Kombi,Eşyalı Değil,Boş,Kat İrtifakı,"Kuzey, Güney, Doğu, Batı",150 TL,https://www.hepsiemlak.com/istanbul-esenyurt-osmangazi-satilik/daire/168586-11
125044-746,Güzelyurt,Esenyurt,İstanbul,4.500.000 TL,105,100,2 + 1,2.0,22 Katlı,15. Kat,6 Yaşında,Kombi,Eşyalı Değil,Boş,Kat İrtifakı,Güney,3.500 TL,https://www.hepsiemlak.com/istanbul-esenyurt-guzelyurt-satilik/daire/125044-746
168556-20,Mehterçeşme,Esenyurt,İstanbul,6.500.000 TL,180,150,4 + 1,2.0,5 Katlı,3. Kat,11 Yaşında,Kombi,Eşyalı Değil,Mülk Sahibi,Kat İrtifakı,,200 TL,https://www.hepsiemlak.com/istanbul-esenyurt-mehtercesme-satilik/daire/168556-20
168556-14,Mehmet Akif Ersoy,Esenyurt,İstanbul,4.200.000 TL,110,95,2 + 1,1.0,5 Katlı,2. Kat,11 Yaşında,Kombi,Eşyalı Değil,Mülk Sahibi,Kat Mülkiyeti,,200 TL,https://www.hepsiemlak.com/istanbul-esenyurt-mehmet-akif-ersoy-satilik/daire/168556-14
168547-38,Güzelyurt,Esenyurt,İstanbul,3.650.000 TL,120,105,2 + 1,2.0,25 Katlı,18. Kat,6 Yaşında,Merkezi (Pay Öl...,Eşyalı Değil,Boş,Yabancıdan,"Güney, Doğu",4.500 TL,https://www.hepsiemlak.com/istanbul-esenyurt-guzelyurt-satilik/daire/168547-38
168543-3,Pınartepe,Büyükçekmece,İstanbul,42.500.000 TL,450,380,5 + 1,4.0,1 Katlı,Bahçe Katı,11 Yaşında,Kombi,Eşyalı Değil,Mülk Sahibi,Kat Mülkiyeti,,,https://www.hepsiemlak.com/istanbul-buyukcekmece-pinartepe-satilik/villa/168543-3
168543-7,5. Levent,Eyüpsultan,İstanbul,23.000.000 TL,180,130,3 + 1,2.0,15 Katlı,4. Kat,5 Yaşında,Merkezi (Pay Öl...,Eşyalı Değil,Mülk Sahibi,Kat Mülkiyeti,,,https://www.hepsiemlak.com/istanbul-eyupsultan-5-levent-satilik/daire/168543-7
168565-7,Alkent 2000,Büyükçekmece,İstanbul,8.950.000 TL,140,115,2 + 1,2.0,18 Katlı,12. Kat,6 Yaşında,Merkezi (Pay Öl...,Eşyalı Değil,Boş,Yabancıdan,,7.800 TL,https://www.hepsiemlak.com/istanbul-buyukcekmece-alkent-2000-satilik/daire/168565-7
149439-15,Denizköşkler,Avcılar,İstanbul,3.150.000 TL,135,130,3 + 1,1.0,4 Katlı,Giriş Katı,26 Yaşında,Kombi,Eşyalı Değil,Kiracılı,Kat Mülkiyeti,"Güney, Doğu, Batı",200 TL,https://www.hepsiemlak.com/istanbul-avcilar-denizkoskler-satilik/daire/149439-15
170044-7,Atakent,Küçükçekmece,İstanbul,22.000.000 TL,160,145,2 + 1,2.0,4 Katlı,2. Kat,2 Yaşında,Yerden Isıtma,Eşyalı Değil,Mülk Sahibi,Yabancıdan,,,https://www.hepsiemlak.com/istanbul-kucukcekmece-atakent-satilik/daire/170044-7
170044-20,Halkalı Merkez,Küçükçekmece,İstanbul,19.500.000 TL,140,120,3 + 1,2.0,20 Katlı,11. Kat,11 Yaşında,Kombi,Eşyalı Değil,Kiracılı,Kat Mülkiyeti,,,https://www.hepsiemlak.com/istanbul-kucukcekmece-halkali-merkez-satilik/daire/170044-20
170044-15,Atakent,Küçükçekmece,İstanbul,13.900.000 TL,147,125,3 + 1,2.0,13 Katlı,2. Kat,11 Yaşında,Merkezi (Pay Öl...,Eşyalı Değil,Boş,Kat Mülkiyeti,,,https://www.hepsiemlak.com/istanbul-kucukcekmece-atakent-satilik/daire/170044-15
170044-19,Atakent,Küçükçekmece,İstanbul,13.700.000 TL,147,125,3 + 1,2.0,13 Katlı,4. Kat,11 Yaşında,Merkezi (Pay Öl...,Eşyalı Değil,Boş,Kat Mülkiyeti,,,https://www.hepsiemlak.com/istanbul-kucukcekmece-atakent-satilik/daire/170044-19
170181-2,Mimar Sinan,Sultanbeyli,İstanbul,5.100.000 TL,95,85,2 + 1,1.0,6 Katlı,4. Kat,5 Yaşında,Kombi,Eşyalı Değil,Boş,Kat Mülkiyeti,"Kuzey, Güney, Doğu, Batı",,https://www.hepsiemlak.com/istanbul-sultanbeyli-mimar-sinan-satilik/daire/170181-2
159844-49,Esentepe,Kartal,İstanbul,7.250.000 TL,100,85,3 + 1,,6 Katlı,1. Kat,17 Yaşında,Kombi,Eşyalı Değil,Mülk Sahibi,Kat İrtifakı,"Güney, Doğu, Batı",600 TL,https://www.hepsiemlak.com/istanbul-kartal-esentepe-satilik/daire/159844-49
159844-48,Esentepe,Kartal,İstanbul,7.250.000 TL,100,85,3 + 1,,6 Katlı,1. Kat,17 Yaşında,Kombi,Eşyalı Değil,Mülk Sahibi,Kat İrtifakı,"Güney, Doğu, Batı",600 TL,https://www.hepsiemlak.com/istanbul-kartal-esentepe-satilik/daire/159844-48
65982-2252,Cumhuriyet,Esenyurt,İstanbul,6.850.000 TL,156,125,3 + 1,2.0,15 Katlı,3. Kat,11 Yaşında,Kombi,Eşyalı Değil,Mülk Sahibi,Kat İrtifakı,Güney,2.500 TL,https://www.hepsiemlak.com/istanbul-esenyurt-cumhuriyet-satilik/residence/65982-2252
65982-2206,Emniyet Evleri,Kağıthane,İstanbul,8.250.000 TL,85,80,2 + 1,1.0,5 Katlı,Ara Kat,10 Yaşında,Kombi,Eşyalı Değil,Kiracılı,Kat Mülkiyeti,"Güney, Doğu",250 TL,https://www.hepsiemlak.com/istanbul-kagithane-emniyet-evleri-satilik/daire/65982-2206
4387-1750,Nizam,Adalar,İstanbul,160.000.000 TL,340,300,6 + 2,2.0,2 Katlı,,121 Yaşında,Şömine,Eşyalı Değil,Boş,Kat Mülkiyeti,"Kuzey, Güney, Doğu, Batı",,https://www.hepsiemlak.com/istanbul-adalar-nizam-satilik/kosk/4387-1750
166006-38,Bahçeşehir 2. Kısım,Başakşehir,İstanbul,7.950.000 TL,90,70,2 + 1,1.0,7 Katlı,2. Kat,11 Yaşında,Merkezi (Pay Öl...,Eşyalı Değil,Boş,Kat Mülkiyeti,"Kuzey, Doğu",5.933 TL,https://www.hepsiemlak.com/istanbul-basaksehir-bahcesehir-2-kisim-satilik/daire/166006-38
169020-1,Akpınar,Sancaktepe,İstanbul,2.580.000 TL,120,110,3 + 1,1.0,5 Katlı,2. Kat,31 Yaşında,Soba,Eşyalı Değil,Boş,Hisseli Tapu,"Güney, Batı",,https://www.hepsiemlak.com/istanbul-sancaktepe-akpinar-satilik/daire/169020-1
167819-153,Armağanevler,Ümraniye,İstanbul,11.850.000 TL,140,120,3 + 1,2.0,12 Katlı,12. Kat,6 Yaşında,Kombi,Eşyalı Değil,Boş,Kat Mülkiyeti,"Kuzey, Güney, Doğu, Batı",,https://www.hepsiemlak.com/istanbul-umraniye-armaganevler-satilik/daire/167819-153
167819-179,Armağanevler,Ümraniye,İstanbul,5.500.000 TL,170,140,4 + 1,2.0,5 Katlı,4. Kat,16 Yaşında,Kombi,Eşyalı Değil,Boş,Arsa,,,https://www.hepsiemlak.com/istanbul-umraniye-armaganevler-satilik/daire/167819-179
167819-129,Armağanevler,Ümraniye,İstanbul,5.075.000 TL,95,80,2 + 1,1.0,4 Katlı,1. Kat,26 Yaşında,Kombi,Eşyalı Değil,Boş,Kat İrtifakı,,,https://www.hepsiemlak.com/istanbul-umraniye-armaganevler-satilik/daire/167819-129
167819-143,Merkez,Bağcılar,İstanbul,9.450.000 TL,212,120,3 + 1,1.0,4 Katlı,3. Kat,Sıfır Bina,Kombi,Eşyalı Değil,Boş,Kat İrtifakı,,,https://www.hepsiemlak.com/istanbul-bagcilar-merkez-satilik/daire/167819-143
167819-175,Esenevler,Ümraniye,İstanbul,4.189.000 TL,85,75,3 + 1,1.0,8 Katlı,Bahçe Katı,11 Yaşında,Kombi,Eşyalı Değil,Boş,Kat Mülkiyeti,Güney,,https://www.hepsiemlak.com/istanbul-umraniye-esenevler-satilik/daire/167819-175
170323-1,Altıntepe,Maltepe,İstanbul,10.450.000 TL,140,119,3 + 1,2.0,4 Katlı,3. Kat,30 Yaşında,Kombi,Eşyalı Değil,Boş,Kat Mülkiyeti,"Güney, Batı",50 TL,https://www.hepsiemlak.com/istanbul-maltepe-altintepe-satilik/daire/170323-1
170323-4,Küçükyalı,Maltepe,İstanbul,12.000.000 TL,70,64,2 + 1,1.0,4 Katlı,1. Kat,1 Yaşında,Kombi,Eşyalı Değil,Boş,Kat İrtifakı,Kuzey,,https://www.hepsiemlak.com/istanbul-maltepe-kucukyali-satilik/daire/170323-4
170323-3,Altıntepe,Maltepe,İstanbul,8.950.000 TL,140,125,3 + 1,1.0,4 Katlı,3. Kat,30 Yaşında,Kombi,,Boş,Kat Mülkiyeti,"Güney, Batı",100 TL,https://www.hepsiemlak.com/istanbul-maltepe-altintepe-satilik/daire/170323-3
156528-7,Gökevler,Esenyurt,İstanbul,2.750.000 TL,78,70,2 + 0,2.0,10 Katlı,6. Kat,15 Yaşında,Kombi,Eşyalı,Boş,Kat Mülkiyeti,Kuzey,2.510 TL,https://www.hepsiemlak.com/istanbul-esenyurt-gokevler-satilik/daire/156528-7
160848-197,Çobançeşme,Bahçelievler,İstanbul,1.950.000 TL,95,90,2 + 1,1.0,5 Katlı,Bahçe Katı,31 Yaşında,Doğalgaz Sobası,,Kiracılı,Hisseli Tapu,,,https://www.hepsiemlak.com/istanbul-bahcelievler-cobancesme-satilik/daire/160848-197
160848-202,Hürriyet,Bağcılar,İstanbul,12.850.000 TL,260,240,5 + 1,3.0,4 Katlı,4. Kat,6 Yaşında,Kombi,Eşyalı Değil,Kiracılı,Hisseli Tapu,,,https://www.hepsiemlak.com/istanbul-bagcilar-hurriyet-satilik/daire/160848-202
162557-72,Alibey,Silivri,İstanbul,4.650.000 TL,156,140,3 + 1,3.0,6 Katlı,5. Kat,11 Yaşında,Kombi,Eşyalı Değil,Mülk Sahibi,Kat Mülkiyeti,"Kuzey, Güney, Doğu, Batı",250 TL,https://www.hepsiemlak.com/istanbul-silivri-alibey-satilik/daire/162557-72
162557-69,Yeni,Silivri,İstanbul,6.600.000 TL,150,135,3 + 1,2.0,6 Katlı,2. Kat,6 Yaşında,Merkezi (Pay Öl...,Eşyalı Değil,Mülk Sahibi,Kat Mülkiyeti,"Kuzey, Güney, Doğu, Batı",,https://www.hepsiemlak.com/istanbul-silivri-yeni-satilik/daire/162557-69
162557-88,Yeni,Silivri,İstanbul,7.900.000 TL,145,120,3 + 1,2.0,8 Katlı,8. Kat,Sıfır Bina,Yerden Isıtma,Eşyalı Değil,Boş,Kat Mülkiyeti,Kuzey,4.225 TL,https://www.hepsiemlak.com/istanbul-silivri-yeni-satilik/daire/162557-88
6680-24152,Gümüşpala,Avcılar,İstanbul,2.750.000 TL,120,110,3 + 1,1.0,5 Katlı,Yüksek Giriş,30 Yaşında,Kombi,Eşyalı Değil,Kiracılı,Kat Mülkiyeti,Güney,500 TL,https://www.hepsiemlak.com/istanbul-avcilar-gumuspala-satilik/daire/6680-24152
144780-160,Ayazağa,Sarıyer,İstanbul,26.000.000 TL,190,108,2 + 1,2.0,8 Katlı,Bahçe Katı,Sıfır Bina,Merkezi (Pay Öl...,Eşyalı Değil,Boş,Yabancıdan,"Kuzey, Güney, Batı",,https://www.hepsiemlak.com/istanbul-sariyer-ayazaga-satilik/residence/144780-160
144780-224,Bahçeşehir 1. Kısım,Başakşehir,İstanbul,6.150.000 TL,123,60,2 + 1,1.0,15 Katlı,1. Kat,3 Yaşında,Merkezi (Pay Öl...,Eşyalı,Boş,Yabancıdan,"Kuzey, Batı",6.000 TL,https://www.hepsiemlak.com/istanbul-basaksehir-bahcesehir-1-kisim-satilik/daire/144780-224
74029-459,Yalı,Kartal,İstanbul,8.300.000 TL,110,100,3 + 1,1.0,6 Katlı,Ara Kat,15 Yaşında,Kombi,Eşyalı Değil,Kiracılı,Kat Mülkiyeti,,,https://www.hepsiemlak.com/istanbul-kartal-yali-satilik/daire/74029-459
77851-277,Ayvansaray,Fatih,İstanbul,3.500.000 TL,85,80,2 + 1,1.0,5 Katlı,3. Kat,31 Yaşında,Doğalgaz Sobası,Eşyalı Değil,Boş,Yabancıdan,,150 TL,https://www.hepsiemlak.com/istanbul-fatih-ayvansaray-satilik/daire/77851-277
3990-3662,Altıntepe,Maltepe,İstanbul,9.975.000 TL,105,87,2 + 1,1.0,3 Katlı,3. Kat,35 Yaşında,Merkezi,Eşyalı Değil,Mülk Sahibi,Kat Mülkiyeti,"Güney, Doğu",,https://www.hepsiemlak.com/istanbul-maltepe-altintepe-satilik/daire/3990-3662
141517-168,Sapan Bağları,Pendik,İstanbul,7.500.000 TL,100,85,2 + 1,1.0,8 Katlı,6. Kat,15 Yaşında,Kombi,Eşyalı Değil,,Kat Mülkiyeti,Güney,400 TL,https://www.hepsiemlak.com/istanbul-pendik-sapan-baglari-satilik/daire/141517-168
132217-687,Güzelyurt,Esenyurt,İstanbul,3.499.900 TL,149,138,3 + 1,2.0,5 Katlı,3. Kat,Sıfır Bina,Kombi,Eşyalı Değil,Boş,Kat Mülkiyeti,"Kuzey, Güney, Doğu, Batı",,https://www.hepsiemlak.com/istanbul-esenyurt-guzelyurt-satilik/daire/132217-687
151714-12,Eğitim,Kadıköy,İstanbul,14.500.000 TL,110,85,3 + 1,1.0,9 Katlı,4. Kat,Sıfır Bina,Kombi,Eşyalı Değil,Boş,Kat Mülkiyeti,"Güney, Doğu",,https://www.hepsiemlak.com/istanbul-kadikoy-egitim-satilik/daire/151714-12
142510-730,Suadiye,Kadıköy,İstanbul,13.750.000 TL,95,70,2 + 1,1.0,7 Katlı,Bahçe Katı,6 Yaşında,Kombi,Eşyalı Değil,Kiracılı,Kat Mülkiyeti,"Güney, Doğu, Batı",,https://www.hepsiemlak.com/istanbul-kadikoy-suadiye-satilik/daire/142510-730
142510-748,Caddebostan,Kadıköy,İstanbul,44.950.000 TL,165,130,4 + 1,2.0,14 Katlı,12. Kat,5 Yaşında,Merkezi (Pay Öl...,Eşyalı Değil,Boş,Kat Mülkiyeti,"Kuzey, Güney, Doğu",,https://www.hepsiemlak.com/istanbul-kadikoy-caddebostan-satilik/daire/142510-748
168768-62,Mevlana,Ataşehir,İstanbul,10.950.000 TL,115,100,3 + 1,2.0,14 Katlı,4. Kat,31 Yaşında,Kombi,Eşyalı Değil,Mülk Sahibi,Kat İrtifakı,"Güney, Doğu",1.250 TL,https://www.hepsiemlak.com/istanbul-atasehir-mevlana-satilik/daire/168768-62
14713-1022,Acıbadem,Kadıköy,İstanbul,13.800.000 TL,120,100,3 + 1,1.0,5 Katlı,4. Kat,36 Yaşında,Merkezi,Eşyalı Değil,Kiracılı,Kat Mülkiyeti,"Kuzey, Doğu",1.500 TL,https://www.hepsiemlak.com/istanbul-kadikoy-acibadem-satilik/daire/14713-1022
5555-37040,Suadiye,Kadıköy,İstanbul,19.950.000 TL,110,80,2 + 1,1.0,3 Katlı,Bahçe Katı,31 Yaşında,Merkezi,Eşyalı Değil,Boş,Kat Mülkiyeti,"Güney, Doğu",,https://www.hepsiemlak.com/istanbul-kadikoy-suadiye-satilik/daire/5555-37040
40658-22034,Bozkurt,Şişli,İstanbul,13.000.000 TL,180,129,4 + 1,1.0,6 Katlı,6. Kat,33 Yaşında,Kombi,Eşyalı Değil,Boş,Kat Mülkiyeti,Güney,500 TL,https://www.hepsiemlak.com/istanbul-sisli-bozkurt-satilik/daire/40658-22034
40658-22607,Atakent,Küçükçekmece,İstanbul,12.850.000 TL,120,102,3 + 1,2.0,11 Katlı,9. Kat,20 Yaşında,Kombi,Eşyalı Değil,Mülk Sahibi,Kat Mülkiyeti,"Kuzey, Batı",,https://www.hepsiemlak.com/istanbul-kucukcekmece-atakent-satilik/daire/40658-22607
40658-22482,Atakent,Küçükçekmece,İstanbul,6.980.000 TL,60,48,1 + 1,1.0,14 Katlı,8. Kat,11 Yaşında,Merkezi (Pay Öl...,Eşyalı Değil,Boş,Kat Mülkiyeti,,,https://www.hepsiemlak.com/istanbul-kucukcekmece-atakent-satilik/daire/40658-22482
40658-22615,Ziya Gökalp,Başakşehir,İstanbul,12.950.000 TL,145,120,3 + 1,2.0,27 Katlı,Ara Kat,8 Yaşında,Merkezi (Pay Öl...,Eşyalı,Mülk Sahibi,Tapu Yok,Batı,7.000 TL,https://www.hepsiemlak.com/istanbul-basaksehir-ziya-gokalp-satilik/daire/40658-22615
40658-22540,Dursunköy,Arnavutköy,İstanbul,8.250.000 TL,88,60,2 + 1,1.0,3 Katlı,Zemin,Sıfır Bina,Merkezi (Pay Öl...,Eşyalı Değil,Boş,Tapu Yok,Güney,,https://www.hepsiemlak.com/istanbul-arnavutkoy-dursunkoy-satilik/daire/40658-22540
169844-18,Altınşehir,Ümraniye,İstanbul,6.700.000 TL,85,75,2 + 1,1.0,4 Katlı,4. Kat,6 Yaşında,Kombi,Eşyalı Değil,Boş,Kat Mülkiyeti,"Güney, Doğu",,https://www.hepsiemlak.com/istanbul-umraniye-altinsehir-satilik/daire/169844-18
169844-12,Göztepe,Kadıköy,İstanbul,18.900.000 TL,117,78,1 + 1,2.0,30 Katlı,10. Kat,6 Yaşında,Merkezi (Pay Öl...,Eşyalı Değil,Boş,Kat Mülkiyeti,"Güney, Doğu",,https://www.hepsiemlak.com/istanbul-kadikoy-goztepe-satilik/residence/169844-12
126649-36,Mimar Sinan,Tuzla,İstanbul,3.900.000 TL,76,68,2 + 1,1.0,4 Katlı,Yüksek Giriş,Sıfır Bina,Yerden Isıtma,Eşyalı Değil,Boş,Kat Mülkiyeti,"Güney, Doğu",,https://www.hepsiemlak.com/istanbul-tuzla-mimar-sinan-satilik/daire/126649-36
16076-519,Merkez,Kağıthane,İstanbul,14.500.000 TL,240,206,5 + 1,2.0,12 Katlı,Yüksek Giriş,21 Yaşında,Kombi,Eşyalı Değil,Mülk Sahibi,Kat İrtifakı,Güney,2.200 TL,https://www.hepsiemlak.com/istanbul-kagithane-merkez-satilik/daire/16076-519
168289-30,Balıkyolu,Esenyurt,İstanbul,3.150.000 TL,110,94,2 + 1,1.0,2 Katlı,Ara Kat,18 Yaşında,Kombi,Eşyalı Değil,Kiracılı,Kat İrtifakı,Güney,,https://www.hepsiemlak.com/istanbul-esenyurt-balikyolu-satilik/daire/168289-30
168271-17,Yenikent,Esenyurt,İstanbul,4.350.000 TL,100,90,2 + 1,2.0,10 Katlı,2. Kat,6 Yaşında,Merkezi (Pay Öl...,Eşyalı Değil,Kiracılı,Kat Mülkiyeti,,3.500 TL,https://www.hepsiemlak.com/istanbul-esenyurt-yenikent-satilik/daire/168271-17
168394-14,Osmangazi,Esenyurt,İstanbul,3.735.000 TL,135,125,3 + 1,1.0,5 Katlı,1. Kat,11 Yaşında,Kombi,Eşyalı Değil,Kiracılı,Kat İrtifakı,"Kuzey, Güney, Doğu, Batı",300 TL,https://www.hepsiemlak.com/istanbul-esenyurt-osmangazi-satilik/daire/168394-14
168534-21,Yeşilkent,Esenyurt,İstanbul,3.750.000 TL,92,85,2 + 1,2.0,27 Katlı,18. Kat,11 Yaşında,Merkezi (Pay Öl...,Eşyalı Değil,Kiracılı,Kat Mülkiyeti,Doğu,4.170 TL,https://www.hepsiemlak.com/istanbul-esenyurt-yesilkent-satilik/daire/168534-21
168534-5,Piri Reis,Esenyurt,İstanbul,3.300.000 TL,142,110,2 + 1,2.0,15 Katlı,10. Kat,6 Yaşında,Merkezi (Pay Öl...,Eşyalı Değil,Boş,Kat İrtifakı,"Güney, Batı",,https://www.hepsiemlak.com/istanbul-esenyurt-piri-reis-satilik/daire/168534-5
168534-2,Gökevler,Esenyurt,İstanbul,2.699.999 TL,65,60,1 + 1,1.0,12 Katlı,7. Kat,6 Yaşında,Kombi,Eşyalı Değil,Kiracılı,Yabancıdan,Güney,,https://www.hepsiemlak.com/istanbul-esenyurt-gokevler-satilik/daire/168534-2
168547-19,Piri Reis,Esenyurt,İstanbul,3.290.000 TL,165,145,3 + 1,2.0,25 Katlı,12. Kat,6 Yaşında,Merkezi (Pay Öl...,Eşyalı Değil,Boş,Yabancıdan,"Güney, Doğu",3.850 TL,https://www.hepsiemlak.com/istanbul-esenyurt-piri-reis-satilik/daire/168547-19
168556-6,Talatpaşa,Esenyurt,İstanbul,3.000.000 TL,90,85,2 + 1,1.0,6 Katlı,4. Kat,6 Yaşında,Kombi,Eşyalı Değil,Boş,Kat İrtifakı,Güney,200 TL,https://www.hepsiemlak.com/istanbul-esenyurt-talatpasa-satilik/daire/168556-6
125044-730,Şehitler,Esenyurt,İstanbul,1.550.000 TL,90,70,2 + 1,1.0,4 Katlı,Bahçe Katı,6 Yaşında,Kombi,Eşyalı,Boş,Kat Mülkiyeti,"Güney, Doğu",100 TL,https://www.hepsiemlak.com/istanbul-esenyurt-sehitler-satilik/daire/125044-730
168590-2,Üçevler,Esenyurt,İstanbul,2.500.000 TL,72,60,1 + 1,1.0,13 Katlı,7. Kat,6 Yaşında,Merkezi (Pay Öl...,Eşyalı Değil,Boş,Yabancıdan,"Güney, Doğu",2.200 TL,https://www.hepsiemlak.com/istanbul-esenyurt-ucevler-satilik/daire/168590-2
168649-7,Çınar,Esenyurt,İstanbul,1.699.000 TL,110,95,2 + 1,1.0,5 Katlı,2. Kat,5 Yaşında,Kombi,Eşyalı Değil,Kiracılı,Kat Mülkiyeti,"Güney, Doğu",300 TL,https://www.hepsiemlak.com/istanbul-esenyurt-cinar-satilik/daire/168649-7
168649-14,Yeşilkent,Esenyurt,İstanbul,1.535.000 TL,95,80,1 + 1,1.0,22 Katlı,5. Kat,11 Yaşında,Kombi,Eşyalı Değil,Kiracılı,Yabancıdan,"Güney, Doğu",2.200 TL,https://www.hepsiemlak.com/istanbul-esenyurt-yesilkent-satilik/daire/168649-14
168649-13,Örnek,Esenyurt,İstanbul,1.259.000 TL,110,100,2 + 1,1.0,6 Katlı,Bahçe Katı,6 Yaşında,Kombi,Eşyalı Değil,Kiracılı,Yabancıdan,"Güney, Doğu",250 TL,https://www.hepsiemlak.com/istanbul-esenyurt-ornek-satilik/daire/168649-13
168649-11,Kavaklı,Beylikdüzü,İstanbul,4.439.000 TL,130,120,2 + 1,1.0,5 Katlı,3. Kat,6 Yaşında,Kombi,Eşyalı Değil,Boş,Yabancıdan,"Güney, Doğu",500 TL,https://www.hepsiemlak.com/istanbul-beylikduzu-kavakli-satilik/daire/168649-11
168662-14,Mehterçeşme,Esenyurt,İstanbul,4.200.000 TL,140,130,3 + 1,1.0,6 Katlı,3. Kat,6 Yaşında,Kombi,Eşyalı Değil,Kiracılı,Kat Mülkiyeti,"Güney, Doğu",,https://www.hepsiemlak.com/istanbul-esenyurt-mehtercesme-satilik/daire/168662-14
168765-53,Atatürk,Büyükçekmece,İstanbul,3.680.000 TL,90,80,2 + 1,1.0,5 Katlı,Bahçe Katı,6 Yaşında,Kombi,Eşyalı Değil,Kiracılı,Kat İrtifakı,,600 TL,https://www.hepsiemlak.com/istanbul-buyukcekmece-ataturk-satilik/daire/168765-53
168779-5,Sahil,Beylikdüzü,İstanbul,6.450.000 TL,125,100,2 + 1,2.0,4 Katlı,1. Kat,5 Yaşında,Kombi,Eşyalı Değil,Mülk Sahibi,Kat İrtifakı,Batı,,https://www.hepsiemlak.com/istanbul-beylikduzu-sahil-satilik/daire/168779-5
168819-18,Barış,Beylikdüzü,İstanbul,5.145.000 TL,85,70,1 + 1,1.0,10 Katlı,8. Kat,11 Yaşında,Merkezi (Pay Öl...,Eşyalı Değil,Kiracılı,Yabancıdan,"Güney, Doğu, Batı",,https://www.hepsiemlak.com/istanbul-beylikduzu-baris-satilik/daire/168819-18
168819-61,Koza,Esenyurt,İstanbul,2.125.000 TL,73,60,1 + 1,1.0,14 Katlı,9. Kat,6 Yaşında,Merkezi,Eşyalı,Boş,Yabancıdan,Güney,,https://www.hepsiemlak.com/istanbul-esenyurt-koza-satilik/daire/168819-61
163577-140,İstinye,Sarıyer,İstanbul,200.000.000 TL,650,600,7 + 2,6.0,3 Katlı,Bahçe Katı,16 Yaşında,Yerden Isıtma,Eşyalı Değil,Boş,Kat Mülkiyeti,"Kuzey, Güney, Doğu, Batı",,https://www.hepsiemlak.com/istanbul-sariyer-istinye-satilik/villa/163577-140
163577-138,Yıldız,Beşiktaş,İstanbul,14.900.000 TL,105,95,2 + 1,1.0,6 Katlı,3. Kat,26 Yaşında,Kombi,Eşyalı Değil,Boş,Kat Mülkiyeti,"Kuzey, Güney, Doğu",,https://www.hepsiemlak.com/istanbul-besiktas-yildiz-satilik/daire/163577-138
6334-30306,Piri Reis,Esenyurt,İstanbul,7.250.000 TL,150,110,3 + 1,2.0,9 Katlı,4. Kat,1 Yaşında,Kombi,Eşyalı Değil,Boş,Kat Mülkiyeti,Doğu,1.250 TL,https://www.hepsiemlak.com/istanbul-esenyurt-piri-reis-satilik/daire/6334-30306
169048-13,Karadolap,Eyüpsultan,İstanbul,6.250.000 TL,90,85,2 + 1,1.0,10 Katlı,2. Kat,3 Yaşında,Kombi,Eşyalı Değil,Boş,Kat Mülkiyeti,,,https://www.hepsiemlak.com/istanbul-eyupsultan-karadolap-satilik/daire/169048-13
167506-262,Tahtakale,Avcılar,İstanbul,8.900.000 TL,191,140,3 + 1,2.0,18 Katlı,1. Kat,10 Yaşında,Soba,Eşyalı Değil,,Tapu Yok,,,https://www.hepsiemlak.com/istanbul-avcilar-tahtakale-satilik/daire/167506-262
6056-14154,Siyavuşpaşa,Bahçelievler,İstanbul,6.400.000 TL,80,68,2 + 1,1.0,5 Katlı,5. Kat,11 Yaşında,Kombi,Eşyalı Değil,Boş,Kat Mülkiyeti,"Kuzey, Güney",,https://www.hepsiemlak.com/istanbul-bahcelievler-siyavuspasa-satilik/daire/6056-14154
167506-261,Tahtakale,Avcılar,İstanbul,9.950.000 TL,176,140,3 + 1,2.0,15 Katlı,15. Kat,16 Yaşında,Kombi,Eşyalı Değil,Mülk Sahibi,Yabancıdan,"Kuzey, Güney, Doğu, Batı",,https://www.hepsiemlak.com/istanbul-avcilar-tahtakale-satilik/daire/167506-261
67656-138,Batı,Pendik,İstanbul,4.300.000 TL,95,75,2 + 1,1.0,4 Katlı,1. Kat,31 Yaşında,Kombi,Eşyalı Değil,Kiracılı,Kat İrtifakı,"Doğu, Batı",1 TL,https://www.hepsiemlak.com/istanbul-pendik-bati-satilik/daire/67656-138
67656-134,Doğu,Pendik,İstanbul,4.800.000 TL,125,110,3 + 1,1.0,4 Katlı,1. Kat,31 Yaşında,Kombi,Eşyalı Değil,Kiracılı,Kat İrtifakı,Batı,1 TL,https://www.hepsiemlak.com/istanbul-pendik-dogu-satilik/daire/67656-134
164895-54,İmrenli,Şile,İstanbul,20.000.000 TL,200,180,5 + 1,4.0,3 Katlı,Bahçe Katı,1 Yaşında,Yerden Isıtma,Eşyalı Değil,Mülk Sahibi,Kat İrtifakı,Doğu,,https://www.hepsiemlak.com/istanbul-sile-imrenli-satilik/villa/164895-54
144584-126,Cumhuriyet,Beylikdüzü,İstanbul,3.450.000 TL,250,219,4 + 1,1.0,5 Katlı,5. Kat,1 Yaşında,Kombi,Eşyalı Değil,Boş,Yabancıdan,Güney,,https://www.hepsiemlak.com/istanbul-beylikduzu-cumhuriyet-satilik/daire/144584-126
23826-4767,Suadiye,Kadıköy,İstanbul,95.000.000 TL,180,140,4 + 1,1.0,4 Katlı,1. Kat,8 Yaşında,Merkezi (Pay Öl...,,Boş,Kat Mülkiyeti,,30.000 TL,https://www.hepsiemlak.com/istanbul-kadikoy-suadiye-satilik/daire/23826-4767
31770-39094,Caddebostan,Kadıköy,İstanbul,19.950.000 TL,85,68,2 + 1,2.0,8 Katlı,3. Kat,Sıfır Bina,Kombi,Eşyalı Değil,Boş,Kat Mülkiyeti,"Kuzey, Güney, Doğu",,https://www.hepsiemlak.com/istanbul-kadikoy-caddebostan-satilik/daire/31770-39094
23826-4771,Fenerbahçe,Kadıköy,İstanbul,43.000.000 TL,175,140,4 + 1,2.0,8 Katlı,5. Kat,9 Yaşında,Kombi,Eşyalı Değil,Mülk Sahibi,Kat Mülkiyeti,"Kuzey, Doğu, Batı",,https://www.hepsiemlak.com/istanbul-kadikoy-fenerbahce-satilik/daire/23826-4771
128979-564,Ortabayır,Kağıthane,İstanbul,7.900.000 TL,105,85,3 + 1,1.0,4 Katlı,Ara Kat,6 Yaşında,Kombi,Eşyalı Değil,Boş,Kat Mülkiyeti,Güney,,https://www.hepsiemlak.com/istanbul-kagithane-ortabayir-satilik/daire/128979-564
169846-4,Mehmet Akif Ersoy,Kağıthane,İstanbul,7.100.000 TL,105,85,2 + 1,1.0,4 Katlı,Yüksek Giriş,11 Yaşında,Kombi,Eşyalı Değil,Kiracılı,Kat Mülkiyeti,Güney,400 TL,https://www.hepsiemlak.com/istanbul-kagithane-mehmet-akif-ersoy-satilik/daire/169846-4
111551-2160,Siyavuşpaşa,Bahçelievler,İstanbul,7.590.000 TL,85,77,2 + 1,1.0,5 Katlı,2. Kat,4 Yaşında,Kombi,Eşyalı Değil,Mülk Sahibi,Kat Mülkiyeti,,,https://www.hepsiemlak.com/istanbul-bahcelievler-siyavuspasa-satilik/daire/111551-2160
144584-122,Güzelyurt,Esenyurt,İstanbul,2.199.000 TL,95,79,2 + 1,,3 Katlı,Ara Kat,Sıfır Bina,Kombi,Eşyalı Değil,Boş,Yabancıdan,"Güney, Doğu",,https://www.hepsiemlak.com/istanbul-esenyurt-guzelyurt-satilik/daire/144584-122
158894-70,15 Temmuz,Bağcılar,İstanbul,7.750.000 TL,148,97,5 + 1,2.0,5 Katlı,5. Kat,Sıfır Bina,Kombi,Eşyalı Değil,Kiracılı,Kat İrtifakı,"Güney, Doğu",1.000 TL,https://www.hepsiemlak.com/istanbul-bagcilar-15-temmuz-satilik/daire/158894-70
158894-62,Güneşli,Bağcılar,İstanbul,5.250.000 TL,120,105,3 + 1,1.0,6 Katlı,3. Kat,21 Yaşında,Kombi,Eşyalı Değil,Kiracılı,Hisseli Tapu,"Kuzey, Güney",250 TL,https://www.hepsiemlak.com/istanbul-bagcilar-gunesli-satilik/daire/158894-62
167844-23,Üçevler,Esenyurt,İstanbul,1.100.000 TL,100,90,2 + 1,1.0,5 Katlı,Bahçe Katı,5 Yaşında,Kombi,Eşyalı Değil,Boş,Yabancıdan,Güney,,https://www.hepsiemlak.com/istanbul-esenyurt-ucevler-satilik/daire/167844-23
144584-125,Güzelyurt,Esenyurt,İstanbul,1.840.000 TL,118,84,2 + 1,1.0,19 Katlı,2. Kat,Sıfır Bina,Kombi,Eşyalı Değil,Boş,Yabancıdan,Güney,,https://www.hepsiemlak.com/istanbul-esenyurt-guzelyurt-satilik/daire/144584-125
134963-93,Suadiye,Kadıköy,İstanbul,25.950.000 TL,125,90,3 + 1,2.0,12 Katlı,2. Kat,Sıfır Bina,Merkezi (Pay Öl...,Eşyalı Değil,Boş,Yabancıdan,Batı,,https://www.hepsiemlak.com/istanbul-kadikoy-suadiye-satilik/daire/134963-93
144584-124,Cumhuriyet,Beylikdüzü,İstanbul,1.420.000 TL,130,119,2 + 1,1.0,5 Katlı,Giriş Katı,4 Yaşında,Kombi,Eşyalı Değil,Boş,Yabancıdan,Doğu,,https://www.hepsiemlak.com/istanbul-beylikduzu-cumhuriyet-satilik/daire/144584-124
165529-1,Cumhuriyet,Küçükçekmece,İstanbul,8.950.000 TL,210,180,4 + 1,2.0,5 Katlı,5. Kat,5 Yaşında,Kombi,Eşyalı Değil,Kiracılı,Kat Mülkiyeti,Kuzey,500 TL,https://www.hepsiemlak.com/istanbul-kucukcekmece-cumhuriyet-satilik/daire/165529-1
76986-111,Suadiye,Kadıköy,İstanbul,59.500.000 TL,180,150,3 + 1,2.0,11 Katlı,2. Kat,6 Yaşında,Yerden Isıtma,Eşyalı Değil,Boş,Kat Mülkiyeti,"Güney, Doğu",,https://www.hepsiemlak.com/istanbul-kadikoy-suadiye-satilik/daire/76986-111
3990-3532,Küçükyalı,Maltepe,İstanbul,9.400.000 TL,110,90,2 + 1,2.0,4 Katlı,1. Kat,11 Yaşında,Kombi,Eşyalı Değil,Kiracılı,Kat Mülkiyeti,"Güney, Batı",,https://www.hepsiemlak.com/istanbul-maltepe-kucukyali-satilik/daire/3990-3532
3990-3681,Altıntepe,Maltepe,İstanbul,8.975.000 TL,77,71,2 + 1,1.0,4 Katlı,Bahçe Katı,15 Yaşında,Kombi,Eşyalı Değil,Mülk Sahibi,Kat Mülkiyeti,Doğu,,https://www.hepsiemlak.com/istanbul-maltepe-altintepe-satilik/daire/3990-3681
70127-2182,Güzelyalı,Pendik,İstanbul,38.000.000 TL,350,244,5 + 2,4.0,3 Katlı,,Sıfır Bina,Kombi,Eşyalı Değil,Boş,Kat Mülkiyeti,"Güney, Doğu, Batı",,https://www.hepsiemlak.com/istanbul-pendik-guzelyali-satilik/villa/70127-2182
146119-240,Nine Hatun,Esenler,İstanbul,6.200.000 TL,130,120,3 + 1,1.0,6 Katlı,2. Kat,25 Yaşında,Kombi,Eşyalı Değil,Kiracılı,Hisseli Tapu,Güney,200 TL,https://www.hepsiemlak.com/istanbul-esenler-nine-hatun-satilik/daire/146119-240
136375-1086,Atatürk,Esenyurt,İstanbul,2.350.000 TL,62,60,1 + 1,1.0,8 Katlı,6. Kat,11 Yaşında,Kombi,Eşyalı,Boş,Kat Mülkiyeti,"Güney, Doğu",3.500 TL,https://www.hepsiemlak.com/istanbul-esenyurt-ataturk-satilik/daire/136375-1086
6019-2622,Mecidiyeköy,Şişli,İstanbul,4.800.000 TL,85,84,2 + 1,1.0,5 Katlı,2. Kat,20 Yaşında,Kombi,Eşyalı,Boş,Arsa,"Doğu, Batı",,https://www.hepsiemlak.com/istanbul-sisli-mecidiyekoy-satilik/daire/6019-2622
95442-484,Cumhuriyet,Küçükçekmece,İstanbul,6.850.000 TL,230,218,4 + 2,2.0,4 Katlı,3. Kat,16 Yaşında,Kombi,Eşyalı Değil,Mülk Sahibi,Kat İrtifakı,,,https://www.hepsiemlak.com/istanbul-kucukcekmece-cumhuriyet-satilik/daire/95442-484
69537-102911,Göktürk Merkez,Eyüpsultan,İstanbul,51.500.000 TL,245,190,4 + 1,3.0,6 Katlı,5. Kat,13 Yaşında,Merkezi (Pay Öl...,Eşyalı Değil,Mülk Sahibi,Kat Mülkiyeti,"Doğu, Batı",,https://www.hepsiemlak.com/istanbul-eyupsultan-gokturk-merkez-satilik/residence/69537-102911
126649-20,Mimar Sinan,Tuzla,İstanbul,5.050.000 TL,94,86,2 + 1,1.0,4 Katlı,1. Kat,Sıfır Bina,Yerden Isıtma,Eşyalı Değil,Boş,Kat Mülkiyeti,"Güney, Doğu",,https://www.hepsiemlak.com/istanbul-tuzla-mimar-sinan-satilik/daire/126649-20
126649-35,Mimar Sinan,Tuzla,İstanbul,5.100.000 TL,92,84,2 + 1,1.0,4 Katlı,2. Kat,Sıfır Bina,Yerden Isıtma,Eşyalı Değil,Boş,Kat Mülkiyeti,"Güney, Doğu",,https://www.hepsiemlak.com/istanbul-tuzla-mimar-sinan-satilik/daire/126649-35
126649-32,Kavakpınar,Pendik,İstanbul,6.250.000 TL,105,88,2 + 1,2.0,9 Katlı,7. Kat,6 Yaşında,Yerden Isıtma,Eşyalı Değil,Kiracılı,Kat Mülkiyeti,"Güney, Doğu",2.500 TL,https://www.hepsiemlak.com/istanbul-pendik-kavakpinar-satilik/daire/126649-32
169504-12,Çavuş,Şile,İstanbul,12.600.000 TL,181,161,3 + 2,2.0,4 Katlı,4. Kat,4 Yaşında,Kombi,Eşyalı Değil,Boş,Kat Mülkiyeti,,,https://www.hepsiemlak.com/istanbul-sile-cavus-satilik/daire/169504-12
139911-464,Duatepe,Şişli,İstanbul,5.800.000 TL,85,75,2 + 1,1.0,5 Katlı,3. Kat,35 Yaşında,Kombi,Eşyalı Değil,Kiracılı,Kat İrtifakı,,400 TL,https://www.hepsiemlak.com/istanbul-sisli-duatepe-satilik/daire/139911-464
40658-22665,Kemalpaşa,Bağcılar,İstanbul,2.975.000 TL,200,180,2 + 1,2.0,4 Katlı,Çatı Katı,56 Yaşında,Kombi,Eşyalı Değil,Boş,Arsa,"Kuzey, Güney, Doğu, Batı",,https://www.hepsiemlak.com/istanbul-bagcilar-kemalpasa-satilik/daire/40658-22665
40658-22715,Halkalı Merkez,Küçükçekmece,İstanbul,7.950.000 TL,145,127,3 + 1,1.0,10 Katlı,Yüksek Giriş,15 Yaşında,Kombi,Eşyalı Değil,Kiracılı,Kat Mülkiyeti,,2.500 TL,https://www.hepsiemlak.com/istanbul-kucukcekmece-halkali-merkez-satilik/daire/40658-22715
40658-22723,Zafer,Bahçelievler,İstanbul,12.000.000 TL,354,295,1 + 1,1.0,4 Katlı,,31 Yaşında,Kombi,Eşyalı Değil,Kiracılı,Arsa,,100 TL,https://www.hepsiemlak.com/istanbul-bahcelievler-zafer-satilik/bina/40658-22723
40658-22521,Mehmet Akif Ersoy,Esenyurt,İstanbul,4.950.000 TL,155,140,3 + 1,1.0,18 Katlı,16. Kat,7 Yaşında,Kombi,Eşyalı Değil,Mülk Sahibi,Kat Mülkiyeti,,4.500 TL,https://www.hepsiemlak.com/istanbul-esenyurt-mehmet-akif-ersoy-satilik/daire/40658-22521
14713-1023,Hasanpaşa,Kadıköy,İstanbul,9.800.000 TL,90,75,2 + 1,1.0,5 Katlı,2. Kat,9 Yaşında,Kombi,Eşyalı Değil,Kiracılı,Kat Mülkiyeti,"Kuzey, Güney, Doğu, Batı",1.000 TL,https://www.hepsiemlak.com/istanbul-kadikoy-hasanpasa-satilik/daire/14713-1023
14713-1020,Hasanpaşa,Kadıköy,İstanbul,9.500.000 TL,100,85,2 + 1,1.0,5 Katlı,2. Kat,12 Yaşında,Kombi,Eşyalı Değil,Boş,Kat Mülkiyeti,"Güney, Doğu, Batı",500 TL,https://www.hepsiemlak.com/istanbul-kadikoy-hasanpasa-satilik/daire/14713-1020
145390-285,Suadiye,Kadıköy,İstanbul,26.950.000 TL,133,102,3 + 1,2.0,13 Katlı,9. Kat,Sıfır Bina,Kombi,Eşyalı Değil,Boş,Arsa,"Kuzey, Güney, Doğu, Batı",2.000 TL,https://www.hepsiemlak.com/istanbul-kadikoy-suadiye-satilik/daire/145390-285
147960-7,Güzelce,Büyükçekmece,İstanbul,9.700.000 TL,157,110,2 + 1,3.0,8 Katlı,2. Kat,2 Yaşında,Merkezi (Pay Öl...,Eşyalı Değil,Mülk Sahibi,Müstakil Tapulu,"Güney, Doğu",,https://www.hepsiemlak.com/istanbul-buyukcekmece-guzelce-satilik/daire/147960-7
167819-177,Armağanevler,Ümraniye,İstanbul,8.700.000 TL,135,120,4 + 1,2.0,5 Katlı,4. Kat,11 Yaşında,Kombi,Eşyalı Değil,Kiracılı,Kat İrtifakı,Güney,350 TL,https://www.hepsiemlak.com/istanbul-umraniye-armaganevler-satilik/daire/167819-177
167819-102,Armağanevler,Ümraniye,İstanbul,11.850.000 TL,140,120,3 + 1,2.0,12 Katlı,12. Kat,6 Yaşında,Kombi,Eşyalı Değil,Boş,Kat Mülkiyeti,"Kuzey, Güney, Doğu, Batı",,https://www.hepsiemlak.com/istanbul-umraniye-armaganevler-satilik/daire/167819-102
167819-178,Çakmak,Ümraniye,İstanbul,7.200.000 TL,125,110,3 + 1,1.0,4 Katlı,4. Kat,Sıfır Bina,Kombi,Eşyalı Değil,Boş,Kat Mülkiyeti,Güney,,https://www.hepsiemlak.com/istanbul-umraniye-cakmak-satilik/daire/167819-178
2501-2117,Erenköy,Kadıköy,İstanbul,22.000.000 TL,135,95,3 + 1,2.0,11 Katlı,1. Kat,6 Yaşında,Merkezi (Pay Öl...,Eşyalı Değil,Boş,Kat Mülkiyeti,Güney,,https://www.hepsiemlak.com/istanbul-kadikoy-erenkoy-satilik/daire/2501-2117
167819-137,Küçük Çamlıca,Üsküdar,İstanbul,52.000.000 TL,450,315,5 + 2,4.0,4 Katlı,Bahçe Katı,31 Yaşında,Kombi,Eşyalı Değil,Mülk Sahibi,Kat İrtifakı,,,https://www.hepsiemlak.com/istanbul-uskudar-kucuk-camlica-satilik/villa/167819-137
167819-164,Sultançiftliği,Çekmeköy,İstanbul,8.249.000 TL,125,115,3 + 1,2.0,9 Katlı,3. Kat,2 Yaşında,Kombi,Eşyalı Değil,Boş,Kat Mülkiyeti,"Güney, Doğu, Batı",,https://www.hepsiemlak.com/istanbul-cekmekoy-sultanciftligi-satilik/daire/167819-164
6680-24145,Cihangir,Avcılar,İstanbul,6.350.000 TL,140,130,3 + 1,2.0,4 Katlı,Ara Kat,21 Yaşında,Kombi,Eşyalı Değil,Mülk Sahibi,Kat Mülkiyeti,Güney,500 TL,https://www.hepsiemlak.com/istanbul-avcilar-cihangir-satilik/daire/6680-24145
1794-3044,Zafer,Bahçelievler,İstanbul,1.950.000 TL,75,70,2 + 1,1.0,4 Katlı,Zemin,26 Yaşında,Kombi,Eşyalı Değil,Kiracılı,Hisseli Tapu,Güney,200 TL,https://www.hepsiemlak.com/istanbul-bahcelievler-zafer-satilik/daire/1794-3044
169034-9,Hürriyet,Kartal,İstanbul,8.450.000 TL,115,100,3 + 1,2.0,12 Katlı,1. Kat,Sıfır Bina,Merkezi,Eşyalı Değil,Boş,Kat Mülkiyeti,Güney,1.700 TL,https://www.hepsiemlak.com/istanbul-kartal-hurriyet-satilik/daire/169034-9
145446-847,Nine Hatun,Esenler,İstanbul,3.800.000 TL,120,110,3 + 1,2.0,6 Katlı,3. Kat,29 Yaşında,Kombi,Eşyalı Değil,Kiracılı,Hisseli Tapu,"Kuzey, Güney, Doğu, Batı",,https://www.hepsiemlak.com/istanbul-esenler-nine-hatun-satilik/daire/145446-847
145446-859,Nine Hatun,Esenler,İstanbul,8.750.000 TL,130,110,3 + 1,1.0,4 Katlı,4. Kat,2 Yaşında,Kombi,Eşyalı Değil,Boş,Kat Mülkiyeti,"Kuzey, Güney, Doğu, Batı",,https://www.hepsiemlak.com/istanbul-esenler-nine-hatun-satilik/daire/145446-859
62127-1440,Cihangir,Beyoğlu,İstanbul,26.500.000 TL,128,118,2 + 1,2.0,3 Katlı,3. Kat,21 Yaşında,Kombi,,Boş,Kat Mülkiyeti,"Güney, Doğu, Batı",750 TL,https://www.hepsiemlak.com/istanbul-beyoglu-cihangir-satilik/daire/62127-1440
168723-44,Yenişehir,Pendik,İstanbul,14.600.000 TL,153,120,3 + 1,2.0,9 Katlı,8. Kat,11 Yaşında,Kombi,Eşyalı Değil,Boş,Kat Mülkiyeti,"Kuzey, Güney, Doğu",5.300 TL,https://www.hepsiemlak.com/istanbul-pendik-yenisehir-satilik/daire/168723-44
1075-6868,Pınartepe,Büyükçekmece,İstanbul,14.500.000 TL,200,180,4 + 1,2.0,4 Katlı,3. Kat,9 Yaşında,Kombi,Eşyalı Değil,Mülk Sahibi,Kat Mülkiyeti,"Doğu, Batı",4.000 TL,https://www.hepsiemlak.com/istanbul-buyukcekmece-pinartepe-satilik/daire/1075-6868
169941-1,Mimaroba,Büyükçekmece,İstanbul,14.300.000 TL,175,170,4 + 1,2.0,9 Katlı,2. Kat,11 Yaşında,Kombi,Eşyalı Değil,Mülk Sahibi,Kat Mülkiyeti,"Kuzey, Doğu, Batı",6.400 TL,https://www.hepsiemlak.com/istanbul-buyukcekmece-mimaroba-satilik/daire/169941-1
164415-134,Dereağzı,Beylikdüzü,İstanbul,4.750.000 TL,100,85,2 + 1,1.0,4 Katlı,2. Kat,11 Yaşında,Kombi,Eşyalı Değil,Mülk Sahibi,Kat Mülkiyeti,Güney,500 TL,https://www.hepsiemlak.com/istanbul-beylikduzu-dereagzi-satilik/daire/164415-134
169949-17,Çırpıcı,Zeytinburnu,İstanbul,6.400.000 TL,130,110,2 + 2,2.0,5 Katlı,4. Kat,4 Yaşında,Kombi,Eşyalı Değil,Kiracılı,Kat İrtifakı,"Güney, Batı",,https://www.hepsiemlak.com/istanbul-zeytinburnu-cirpici-satilik/daire/169949-17
169953-3,Akşemsettin,Fatih,İstanbul,9.500.000 TL,160,150,3 + 1,1.0,5 Katlı,2. Kat,31 Yaşında,Kombi,Eşyalı Değil,Boş,Kat Mülkiyeti,Güney,,https://www.hepsiemlak.com/istanbul-fatih-aksemsettin-satilik/daire/169953-3
169953-2,Ayvansaray,Fatih,İstanbul,1.700.000 TL,75,65,2 + 1,1.0,4 Katlı,Zemin,31 Yaşında,Kombi,Eşyalı Değil,Boş,Kat Mülkiyeti,Güney,,https://www.hepsiemlak.com/istanbul-fatih-ayvansaray-satilik/daire/169953-2
169953-6,Akşemsettin,Fatih,İstanbul,9.200.000 TL,160,150,3 + 1,1.0,5 Katlı,2. Kat,31 Yaşında,Kombi,Eşyalı Değil,Boş,Kat Mülkiyeti,Güney,,https://www.hepsiemlak.com/istanbul-fatih-aksemsettin-satilik/daire/169953-6
132844-306,Barbaros Hayrettin Paşa,Esenyurt,İstanbul,5.700.000 TL,120,95,2 + 1,1.0,11 Katlı,11. Kat,5 Yaşında,Kombi,Eşyalı Değil,Mülk Sahibi,Kat Mülkiyeti,,,https://www.hepsiemlak.com/istanbul-esenyurt-barbaros-hayrettin-pasa-satilik/daire/132844-306
169950-21,Molla Gürani,Fatih,İstanbul,10.500.000 TL,150,130,3 + 1,2.0,5 Katlı,4. Kat,31 Yaşında,Merkezi,Eşyalı,Mülk Sahibi,Kat Mülkiyeti,Güney,1.500 TL,https://www.hepsiemlak.com/istanbul-fatih-molla-gurani-satilik/daire/169950-21
169950-18,Başakşehir,Başakşehir,İstanbul,16.900.000 TL,195,170,3 + 1,3.0,17 Katlı,5. Kat,6 Yaşında,Kombi,Eşyalı Değil,Mülk Sahibi,Kat Mülkiyeti,,,https://www.hepsiemlak.com/istanbul-basaksehir-basaksehir-satilik/daire/169950-18
169950-10,Molla Gürani,Fatih,İstanbul,7.950.000 TL,120,110,3 + 1,2.0,4 Katlı,3. Kat,31 Yaşında,Kombi,Eşyalı Değil,Kiracılı,Kat Mülkiyeti,,100 TL,https://www.hepsiemlak.com/istanbul-fatih-molla-gurani-satilik/daire/169950-10
169950-4,Molla Gürani,Fatih,İstanbul,5.750.000 TL,90,80,2 + 1,2.0,5 Katlı,1. Kat,31 Yaşında,Kombi,Eşyalı Değil,Mülk Sahibi,Kat Mülkiyeti,Güney,150 TL,https://www.hepsiemlak.com/istanbul-fatih-molla-gurani-satilik/daire/169950-4
169946-5,Kemer,Esenler,İstanbul,6.300.000 TL,85,75,2 + 1,1.0,5 Katlı,2. Kat,Sıfır Bina,Kombi,Eşyalı Değil,Boş,Kat Mülkiyeti,"Kuzey, Güney, Doğu, Batı",,https://www.hepsiemlak.com/istanbul-esenler-kemer-satilik/daire/169946-5
169946-3,Menderes,Esenler,İstanbul,4.250.000 TL,120,110,2 + 1,1.0,6 Katlı,1. Kat,26 Yaşında,Kombi,Eşyalı,Boş,Hisseli Tapu,"Kuzey, Güney, Doğu, Batı",200 TL,https://www.hepsiemlak.com/istanbul-esenler-menderes-satilik/daire/169946-3
169946-2,Kemer,Esenler,İstanbul,5.850.000 TL,100,90,2 + 1,1.0,5 Katlı,2. Kat,11 Yaşında,Kombi,Eşyalı Değil,Kiracılı,Kat Mülkiyeti,Güney,200 TL,https://www.hepsiemlak.com/istanbul-esenler-kemer-satilik/daire/169946-2
169946-1,Fevzi Çakmak,Esenler,İstanbul,4.700.000 TL,150,130,3 + 1,1.0,6 Katlı,3. Kat,21 Yaşında,Kombi,Eşyalı Değil,Boş,Hisseli Tapu,Güney,,https://www.hepsiemlak.com/istanbul-esenler-fevzi-cakmak-satilik/daire/169946-1
169946-7,Demirkapı,Bağcılar,İstanbul,4.500.000 TL,130,105,3 + 1,1.0,5 Katlı,1. Kat,21 Yaşında,Kombi,Eşyalı Değil,Kiracılı,Kat İrtifakı,"Kuzey, Güney, Doğu, Batı",,https://www.hepsiemlak.com/istanbul-bagcilar-demirkapi-satilik/daire/169946-7
165076-165,Alibeyköy,Eyüpsultan,İstanbul,9.990.000 TL,105,95,3 + 1,1.0,13 Katlı,7. Kat,Sıfır Bina,Yerden Isıtma,Eşyalı Değil,Boş,Kat Mülkiyeti,"Güney, Doğu",,https://www.hepsiemlak.com/istanbul-eyupsultan-alibeykoy-satilik/daire/165076-165
165076-188,Zübeyde Hanım,Sultangazi,İstanbul,4.400.000 TL,100,90,2 + 1,1.0,5 Katlı,3. Kat,26 Yaşında,Kombi,Eşyalı Değil,Boş,Kat İrtifakı,"Kuzey, Güney",,https://www.hepsiemlak.com/istanbul-sultangazi-zubeyde-hanim-satilik/daire/165076-188
169943-1,Akşemsettin,Fatih,İstanbul,2.900.000 TL,90,80,2 + 1,1.0,5 Katlı,Bahçe Katı,26 Yaşında,Kombi,Eşyalı Değil,Kiracılı,Kat Mülkiyeti,,40 TL,https://www.hepsiemlak.com/istanbul-fatih-aksemsettin-satilik/daire/169943-1
169969-14,Celaliye,Büyükçekmece,İstanbul,11.500.000 TL,250,200,5 + 1,3.0,3 Katlı,Bahçe Katı,26 Yaşında,Kombi,Eşyalı Değil,Boş,Kat Mülkiyeti,Güney,,https://www.hepsiemlak.com/istanbul-buyukcekmece-celaliye-satilik/villa/169969-14
169969-18,Zeyrek,Fatih,İstanbul,5.500.000 TL,110,100,3 + 1,1.0,4 Katlı,3. Kat,31 Yaşında,Kombi,Eşyalı Değil,Kiracılı,Kat Mülkiyeti,Güney,,https://www.hepsiemlak.com/istanbul-fatih-zeyrek-satilik/daire/169969-18
169969-20,Zeyrek,Fatih,İstanbul,5.500.000 TL,120,100,3 + 1,1.0,3 Katlı,1. Kat,31 Yaşında,Doğalgaz Sobası,Eşyalı Değil,Kiracılı,Kat Mülkiyeti,Güney,,https://www.hepsiemlak.com/istanbul-fatih-zeyrek-satilik/daire/169969-20
169969-3,Akşemsettin,Fatih,İstanbul,1.950.000 TL,80,75,2 + 1,1.0,4 Katlı,Bahçe Katı,31 Yaşında,Doğalgaz Sobası,Eşyalı Değil,Kiracılı,Kat Mülkiyeti,Güney,,https://www.hepsiemlak.com/istanbul-fatih-aksemsettin-satilik/daire/169969-3
170181-45,Battalgazi,Sultanbeyli,İstanbul,5.625.000 TL,90,78,2 + 1,2.0,6 Katlı,2. Kat,Sıfır Bina,Kombi,,Boş,Kat Mülkiyeti,"Kuzey, Güney, Doğu, Batı",,https://www.hepsiemlak.com/istanbul-sultanbeyli-battalgazi-satilik/daire/170181-45
35523-1162,Yenişehir,Pendik,İstanbul,9.500.000 TL,118,82,2 + 1,2.0,4 Katlı,2. Kat,2 Yaşında,Merkezi (Pay Öl...,Eşyalı Değil,Kiracılı,Kat İrtifakı,Güney,,https://www.hepsiemlak.com/istanbul-pendik-yenisehir-satilik/daire/35523-1162
35523-1164,Yenişehir,Pendik,İstanbul,6.500.000 TL,110,90,3 + 1,1.0,8 Katlı,2. Kat,26 Yaşında,Merkezi,Eşyalı Değil,Kiracılı,Kat İrtifakı,Doğu,4.700 TL,https://www.hepsiemlak.com/istanbul-pendik-yenisehir-satilik/daire/35523-1164
35523-1168,Şeyhli,Pendik,İstanbul,5.500.000 TL,98,82,2 + 1,2.0,9 Katlı,2. Kat,26 Yaşında,Merkezi,Eşyalı Değil,Mülk Sahibi,Kat Mülkiyeti,Güney,1.750 TL,https://www.hepsiemlak.com/istanbul-pendik-seyhli-satilik/daire/35523-1168
35523-1169,Yenişehir,Pendik,İstanbul,12.750.000 TL,130,100,3 + 1,2.0,3 Katlı,2. Kat,2 Yaşında,Kombi,Eşyalı Değil,Mülk Sahibi,Kat İrtifakı,Güney,,https://www.hepsiemlak.com/istanbul-pendik-yenisehir-satilik/daire/35523-1169
169882-9,Yakacık Yeni,Kartal,İstanbul,8.900.000 TL,95,81,2 + 1,1.0,15 Katlı,1. Kat,Sıfır Bina,Merkezi (Pay Öl...,Eşyalı Değil,Boş,Kat İrtifakı,Güney,,https://www.hepsiemlak.com/istanbul-kartal-yakacik-yeni-satilik/daire/169882-9
169882-10,Yakacık Yeni,Kartal,İstanbul,9.830.000 TL,125,98,3 + 1,2.0,15 Katlı,6. Kat,Sıfır Bina,Merkezi (Pay Öl...,Eşyalı Değil,Boş,Kat İrtifakı,Güney,,https://www.hepsiemlak.com/istanbul-kartal-yakacik-yeni-satilik/daire/169882-10
169882-26,Yakacık Yeni,Kartal,İstanbul,7.250.000 TL,80,70,2 + 1,1.0,6 Katlı,3. Kat,1 Yaşında,Kombi,Eşyalı Değil,Mülk Sahibi,Kat İrtifakı,,500 TL,https://www.hepsiemlak.com/istanbul-kartal-yakacik-yeni-satilik/daire/169882-26
169882-28,Hürriyet,Kartal,İstanbul,6.850.000 TL,100,90,3 + 1,1.0,6 Katlı,1. Kat,4 Yaşında,Kombi,Eşyalı Değil,Boş,Müstakil Tapulu,,1.000 TL,https://www.hepsiemlak.com/istanbul-kartal-hurriyet-satilik/daire/169882-28
163011-23,Valide-i Atik,Üsküdar,İstanbul,5.500.000 TL,80,65,2 + 1,1.0,4 Katlı,Zemin,Sıfır Bina,Kombi,Eşyalı Değil,Boş,Kat Mülkiyeti,,,https://www.hepsiemlak.com/istanbul-uskudar-valide-i-atik-satilik/daire/163011-23
163011-34,Salacak,Üsküdar,İstanbul,92.000.000 TL,225,185,4 + 1,4.0,6 Katlı,3. Kat,Sıfır Bina,Kombi,Eşyalı Değil,Boş,Kat İrtifakı,,100 TL,https://www.hepsiemlak.com/istanbul-uskudar-salacak-satilik/daire/163011-34
111975-141,Yayla,Tuzla,İstanbul,14.000.000 TL,220,180,5 + 0,3.0,5 Katlı,En Üst Kat,10 Yaşında,Kombi,Eşyalı Değil,Boş,Kat Mülkiyeti,"Doğu, Batı",3.500 TL,https://www.hepsiemlak.com/istanbul-tuzla-yayla-satilik/daire/111975-141
30486-1863,Yenişehir,Beyoğlu,İstanbul,3.750.000 TL,64,58,2 + 1,1.0,4 Katlı,2. Kat,12 Yaşında,Kombi,Eşyalı,Kiracılı,Kat Mülkiyeti,,150 TL,https://www.hepsiemlak.com/istanbul-beyoglu-yenisehir-satilik/daire/30486-1863
161288-34,Çiğdem,Beykoz,İstanbul,56.057.500 TL,290,232,4 + 1,3.0,5 Katlı,Zemin,Sıfır Bina,Merkezi (Pay Öl...,Eşyalı Değil,Boş,Kat İrtifakı,Güney,,https://www.hepsiemlak.com/istanbul-beykoz-cigdem-satilik/daire/161288-34
161288-31,Acarlar,Beykoz,İstanbul,198.000.000 TL,1100,1000,8 + 2,7.0,4 Katlı,Bahçe Katı,16 Yaşında,Kombi,Eşyalı Değil,Mülk Sahibi,Kat Mülkiyeti,"Güney, Batı",,https://www.hepsiemlak.com/istanbul-beykoz-acarlar-satilik/villa/161288-31
168821-5,Yunus,Kartal,İstanbul,3.625.000 TL,120,100,3 + 1,1.0,5 Katlı,5. Kat,21 Yaşında,Kombi,Eşyalı,Mülk Sahibi,Hisseli Tapu,,,https://www.hepsiemlak.com/istanbul-kartal-yunus-satilik/daire/168821-5
168821-4,Yalı,Kartal,İstanbul,3.390.000 TL,135,105,3 + 1,1.0,6 Katlı,6. Kat,26 Yaşında,Kombi,Eşyalı Değil,Kiracılı,Hisseli Tapu,,250 TL,https://www.hepsiemlak.com/istanbul-kartal-yali-satilik/daire/168821-4
167715-72,Ihlamurkuyu,Ümraniye,İstanbul,5.250.000 TL,55,38,1 + 1,1.0,4 Katlı,4. Kat,3 Yaşında,Kombi,Eşyalı Değil,Boş,Kat Mülkiyeti,Doğu,500 TL,https://www.hepsiemlak.com/istanbul-umraniye-ihlamurkuyu-satilik/daire/167715-72
168698-8,Cevizli,Kartal,İstanbul,9.450.000 TL,90,80,3 + 1,2.0,10 Katlı,5. Kat,Sıfır Bina,Merkezi (Pay Öl...,Eşyalı Değil,Boş,Kat İrtifakı,Doğu,8.000 TL,https://www.hepsiemlak.com/istanbul-kartal-cevizli-satilik/daire/168698-8
62823-8334,Barbaros,Üsküdar,İstanbul,13.500.000 TL,120,96,2 + 1,1.0,4 Katlı,Bahçe Katı,Sıfır Bina,Merkezi (Pay Öl...,Eşyalı Değil,Boş,Kat İrtifakı,"Güney, Doğu, Batı",,https://www.hepsiemlak.com/istanbul-uskudar-barbaros-satilik/daire/62823-8334
62823-8327,Caddebostan,Kadıköy,İstanbul,29.950.000 TL,130,95,3 + 1,2.0,11 Katlı,10. Kat,8 Yaşında,Kombi,Eşyalı Değil,Boş,Kat Mülkiyeti,"Güney, Batı",,https://www.hepsiemlak.com/istanbul-kadikoy-caddebostan-satilik/daire/62823-8327
62823-8359,Kozyatağı,Kadıköy,İstanbul,12.750.000 TL,75,58,2 + 1,1.0,8 Katlı,2. Kat,1 Yaşında,Kombi,Eşyalı Değil,Mülk Sahibi,Kat Mülkiyeti,"Kuzey, Doğu, Batı",,https://www.hepsiemlak.com/istanbul-kadikoy-kozyatagi-satilik/daire/62823-8359
62823-8349,Ünalan,Üsküdar,İstanbul,11.450.000 TL,95,75,2 + 1,1.0,7 Katlı,5. Kat,24 Yaşında,Kombi,Eşyalı Değil,Boş,Kat Mülkiyeti,Batı,5.900 TL,https://www.hepsiemlak.com/istanbul-uskudar-unalan-satilik/daire/62823-8349
40658-22555,Sarıgöl,Gaziosmanpaşa,İstanbul,9.125.000 TL,180,160,4 + 1,3.0,4 Katlı,4. Kat,18 Yaşında,Kombi,Eşyalı Değil,Boş,Kat İrtifakı,"Güney, Doğu, Batı",,https://www.hepsiemlak.com/istanbul-gaziosmanpasa-sarigol-satilik/daire/40658-22555
40658-22719,Başakşehir,Başakşehir,İstanbul,4.950.000 TL,70,60,2 + 1,1.0,10 Katlı,3. Kat,25 Yaşında,Kombi,Eşyalı Değil,Kiracılı,Kat Mülkiyeti,,1.400 TL,https://www.hepsiemlak.com/istanbul-basaksehir-basaksehir-satilik/daire/40658-22719
148484-296,Çengelköy,Üsküdar,İstanbul,15.850.000 TL,220,180,4 + 1,4.0,4 Katlı,4. Kat,Sıfır Bina,Kombi,Eşyalı Değil,Boş,Kat İrtifakı,Güney,,https://www.hepsiemlak.com/istanbul-uskudar-cengelkoy-satilik/daire/148484-296
148484-294,Küçük Çamlıca,Üsküdar,İstanbul,137.000.000 TL,900,750,9 + 0,6.0,4 Katlı,Bahçe Katı,1 Yaşında,Kombi,,Boş,Kat Mülkiyeti,"Kuzey, Güney, Doğu, Batı",,https://www.hepsiemlak.com/istanbul-uskudar-kucuk-camlica-satilik/mustakil-ev/148484-294
6680-24149,Cihangir,Avcılar,İstanbul,7.500.000 TL,100,90,2 + 1,1.0,5 Katlı,Ara Kat,1 Yaşında,Kombi,Eşyalı Değil,Boş,Kat İrtifakı,Güney,500 TL,https://www.hepsiemlak.com/istanbul-avcilar-cihangir-satilik/daire/6680-24149
9083-5040,Fatih,Büyükçekmece,İstanbul,18.750.000 TL,400,320,5 + 3,3.0,4 Katlı,,12 Yaşında,Kombi,Eşyalı Değil,Mülk Sahibi,Kat Mülkiyeti,Güney,1 TL,https://www.hepsiemlak.com/istanbul-buyukcekmece-fatih-satilik/villa/9083-5040
2986-17514,Fındıklı,Maltepe,İstanbul,8.200.000 TL,116,97,3 + 1,1.0,4 Katlı,1. Kat,16 Yaşında,Kombi,Eşyalı Değil,Mülk Sahibi,Kat Mülkiyeti,Güney,,https://www.hepsiemlak.com/istanbul-maltepe-findikli-satilik/daire/2986-17514
129388-279,Merkez,Beykoz,İstanbul,50.000.000 TL,410,350,9 + 3,3.0,3 Katlı,,25 Yaşında,Kombi,Eşyalı Değil,Mülk Sahibi,Hisseli Tapu,"Kuzey, Güney, Doğu, Batı",,https://www.hepsiemlak.com/istanbul-beykoz-merkez-satilik/mustakil-ev/129388-279
129388-291,Yalıköy,Beykoz,İstanbul,20.650.000 TL,144,140,3 + 2,2.0,3 Katlı,,45 Yaşında,Kombi,Eşyalı Değil,Mülk Sahibi,Müstakil Tapulu,"Kuzey, Güney, Doğu, Batı",,https://www.hepsiemlak.com/istanbul-beykoz-yalikoy-satilik/mustakil-ev/129388-291
168817-13,Esenler,Pendik,İstanbul,3.550.000 TL,105,90,3 + 1,1.0,4 Katlı,Yüksek Giriş,16 Yaşında,Kombi,Eşyalı Değil,Mülk Sahibi,Kat Mülkiyeti,"Güney, Doğu, Batı",,https://www.hepsiemlak.com/istanbul-pendik-esenler-satilik/daire/168817-13
168817-14,Esenler,Pendik,İstanbul,7.800.000 TL,110,90,3 + 1,1.0,4 Katlı,2. Kat,2 Yaşında,Kombi,Eşyalı Değil,Boş,Kat Mülkiyeti,"Güney, Doğu, Batı",,https://www.hepsiemlak.com/istanbul-pendik-esenler-satilik/daire/168817-14
168817-9,Velibaba,Pendik,İstanbul,6.600.000 TL,110,90,3 + 1,1.0,4 Katlı,2. Kat,Sıfır Bina,Kombi,Eşyalı Değil,Boş,Kat Mülkiyeti,"Güney, Doğu, Batı",,https://www.hepsiemlak.com/istanbul-pendik-velibaba-satilik/daire/168817-9
168817-40,Kaynarca,Pendik,İstanbul,3.675.000 TL,110,90,2 + 1,1.0,6 Katlı,5. Kat,26 Yaşında,Kombi,Eşyalı Değil,Boş,Arsa,"Güney, Doğu, Batı",,https://www.hepsiemlak.com/istanbul-pendik-kaynarca-satilik/daire/168817-40
1152-2629,Tarabya,Sarıyer,İstanbul,325.000.000 TL,550,500,5 + 2,4.0,3 Katlı,,28 Yaşında,Kombi,Eşyalı Değil,Boş,Kat İrtifakı,"Kuzey, Güney, Doğu, Batı",,https://www.hepsiemlak.com/istanbul-sariyer-tarabya-satilik/villa/1152-2629
76857-1932,Erenköy,Kadıköy,İstanbul,22.700.000 TL,100,80,2 + 1,2.0,11 Katlı,Yüksek Giriş,Sıfır Bina,Merkezi (Pay Öl...,Eşyalı Değil,Boş,Kat İrtifakı,,,https://www.hepsiemlak.com/istanbul-kadikoy-erenkoy-satilik/daire/76857-1932
159866-518,Çakmak,Ümraniye,İstanbul,7.100.000 TL,150,135,3 + 1,1.0,4 Katlı,Yüksek Giriş,16 Yaşında,Kombi,Eşyalı Değil,Mülk Sahibi,Kat İrtifakı,"Güney, Doğu, Batı",,https://www.hepsiemlak.com/istanbul-umraniye-cakmak-satilik/daire/159866-518
6680-24143,Ambarlı,Avcılar,İstanbul,8.350.000 TL,130,120,3 + 1,2.0,5 Katlı,Yüksek Giriş,1 Yaşında,Kombi,Eşyalı Değil,Kiracılı,Kat Mülkiyeti,Güney,500 TL,https://www.hepsiemlak.com/istanbul-avcilar-ambarli-satilik/daire/6680-24143
1219-3942,Atatürk,Ataşehir,İstanbul,15.250.000 TL,135,98,3 + 1,2.0,5 Katlı,2. Kat,Sıfır Bina,Merkezi,Eşyalı Değil,Boş,Tapu Yok,"Güney, Batı",1.750 TL,https://www.hepsiemlak.com/istanbul-atasehir-ataturk-satilik/daire/1219-3942
162069-252,Çağlayan,Kağıthane,İstanbul,7.999.000 TL,100,85,2 + 1,1.0,4 Katlı,3. Kat,Sıfır Bina,Kombi,Eşyalı Değil,Boş,Kat Mülkiyeti,"Güney, Doğu, Batı",,https://www.hepsiemlak.com/istanbul-kagithane-caglayan-satilik/daire/162069-252
162069-492,Güzeltepe,Eyüpsultan,İstanbul,8.950.000 TL,190,180,4 + 2,2.0,4 Katlı,3. Kat,6 Yaşında,Kombi,Eşyalı,Mülk Sahibi,Kat Mülkiyeti,"Güney, Doğu, Batı",,https://www.hepsiemlak.com/istanbul-eyupsultan-guzeltepe-satilik/daire/162069-492
162069-552,İnönü,Esenyurt,İstanbul,2.395.000 TL,140,135,3 + 1,2.0,4 Katlı,Yarı Bodrum,6 Yaşında,Kombi,Eşyalı Değil,Kiracılı,Kat Mülkiyeti,"Güney, Doğu, Batı",,https://www.hepsiemlak.com/istanbul-esenyurt-inonu-satilik/daire/162069-552
6680-23929,Merkez,Avcılar,İstanbul,8.200.000 TL,130,120,3 + 1,2.0,5 Katlı,3. Kat,Sıfır Bina,Kombi,Eşyalı Değil,Boş,Kat Mülkiyeti,"Güney, Doğu",,https://www.hepsiemlak.com/istanbul-avcilar-merkez-satilik/daire/6680-23929
136942-125,Namık Kemal,Ümraniye,İstanbul,5.850.000 TL,100,90,3 + 1,1.0,4 Katlı,1. Kat,21 Yaşında,Kombi,Eşyalı Değil,Kiracılı,Arsa,"Güney, Batı",,https://www.hepsiemlak.com/istanbul-umraniye-namik-kemal-satilik/daire/136942-125
151807-96,Kavaklı,Beylikdüzü,İstanbul,1.850.000 TL,105,95,2 + 1,1.0,5 Katlı,2. Kat,2 Yaşında,Kombi,Eşyalı Değil,Boş,Yabancıdan,"Güney, Doğu",,https://www.hepsiemlak.com/istanbul-beylikduzu-kavakli-satilik/daire/151807-96
151807-97,Yakuplu,Beylikdüzü,İstanbul,1.520.000 TL,120,100,2 + 1,1.0,5 Katlı,Ara Kat,7 Yaşında,Kombi,Eşyalı Değil,Boş,Yabancıdan,"Güney, Doğu",,https://www.hepsiemlak.com/istanbul-beylikduzu-yakuplu-satilik/daire/151807-97
151807-112,Kavaklı,Beylikdüzü,İstanbul,1.650.000 TL,105,95,2 + 1,1.0,6 Katlı,Ara Kat,3 Yaşında,Kombi,Eşyalı Değil,Boş,Yabancıdan,Güney,200 TL,https://www.hepsiemlak.com/istanbul-beylikduzu-kavakli-satilik/daire/151807-112
151807-102,Kavaklı,Beylikdüzü,İstanbul,1.650.000 TL,120,100,2 + 11,,5 Katlı,Ara Kat,7 Yaşında,Kombi,Eşyalı Değil,Boş,Yabancıdan,"Güney, Doğu",,https://www.hepsiemlak.com/istanbul-beylikduzu-kavakli-satilik/daire/151807-102
1057-12508,İdealtepe,Maltepe,İstanbul,9.950.000 TL,120,100,3 + 1,1.0,4 Katlı,Yüksek Giriş,6 Yaşında,Kombi,Eşyalı Değil,Boş,Kat Mülkiyeti,"Güney, Doğu",,https://www.hepsiemlak.com/istanbul-maltepe-idealtepe-satilik/daire/1057-12508
95442-400,Muratpaşa,Bayrampaşa,İstanbul,10.500.000 TL,121,110,4 + 2,2.0,5 Katlı,5. Kat,Sıfır Bina,Kombi,Eşyalı Değil,Boş,Kat Mülkiyeti,"Doğu, Batı",,https://www.hepsiemlak.com/istanbul-bayrampasa-muratpasa-satilik/daire/95442-400
95442-460,Muratpaşa,Bayrampaşa,İstanbul,10.500.000 TL,210,180,4 + 2,1.0,5 Katlı,5. Kat,11 Yaşında,Kombi,Eşyalı Değil,Mülk Sahibi,Kat Mülkiyeti,"Doğu, Batı",,https://www.hepsiemlak.com/istanbul-bayrampasa-muratpasa-satilik/daire/95442-460
95442-485,Vatan,Bayrampaşa,İstanbul,10.000.000 TL,225,200,2 + 2,2.0,4 Katlı,3. Kat,11 Yaşında,Kombi,Eşyalı Değil,Mülk Sahibi,Kat Mülkiyeti,,500 TL,https://www.hepsiemlak.com/istanbul-bayrampasa-vatan-satilik/daire/95442-485
161076-41,Sultançiftliği,Çekmeköy,İstanbul,6.350.000 TL,90,75,2 + 1,2.0,9 Katlı,9. Kat,9 Yaşında,Kombi,Eşyalı Değil,Mülk Sahibi,Kat Mülkiyeti,"Güney, Doğu, Batı",400 TL,https://www.hepsiemlak.com/istanbul-cekmekoy-sultanciftligi-satilik/daire/161076-41
165076-212,Yunus Emre,Sultangazi,İstanbul,6.300.000 TL,150,140,3 + 2,2.0,5 Katlı,3. Kat,16 Yaşında,Kombi,Eşyalı Değil,Kiracılı,Kat İrtifakı,"Güney, Doğu",,https://www.hepsiemlak.com/istanbul-sultangazi-yunus-emre-satilik/daire/165076-212
151395-184,Harmantepe,Kağıthane,İstanbul,7.000.000 TL,93,80,2 + 1,1.0,5 Katlı,3. Kat,Sıfır Bina,Kombi,Eşyalı Değil,Boş,Kat İrtifakı,"Güney, Batı",,https://www.hepsiemlak.com/istanbul-kagithane-harmantepe-satilik/daire/151395-184
151395-158,Dikilitaş,Beşiktaş,İstanbul,9.750.000 TL,70,60,1 + 1,1.0,5 Katlı,Yüksek Giriş,Sıfır Bina,Kombi,Eşyalı Değil,Boş,Kat İrtifakı,"Kuzey, Doğu, Batı",750 TL,https://www.hepsiemlak.com/istanbul-besiktas-dikilitas-satilik/daire/151395-158
151395-185,Sütlüce,Beyoğlu,İstanbul,13.000.000 TL,120,110,3 + 1,2.0,8 Katlı,5. Kat,11 Yaşında,Yerden Isıtma,Eşyalı Değil,Boş,Kat Mülkiyeti,"Kuzey, Doğu, Batı",3.120 TL,https://www.hepsiemlak.com/istanbul-beyoglu-sutluce-satilik/daire/151395-185
153245-2838,Göztepe,Bağcılar,İstanbul,8.000.000 TL,110,81,2 + 1,1.0,6 Katlı,3. Kat,15 Yaşında,Merkezi (Pay Öl...,Eşyalı Değil,Boş,Kat Mülkiyeti,"Kuzey, Doğu",6.200 TL,https://www.hepsiemlak.com/istanbul-bagcilar-goztepe-satilik/daire/153245-2838
169614-44,Taşdelen,Çekmeköy,İstanbul,5.750.000 TL,65,50,1 + 1,1.0,10 Katlı,Yüksek Giriş,6 Yaşında,Kombi,Eşyalı Değil,Boş,Kat Mülkiyeti,"Kuzey, Doğu",4.200 TL,https://www.hepsiemlak.com/istanbul-cekmekoy-tasdelen-satilik/daire/169614-44
3563-2249,Yavuz Selim,Bağcılar,İstanbul,8.200.000 TL,125,110,3 + 1,1.0,10 Katlı,8. Kat,6 Yaşında,Kombi,Eşyalı Değil,Boş,Kat Mülkiyeti,"Güney, Doğu",,https://www.hepsiemlak.com/istanbul-bagcilar-yavuz-selim-satilik/daire/3563-2249
168955-35,Ahmetli,Şile,İstanbul,10.200.000 TL,140,120,3 + 1,2.0,2 Katlı,2. Kat,Sıfır Bina,Kombi,Eşyalı Değil,Boş,Kat İrtifakı,Güney,,https://www.hepsiemlak.com/istanbul-sile-ahmetli-satilik/daire/168955-35
95643-1925,Etiler,Beşiktaş,İstanbul,59.500.000 TL,340,140,3 + 1,2.0,4 Katlı,Bahçe Katı,Sıfır Bina,Yerden Isıtma,Eşyalı Değil,Boş,Kat Mülkiyeti,"Güney, Doğu, Batı",3.000 TL,https://www.hepsiemlak.com/istanbul-besiktas-etiler-satilik/daire/95643-1925
168411-152,Cumhuriyet,Esenyurt,İstanbul,1.335.000 TL,70,55,1 + 0,1.0,7 Katlı,5. Kat,Sıfır Bina,Kombi,Eşyalı Değil,Boş,Kat Mülkiyeti,Güney,,https://www.hepsiemlak.com/istanbul-esenyurt-cumhuriyet-satilik/daire/168411-152
166969-181,Yenişehir,Ataşehir,İstanbul,12.000.000 TL,125,100,3 + 1,1.0,5 Katlı,3. Kat,16 Yaşında,Kombi,Eşyalı Değil,Mülk Sahibi,Kat İrtifakı,"Kuzey, Doğu",500 TL,https://www.hepsiemlak.com/istanbul-atasehir-yenisehir-satilik/daire/166969-181
120587-861,Feyzullah,Maltepe,İstanbul,12.600.000 TL,90,75,2 + 1,1.0,4 Katlı,2. Kat,5 Yaşında,Merkezi (Pay Öl...,Eşyalı Değil,Boş,Kat Mülkiyeti,"Güney, Doğu",,https://www.hepsiemlak.com/istanbul-maltepe-feyzullah-satilik/daire/120587-861
164432-48,Hamidiye,Kağıthane,İstanbul,10.750.000 TL,110,105,3 + 1,2.0,12 Katlı,4. Kat,26 Yaşında,Merkezi,Eşyalı Değil,Kiracılı,Kat İrtifakı,,2.250 TL,https://www.hepsiemlak.com/istanbul-kagithane-hamidiye-satilik/daire/164432-48
155700-1364,Osmangazi,Sancaktepe,İstanbul,7.450.000 TL,87,70,2 + 1,1.0,12 Katlı,Bahçe Katı,6 Yaşında,Merkezi (Pay Öl...,Eşyalı Değil,Mülk Sahibi,Kat Mülkiyeti,"Kuzey, Güney, Doğu, Batı",5.900 TL,https://www.hepsiemlak.com/istanbul-sancaktepe-osmangazi-satilik/daire/155700-1364
166705-88,Zafer,Bahçelievler,İstanbul,5.300.000 TL,120,110,3 + 1,1.0,4 Katlı,3. Kat,16 Yaşında,Kombi,Eşyalı Değil,Kiracılı,Kat İrtifakı,"Kuzey, Batı",250 TL,https://www.hepsiemlak.com/istanbul-bahcelievler-zafer-satilik/daire/166705-88
150747-625,Emniyet Evleri,Kağıthane,İstanbul,8.000.000 TL,80,75,2 + 1,,5 Katlı,4. Kat,14 Yaşında,Kombi,Eşyalı Değil,Kiracılı,Kat Mülkiyeti,"Güney, Batı",500 TL,https://www.hepsiemlak.com/istanbul-kagithane-emniyet-evleri-satilik/daire/150747-625
111753-2691,Cumhuriyet,Beylikdüzü,İstanbul,4.350.000 TL,145,130,3 + 1,1,12 Katlı,4. Kat,11 Yaşında,Kombi,Eşyalı Değil,Boş,Yabancıdan,"Güney, Doğu",,https://www.hepsiemlak.com/istanbul-beylikduzu-cumhuriyet-satilik/daire/111753-2691
111753-2706,Piri Reis,Esenyurt,İstanbul,3.299.000 TL,110,100,2 + 1,1,7 Katlı,2. Kat,10 Yaşında,Kombi,Eşyalı Değil,Boş,Kat Mülkiyeti,"Güney, Doğu",,https://www.hepsiemlak.com/istanbul-esenyurt-piri-reis-satilik/daire/111753-2706
29820-2192,Valide-i Atik,Üsküdar,İstanbul,3.250.000 TL,65,60,1 + 1,1,5 Katlı,Kot 1,42 Yaşında,Kombi,Eşyalı,Boş,Kat Mülkiyeti,,,https://www.hepsiemlak.com/istanbul-uskudar-valide-i-atik-satilik/daire/29820-2192
29820-2190,Ahmediye,Üsküdar,İstanbul,7.500.000 TL,95,90,2 + 1,1,5 Katlı,2. Kat,45 Yaşında,Kombi,Eşyalı Değil,Mülk Sahibi,Kat Mülkiyeti,,,https://www.hepsiemlak.com/istanbul-uskudar-ahmediye-satilik/daire/29820-2190
129481-1460,Mevlanakapı,Fatih,İstanbul,3.650.000 TL,150,140,3 + 1,1,5 Katlı,Bahçe Katı,35 Yaşında,Kombi,Eşyalı Değil,Mülk Sahibi,Kat Mülkiyeti,"Kuzey, Güney",300 TL,https://www.hepsiemlak.com/istanbul-fatih-mevlanakapi-satilik/daire/129481-1460
152683-189,Kavaklı,Beylikdüzü,İstanbul,5.999.999 TL,130,120,3 + 1,2,3 Katlı,2. Kat,Sıfır Bina,Kombi,Eşyalı Değil,Boş,Yabancıdan,"Güney, Doğu",,https://www.hepsiemlak.com/istanbul-beylikduzu-kavakli-satilik/daire/152683-189
112177-219,Adnan Kahveci,Beylikdüzü,İstanbul,7.749.000 TL,145,130,3 + 1,2,4 Katlı,2. Kat,Sıfır Bina,Kombi,Eşyalı Değil,Boş,Kat Mülkiyeti,Güney,,https://www.hepsiemlak.com/istanbul-beylikduzu-adnan-kahveci-satilik/daire/112177-219
138068-1191,Erenköy,Kadıköy,İstanbul,28.900.000 TL,220,160,4 + 1,2,9 Katlı,2. Kat,28 Yaşında,Merkezi,Eşyalı Değil,Mülk Sahibi,İntifa Hakkı Te...,Güney,,https://www.hepsiemlak.com/istanbul-kadikoy-erenkoy-satilik/daire/138068-1191
138068-1207,Erenköy,Kadıköy,İstanbul,18.500.000 TL,90,75,2 + 1,1,11 Katlı,3. Kat,15 Yaşında,Merkezi (Pay Öl...,Eşyalı Değil,Kiracılı,Kat Mülkiyeti,Güney,,https://www.hepsiemlak.com/istanbul-kadikoy-erenkoy-satilik/daire/138068-1207
142108-196,Mehmet Akif Ersoy,Esenyurt,İstanbul,2.450.000 TL,60,45,1 + 1,1,10 Katlı,4. Kat,5 Yaşında,Kombi,Eşyalı Değil,Boş,Kat İrtifakı,Güney,1.750 TL,https://www.hepsiemlak.com/istanbul-esenyurt-mehmet-akif-ersoy-satilik/daire/142108-196
142108-210,Yakuplu,Beylikdüzü,İstanbul,7.650.000 TL,190,165,4 + 2,2,4 Katlı,4. Kat,8 Yaşında,Kombi,Eşyalı Değil,Boş,Kat Mülkiyeti,Güney,,https://www.hepsiemlak.com/istanbul-beylikduzu-yakuplu-satilik/daire/142108-210
169756-14,Gültepe,Küçükçekmece,İstanbul,8.700.000 TL,170,150,4 + 2,2,4 Katlı,En Üst Kat,Sıfır Bina,Kombi,Eşyalı Değil,Boş,Kat Mülkiyeti,"Kuzey, Güney, Doğu, Batı",,https://www.hepsiemlak.com/istanbul-kucukcekmece-gultepe-satilik/daire/169756-14
104770-7861,Cumhuriyet,Beylikdüzü,İstanbul,900.000 TL,85,75,1 + 1,1,5 Katlı,3. Kat,Sıfır Bina,Kombi,Eşyalı Değil,Boş,Kat Mülkiyeti,"Güney, Doğu",,https://www.hepsiemlak.com/istanbul-beylikduzu-cumhuriyet-satilik/daire/104770-7861
164635-24,Soğanlı,Bahçelievler,İstanbul,8.000.000 TL,92,80,3 + 1,1,5 Katlı,5. Kat,Sıfır Bina,Kombi,Eşyalı Değil,Boş,Kat İrtifakı,"Kuzey, Güney",,https://www.hepsiemlak.com/istanbul-bahcelievler-soganli-satilik/daire/164635-24
2150-4762,İdealtepe,Maltepe,İstanbul,7.950.000 TL,55,44,1 + 1,1,5 Katlı,2. Kat,Sıfır Bina,Merkezi (Pay Öl...,Eşyalı Değil,Boş,Tapu Yok,"Güney, Doğu",,https://www.hepsiemlak.com/istanbul-maltepe-idealtepe-satilik/daire/2150-4762
153412-317,Zümrütevler,Maltepe,İstanbul,6.950.000 TL,150,130,3 + 1,2,4 Katlı,3. Kat,11 Yaşında,Kombi,Eşyalı Değil,Boş,Kat İrtifakı,"Güney, Batı",350 TL,https://www.hepsiemlak.com/istanbul-maltepe-zumrutevler-satilik/daire/153412-317
156043-141,Fındıklı,Maltepe,İstanbul,5.425.000 TL,95,80,2 + 1,2,3 Katlı,Yüksek Giriş,16 Yaşında,Kombi,Eşyalı Değil,Mülk Sahibi,Kat Mülkiyeti,,400 TL,https://www.hepsiemlak.com/istanbul-maltepe-findikli-satilik/daire/156043-141
156043-140,Bostancı,Kadıköy,İstanbul,14.850.000 TL,120,88,3 + 1,2,10 Katlı,4. Kat,Sıfır Bina,Kombi,Eşyalı Değil,Boş,Kat İrtifakı,Güney,1.500 TL,https://www.hepsiemlak.com/istanbul-kadikoy-bostanci-satilik/daire/156043-140
135253-930,Göztepe,Kadıköy,İstanbul,19.450.000 TL,115,80,3 + 1,1,7 Katlı,Yüksek Giriş,10 Yaşında,Kombi,Eşyalı Değil,Boş,Yabancıdan,Güney,,https://www.hepsiemlak.com/istanbul-kadikoy-goztepe-satilik/daire/135253-930
168599-1,Ataköy 7-8-9-10. Kısım,Bakırköy,İstanbul,26.500.000 TL,145,140,3 + 1,2,5 Katlı,5. Kat,26 Yaşında,Merkezi,Eşyalı Değil,Kiracılı,Kat Mülkiyeti,"Kuzey, Güney",,https://www.hepsiemlak.com/istanbul-bakirkoy-atakoy-7-8-9-10-kisim-satilik/daire/168599-1
40658-22417,15 Temmuz,Bağcılar,İstanbul,11.900.000 TL,200,130,3 + 1,3,30 Katlı,21 ve üzeri,4 Yaşında,Merkezi (Pay Öl...,Eşyalı Değil,Boş,Kat Mülkiyeti,,,https://www.hepsiemlak.com/istanbul-bagcilar-15-temmuz-satilik/residence/40658-22417
168599-5,Ataköy 7-8-9-10. Kısım,Bakırköy,İstanbul,8.000.000 TL,40,35,1 + 1,1,14 Katlı,13. Kat,31 Yaşında,Merkezi,Eşyalı,Kiracılı,Kat Mülkiyeti,Doğu,2.250 TL,https://www.hepsiemlak.com/istanbul-bakirkoy-atakoy-7-8-9-10-kisim-satilik/daire/168599-5
166297-157,Fatih,Sancaktepe,İstanbul,5.590.000 TL,90,84,2 + 1,1,4 Katlı,2. Kat,6 Yaşında,Kombi,Eşyalı Değil,Boş,Kat Mülkiyeti,Güney,,https://www.hepsiemlak.com/istanbul-sancaktepe-fatih-satilik/daire/166297-157
111551-2144,Siyavuşpaşa,Bahçelievler,İstanbul,2.800.000 TL,90,80,2 + 1,1,5 Katlı,2. Kat,28 Yaşında,Kombi,Eşyalı Değil,Mülk Sahibi,Arsa,Güney,,https://www.hepsiemlak.com/istanbul-bahcelievler-siyavuspasa-satilik/daire/111551-2144
62344-1370,Fatih,Sancaktepe,İstanbul,5.850.000 TL,144,119,3 + 1,1,4 Katlı,Yüksek Giriş,10 Yaşında,Kombi,Eşyalı Değil,Mülk Sahibi,Kat Mülkiyeti,"Kuzey, Batı",500 TL,https://www.hepsiemlak.com/istanbul-sancaktepe-fatih-satilik/daire/62344-1370
166914-57,Zümrütevler,Maltepe,İstanbul,6.550.000 TL,120,100,3 + 1,2,6 Katlı,3. Kat,6 Yaşında,Kombi,Eşyalı Değil,Boş,Kat Mülkiyeti,"Güney, Doğu",400 TL,https://www.hepsiemlak.com/istanbul-maltepe-zumrutevler-satilik/daire/166914-57
40100-3138,Yeşilkent,Esenyurt,İstanbul,2.500.000 TL,55,51,1 + 1,1,27 Katlı,5. Kat,11 Yaşında,Merkezi (Pay Öl...,Eşyalı,Kiracılı,Kat Mülkiyeti,Doğu,,https://www.hepsiemlak.com/istanbul-esenyurt-yesilkent-satilik/daire/40100-3138
31303-141053,Gayrettepe,Beşiktaş,İstanbul,23.000.000 TL,198,182,4 + 1,2,10 Katlı,4. Kat,26 Yaşında,Kombi,Eşyalı Değil,Mülk Sahibi,Kat Mülkiyeti,"Güney, Doğu, Batı",,https://www.hepsiemlak.com/istanbul-besiktas-gayrettepe-satilik/daire/31303-141053
124094-3001,Cebeci,Sultangazi,İstanbul,4.590.000 TL,85,80,2 + 1,1,4 Katlı,Yüksek Giriş,13 Yaşında,Kombi,,Mülk Sahibi,Kat İrtifakı,Güney,,https://www.hepsiemlak.com/istanbul-sultangazi-cebeci-satilik/daire/124094-3001
124094-2224,Cebeci,Sultangazi,İstanbul,6.490.000 TL,100,90,2 + 1,1,5 Katlı,Ara Kat,Sıfır Bina,Kombi,Eşyalı Değil,Boş,Kat Mülkiyeti,Güney,,https://www.hepsiemlak.com/istanbul-sultangazi-cebeci-satilik/daire/124094-2224
162399-198,Esenşehir,Ümraniye,İstanbul,6.950.000 TL,130,120,3 + 1,1,3 Katlı,1. Kat,21 Yaşında,Kombi,Eşyalı Değil,Boş,Kat İrtifakı,"Kuzey, Doğu",400 TL,https://www.hepsiemlak.com/istanbul-umraniye-esensehir-satilik/daire/162399-198
126079-113,Çırpıcı,Zeytinburnu,İstanbul,5.400.000 TL,120,110,2 + 0,1,4 Katlı,En Üst Kat,30 Yaşında,Kombi,Eşyalı Değil,Mülk Sahibi,Arsa,,,https://www.hepsiemlak.com/istanbul-zeytinburnu-cirpici-satilik/daire/126079-113
114218-3273,Tevfik Bey,Küçükçekmece,İstanbul,16.150.000 TL,210,170,4 + 1,2,12 Katlı,2. Kat,10 Yaşında,Merkezi (Pay Öl...,Eşyalı Değil,Boş,Kat Mülkiyeti,Güney,,https://www.hepsiemlak.com/istanbul-kucukcekmece-tevfik-bey-satilik/daire/114218-3273
70445-1414,Yeşilkent,Esenyurt,İstanbul,1.950.000 TL,40,33,1 + 1,1,27 Katlı,11. Kat,10 Yaşında,Merkezi,Eşyalı,,Kat Mülkiyeti,Doğu,3.000 TL,https://www.hepsiemlak.com/istanbul-esenyurt-yesilkent-satilik/daire/70445-1414
38443-4469,Erenköy,Kadıköy,İstanbul,19.500.000 TL,150,120,3 + 1,1,7 Katlı,6. Kat,21 Yaşında,Kombi,Eşyalı Değil,Boş,Kat Mülkiyeti,"Kuzey, Doğu, Batı",,https://www.hepsiemlak.com/istanbul-kadikoy-erenkoy-satilik/daire/38443-4469
38443-4470,Suadiye,Kadıköy,İstanbul,14.500.000 TL,53,47,1 + 1,1,9 Katlı,3. Kat,1 Yaşında,Merkezi (Pay Öl...,Eşyalı Değil,Boş,Kat Mülkiyeti,"Kuzey, Batı",,https://www.hepsiemlak.com/istanbul-kadikoy-suadiye-satilik/daire/38443-4470
2957-867,Site,Ümraniye,İstanbul,8.000.000 TL,90,70,3 + 1,1,15 Katlı,13. Kat,16 Yaşında,Merkezi (Pay Öl...,Eşyalı,Boş,Kat Mülkiyeti,"Güney, Doğu, Batı",2.000 TL,https://www.hepsiemlak.com/istanbul-umraniye-site-satilik/daire/2957-867
146574-107,Zübeyde Hanım,Sultangazi,İstanbul,3.000.000 TL,85,70,2 + 1,1,6 Katlı,Bodrum,16 Yaşında,Kombi,Eşyalı Değil,Mülk Sahibi,Kat İrtifakı,,,https://www.hepsiemlak.com/istanbul-sultangazi-zubeyde-hanim-satilik/daire/146574-107
146574-108,75. Yıl,Sultangazi,İstanbul,5.650.000 TL,95,80,2 + 1,1,5 Katlı,2. Kat,11 Yaşında,Kombi,Eşyalı Değil,Boş,Kat İrtifakı,,,https://www.hepsiemlak.com/istanbul-sultangazi-75-yil-satilik/daire/146574-108
167525-148,Atatürk,Ümraniye,İstanbul,6.500.000 TL,85,75,2 + 1,1,5 Katlı,1. Kat,16 Yaşında,Kombi,Eşyalı Değil,Boş,Kat İrtifakı,"Güney, Doğu, Batı",,https://www.hepsiemlak.com/istanbul-umraniye-ataturk-satilik/daire/167525-148
160213-86,Armağanevler,Ümraniye,İstanbul,12.750.000 TL,125,95,3 + 1,2,6 Katlı,1. Kat,Sıfır Bina,Kombi,Eşyalı Değil,Boş,Kat İrtifakı,"Güney, Doğu, Batı",,https://www.hepsiemlak.com/istanbul-umraniye-armaganevler-satilik/daire/160213-86
160213-98,Kısıklı,Üsküdar,İstanbul,15.750.000 TL,125,110,3 + 1,2,6 Katlı,5. Kat,6 Yaşında,Kombi,Eşyalı Değil,Boş,Kat Mülkiyeti,"Güney, Doğu, Batı",,https://www.hepsiemlak.com/istanbul-uskudar-kisikli-satilik/daire/160213-98
160213-100,Namık Kemal,Ümraniye,İstanbul,13.000.000 TL,130,115,3 + 1,2,11 Katlı,2. Kat,7 Yaşında,Kombi,Eşyalı Değil,Mülk Sahibi,Kat Mülkiyeti,"Güney, Doğu, Batı",1.500 TL,https://www.hepsiemlak.com/istanbul-umraniye-namik-kemal-satilik/daire/160213-100
167375-15,Velibaba,Pendik,İstanbul,8.830.000 TL,120,95,3 + 1,2,9 Katlı,5. Kat,Sıfır Bina,Yerden Isıtma,Eşyalı Değil,Boş,Kat İrtifakı,"Güney, Doğu",,https://www.hepsiemlak.com/istanbul-pendik-velibaba-satilik/daire/167375-15
169780-76,Fatih,Esenler,İstanbul,4.490.000 TL,85,75,2 + 1,1,6 Katlı,5. Kat,6 Yaşında,Kombi,Eşyalı Değil,Boş,Kat Mülkiyeti,,300 TL,https://www.hepsiemlak.com/istanbul-esenler-fatih-satilik/daire/169780-76
169780-79,Mareşal Çakmak,Güngören,İstanbul,3.190.000 TL,100,85,2 + 1,1,6 Katlı,1. Kat,26 Yaşında,Kombi,Eşyalı Değil,Boş,Kat Mülkiyeti,"Güney, Doğu",200 TL,https://www.hepsiemlak.com/istanbul-gungoren-maresal-cakmak-satilik/daire/169780-79
131423-84,Başakşehir,Başakşehir,İstanbul,7.650.000 TL,135,100,2 + 1,1,5 Katlı,4. Kat,16 Yaşında,Kombi,Eşyalı Değil,Boş,Kat Mülkiyeti,,,https://www.hepsiemlak.com/istanbul-basaksehir-basaksehir-satilik/daire/131423-84
111479-159,Ayazağa,Sarıyer,İstanbul,31.500.000 TL,170,135,3 + 1,2,33 Katlı,Bahçe Katı,12 Yaşında,Merkezi (Pay Öl...,Eşyalı Değil,Boş,Kat Mülkiyeti,Kuzey,17.000 TL,https://www.hepsiemlak.com/istanbul-sariyer-ayazaga-satilik/residence/111479-159
168411-36,Güzelyurt,Esenyurt,İstanbul,1.590.000 TL,95,85,1 + 1,1,7 Katlı,3. Kat,Sıfır Bina,Kombi,Eşyalı Değil,Boş,Kat Mülkiyeti,Güney,,https://www.hepsiemlak.com/istanbul-esenyurt-guzelyurt-satilik/daire/168411-36
168411-78,Güzelyurt,Esenyurt,İstanbul,1.630.000 TL,132,117,2 + 1,2,5 Katlı,Bahçe Katı,Sıfır Bina,Kombi,Eşyalı Değil,Boş,Kat Mülkiyeti,Güney,,https://www.hepsiemlak.com/istanbul-esenyurt-guzelyurt-satilik/daire/168411-78
169140-7,Tahtakale,Avcılar,İstanbul,5.500.000 TL,105,90,3 + 1,1,6 Katlı,1. Kat,1 Yaşında,Kombi,Eşyalı Değil,Boş,Kat İrtifakı,,,https://www.hepsiemlak.com/istanbul-avcilar-tahtakale-satilik/daire/169140-7
169140-14,Tahtakale,Avcılar,İstanbul,5.100.000 TL,100,85,3 + 1,1,6 Katlı,Yüksek Giriş,Sıfır Bina,Kombi,Eşyalı Değil,Boş,Tapu Yok,,,https://www.hepsiemlak.com/istanbul-avcilar-tahtakale-satilik/daire/169140-14
169140-2,Tahtakale,Avcılar,İstanbul,7.600.000 TL,220,180,5 + 2,3,5 Katlı,5. Kat,Sıfır Bina,Kombi,Eşyalı Değil,Boş,Kat İrtifakı,Doğu,,https://www.hepsiemlak.com/istanbul-avcilar-tahtakale-satilik/daire/169140-2
169140-16,Tahtakale,Avcılar,İstanbul,9.300.000 TL,220,180,5 + 2,2,6 Katlı,En Üst Kat,Sıfır Bina,Kombi,Eşyalı Değil,Boş,Tapu Yok,,,https://www.hepsiemlak.com/istanbul-avcilar-tahtakale-satilik/daire/169140-16
114218-3365,Soğanlı,Bahçelievler,İstanbul,3.050.000 TL,94,85,3 + 1,1,6 Katlı,Bahçe Katı,32 Yaşında,Kombi,Eşyalı Değil,Mülk Sahibi,Kat Mülkiyeti,Güney,,https://www.hepsiemlak.com/istanbul-bahcelievler-soganli-satilik/daire/114218-3365
111753-2713,Cumhuriyet,Beylikdüzü,İstanbul,2.590.000 TL,125,120,2 + 1,2,25 Katlı,20. Kat,7 Yaşında,Kombi,Eşyalı Değil,Boş,Kat Mülkiyeti,"Güney, Doğu",,https://www.hepsiemlak.com/istanbul-beylikduzu-cumhuriyet-satilik/daire/111753-2713
162318-16,Velibaba,Pendik,İstanbul,5.750.000 TL,110,95,2 + 1,1,6 Katlı,6. Kat,10 Yaşında,Kombi,Eşyalı Değil,Mülk Sahibi,Kat Mülkiyeti,"Güney, Doğu",,https://www.hepsiemlak.com/istanbul-pendik-velibaba-satilik/daire/162318-16
162318-14,Velibaba,Pendik,İstanbul,5.500.000 TL,118,82,2 + 1,1,6 Katlı,4. Kat,10 Yaşında,Kombi,Eşyalı Değil,Mülk Sahibi,Kat Mülkiyeti,Güney,,https://www.hepsiemlak.com/istanbul-pendik-velibaba-satilik/daire/162318-14
124094-3036,Cebeci,Sultangazi,İstanbul,3.390.000 TL,110,100,2 + 1,1,4 Katlı,3. Kat,30 Yaşında,Kombi,Eşyalı Değil,,Arsa,Güney,,https://www.hepsiemlak.com/istanbul-sultangazi-cebeci-satilik/daire/124094-3036
124094-3041,50. Yıl,Sultangazi,İstanbul,8.590.000 TL,135,125,3 + 1,2,4 Katlı,1. Kat,Sıfır Bina,Kombi,Eşyalı Değil,Boş,Kat Mülkiyeti,Güney,,https://www.hepsiemlak.com/istanbul-sultangazi-50-yil-satilik/daire/124094-3041
42003-7227,Aydınlı,Tuzla,İstanbul,4.880.000 TL,90,75,2 + 1,2,10 Katlı,Yüksek Giriş,6 Yaşında,Merkezi (Pay Öl...,Eşyalı Değil,Boş,Kat Mülkiyeti,"Kuzey, Batı",900 TL,https://www.hepsiemlak.com/istanbul-tuzla-aydinli-satilik/daire/42003-7227
169612-6,Abdurrahmangazi,Sancaktepe,İstanbul,7.900.000 TL,125,110,3 + 1,2,5 Katlı,4. Kat,11 Yaşında,Kombi,Eşyalı Değil,Boş,Kat Mülkiyeti,"Güney, Doğu",300 TL,https://www.hepsiemlak.com/istanbul-sancaktepe-abdurrahmangazi-satilik/daire/169612-6
70445-1416,İstasyon,Küçükçekmece,İstanbul,3.385.000 TL,105,90,2 + 1,1,5 Katlı,4. Kat,30 Yaşında,Kombi,,Mülk Sahibi,Hisseli Tapu,Doğu,,https://www.hepsiemlak.com/istanbul-kucukcekmece-istasyon-satilik/daire/70445-1416
138815-157,Pınar,Esenyurt,İstanbul,1.050.000 TL,85,80,2 + 1,1,4 Katlı,Bahçe Katı,5 Yaşında,Kombi,Eşyalı Değil,Boş,Kat Mülkiyeti,"Doğu, Batı",,https://www.hepsiemlak.com/istanbul-esenyurt-pinar-satilik/daire/138815-157
138815-158,Cumhuriyet,Beylikdüzü,İstanbul,3.440.000 TL,135,125,3 + 1,2,16 Katlı,9. Kat,6 Yaşında,Merkezi (Pay Öl...,Eşyalı Değil,Boş,Kat İrtifakı,"Güney, Batı",,https://www.hepsiemlak.com/istanbul-beylikduzu-cumhuriyet-satilik/daire/138815-158
167713-21,Ambarlı,Avcılar,İstanbul,4.350.000 TL,100,90,2 + 1,1,3 Katlı,1. Kat,16 Yaşında,Kombi,Eşyalı Değil,Kiracılı,Kat Mülkiyeti,"Kuzey, Batı",,https://www.hepsiemlak.com/istanbul-avcilar-ambarli-satilik/daire/167713-21
168411-63,Yakuplu,Beylikdüzü,İstanbul,2.657.000 TL,128,116,2 + 1,2,6 Katlı,2. Kat,Sıfır Bina,Kombi,Eşyalı Değil,Boş,Kat Mülkiyeti,Güney,,https://www.hepsiemlak.com/istanbul-beylikduzu-yakuplu-satilik/daire/168411-63
168411-89,Yakuplu,Beylikdüzü,İstanbul,3.050.000 TL,130,115,2 + 1,1,6 Katlı,3. Kat,Sıfır Bina,Kombi,Eşyalı Değil,Boş,Kat Mülkiyeti,Güney,200 TL,https://www.hepsiemlak.com/istanbul-beylikduzu-yakuplu-satilik/daire/168411-89
31303-140951,Ulus,Beşiktaş,İstanbul,54.000.000 TL,240,198,4 + 1,3,5 Katlı,2. Kat,26 Yaşında,Kombi,Eşyalı Değil,Boş,Kat İrtifakı,,,https://www.hepsiemlak.com/istanbul-besiktas-ulus-satilik/daire/31303-140951
169241-33,İnönü,Küçükçekmece,İstanbul,2.340.000 TL,75,70,1 + 1,1,4 Katlı,Bahçe Katı,13 Yaşında,Kombi,Eşyalı Değil,Boş,Kat Mülkiyeti,,,https://www.hepsiemlak.com/istanbul-kucukcekmece-inonu-satilik/daire/169241-33
169241-36,İnönü,Küçükçekmece,İstanbul,7.500.000 TL,93,87,3 + 1,2,4 Katlı,1. Kat,Sıfır Bina,Kombi,Eşyalı Değil,Boş,Kat Mülkiyeti,,,https://www.hepsiemlak.com/istanbul-kucukcekmece-inonu-satilik/daire/169241-36
167760-35,Battalgazi,Sultanbeyli,İstanbul,4.850.000 TL,93,80,2 + 1,1,4 Katlı,3. Kat,Sıfır Bina,Yerden Isıtma,Eşyalı Değil,Boş,Kat Mülkiyeti,"Doğu, Batı",200 TL,https://www.hepsiemlak.com/istanbul-sultanbeyli-battalgazi-satilik/daire/167760-35
9083-4903,Celaliye,Büyükçekmece,İstanbul,16.500.000 TL,400,350,6 + 2,4,3 Katlı,,Sıfır Bina,Kombi,Eşyalı Değil,Boş,Kat Mülkiyeti,Güney,1 TL,https://www.hepsiemlak.com/istanbul-buyukcekmece-celaliye-satilik/villa/9083-4903
125915-178,Rami Yeni,Eyüpsultan,İstanbul,4.900.000 TL,100,90,2 + 1,1,4 Katlı,Yarı Bodrum,11 Yaşında,Kombi,Eşyalı Değil,Mülk Sahibi,Kat Mülkiyeti,"Güney, Batı",,https://www.hepsiemlak.com/istanbul-eyupsultan-rami-yeni-satilik/daire/125915-178
164895-91,Çavuş,Şile,İstanbul,12.800.000 TL,155,140,3 + 2,2,4 Katlı,3. Kat,6 Yaşında,Kombi,Eşyalı Değil,Kiracılı,Kat Mülkiyeti,"Kuzey, Güney, Doğu, Batı",,https://www.hepsiemlak.com/istanbul-sile-cavus-satilik/daire/164895-91
162168-69,Soğanlı,Bahçelievler,İstanbul,5.700.000 TL,185,165,4 + 1,1,5 Katlı,5. Kat,31 Yaşında,Kombi,Eşyalı Değil,Mülk Sahibi,Kat İrtifakı,"Güney, Doğu",,https://www.hepsiemlak.com/istanbul-bahcelievler-soganli-satilik/daire/162168-69
162168-63,Haznedar,Güngören,İstanbul,6.095.000 TL,75,60,2 + 1,1,6 Katlı,6. Kat,Sıfır Bina,Kombi,Eşyalı Değil,Boş,Tapu Yok,"Güney, Doğu",,https://www.hepsiemlak.com/istanbul-gungoren-haznedar-satilik/daire/162168-63
162168-64,Tevfik Bey,Küçükçekmece,İstanbul,2.850.000 TL,75,60,2 + 1,1,2 Katlı,Bahçe Katı,11 Yaşında,Kombi,Eşyalı Değil,Boş,Kat Mülkiyeti,"Güney, Doğu",,https://www.hepsiemlak.com/istanbul-kucukcekmece-tevfik-bey-satilik/daire/162168-64
125915-340,Mahmutbey,Bağcılar,İstanbul,5.850.000 TL,76,44,1 + 1,1,30 Katlı,15. Kat,3 Yaşında,Merkezi (Pay Öl...,Eşyalı Değil,Boş,Kat İrtifakı,"Kuzey, Güney",,https://www.hepsiemlak.com/istanbul-bagcilar-mahmutbey-satilik/daire/125915-340
159712-109,Göktürk Merkez,Eyüpsultan,İstanbul,39.850.000 TL,400,325,6 + 2,4,4 Katlı,,16 Yaşında,Kombi,Eşyalı Değil,Mülk Sahibi,Müstakil Tapulu,"Doğu, Batı",,https://www.hepsiemlak.com/istanbul-eyupsultan-gokturk-merkez-satilik/villa/159712-109
159712-99,Esatpaşa,Ataşehir,İstanbul,4.650.000 TL,64,53,1 + 1,1,3 Katlı,Bahçe Katı,4 Yaşında,Kombi,Eşyalı Değil,Boş,Kat Mülkiyeti,"Güney, Doğu, Batı",,https://www.hepsiemlak.com/istanbul-atasehir-esatpasa-satilik/daire/159712-99
168229-5,Altıntepe,Maltepe,İstanbul,8.000.000 TL,120,90,3 + 1,1,4 Katlı,Ara Kat,31 Yaşında,Kombi,Eşyalı Değil,Boş,Kat İrtifakı,"Güney, Doğu, Batı",200 TL,https://www.hepsiemlak.com/istanbul-maltepe-altintepe-satilik/daire/168229-5
6712-1463,Acıbadem,Kadıköy,İstanbul,5.500.000 TL,85,75,2 + 1,1,6 Katlı,Yüksek Giriş,35 Yaşında,Kombi,Eşyalı Değil,Kiracılı,Kat İrtifakı,Doğu,500 TL,https://www.hepsiemlak.com/istanbul-kadikoy-acibadem-satilik/daire/6712-1463
17495-889,Levazım,Beşiktaş,İstanbul,37.200.000 TL,200,160,3 + 1,2,5 Katlı,1. Kat,37 Yaşında,Merkezi,Eşyalı Değil,Boş,Kat Mülkiyeti,,,https://www.hepsiemlak.com/istanbul-besiktas-levazim-satilik/daire/17495-889
17495-886,Harbiye,Şişli,İstanbul,80.250.000 TL,200,170,3 + 1,3,8 Katlı,2. Kat,2 Yaşında,Merkezi,Eşyalı Değil,Boş,Kat Mülkiyeti,,,https://www.hepsiemlak.com/istanbul-sisli-harbiye-satilik/daire/17495-886
1757-4369,Beylerbeyi,Üsküdar,İstanbul,560.000.000 TL,1500,1400,23 + 0,7,3 Katlı,,45 Yaşında,Kombi,Eşyalı Değil,Mülk Sahibi,Müstakil Tapulu,"Kuzey, Güney, Doğu, Batı",,https://www.hepsiemlak.com/istanbul-uskudar-beylerbeyi-satilik/mustakil-ev/1757-4369
1757-4404,Arnavutköy,Beşiktaş,İstanbul,41.000.000 TL,100,87,2 + 1,1,3 Katlı,Yüksek Giriş,31 Yaşında,Kombi,,Boş,Kat Mülkiyeti,,,https://www.hepsiemlak.com/istanbul-besiktas-arnavutkoy-satilik/daire/1757-4404
1757-4361,Akat,Beşiktaş,İstanbul,72.000.000 TL,187,165,3 + 1,3,4 Katlı,3. Kat,35 Yaşında,Merkezi (Pay Öl...,Eşyalı Değil,Mülk Sahibi,Kat Mülkiyeti,,26.000 TL,https://www.hepsiemlak.com/istanbul-besiktas-akat-satilik/daire/1757-4361
1757-4393,Akat,Beşiktaş,İstanbul,103.500.000 TL,260,240,4 + 1,3,3 Katlı,4. Kat,37 Yaşında,Merkezi (Pay Öl...,Eşyalı Değil,Kiracılı,Kat Mülkiyeti,,,https://www.hepsiemlak.com/istanbul-besiktas-akat-satilik/daire/1757-4393
85532-2267,Gürsel,Kağıthane,İstanbul,6.900.000 TL,95,75,2 + 1,1,13 Katlı,13. Kat,6 Yaşında,Merkezi (Pay Öl...,Eşyalı Değil,Kiracılı,Kat Mülkiyeti,"Güney, Doğu, Batı",,https://www.hepsiemlak.com/istanbul-kagithane-gursel-satilik/residence/85532-2267
85532-2292,Çağlayan,Kağıthane,İstanbul,4.950.000 TL,80,70,2 + 1,1,3 Katlı,2. Kat,Sıfır Bina,Kombi,Eşyalı Değil,Kiracılı,Kat Mülkiyeti,"Güney, Batı",,https://www.hepsiemlak.com/istanbul-kagithane-caglayan-satilik/daire/85532-2292
168763-8,Piri Reis,Esenyurt,İstanbul,3.550.000 TL,65,55,1 + 1,1,17 Katlı,12. Kat,6 Yaşında,Merkezi,Eşyalı Değil,Mülk Sahibi,Yabancıdan,,3.500 TL,https://www.hepsiemlak.com/istanbul-esenyurt-piri-reis-satilik/daire/168763-8
168759-39,Barbaros Hayrettin Paşa,Esenyurt,İstanbul,3.750.000 TL,66,58,1 + 1,1,11 Katlı,6. Kat,11 Yaşında,Merkezi (Pay Öl...,Eşyalı Değil,Kiracılı,Kat Mülkiyeti,Doğu,3.200 TL,https://www.hepsiemlak.com/istanbul-esenyurt-barbaros-hayrettin-pasa-satilik/daire/168759-39
168695-4,Yeşilkent,Esenyurt,İstanbul,2.100.000 TL,69,52,1 + 1,1,24 Katlı,12. Kat,Sıfır Bina,Kombi,Eşyalı Değil,Boş,Kat Mülkiyeti,Güney,,https://www.hepsiemlak.com/istanbul-esenyurt-yesilkent-satilik/daire/168695-4
168695-1,Yeşilkent,Esenyurt,İstanbul,1.300.000 TL,60,55,1 + 1,1,5 Katlı,Bahçe Katı,6 Yaşında,Kombi,Eşyalı Değil,Boş,Kat Mülkiyeti,Güney,,https://www.hepsiemlak.com/istanbul-esenyurt-yesilkent-satilik/daire/168695-1
168696-2,Barbaros Hayrettin Paşa,Esenyurt,İstanbul,4.950.000 TL,80,60,1 + 1,1,30 Katlı,15. Kat,2 Yaşında,Merkezi (Pay Öl...,Eşyalı Değil,Boş,Yabancıdan,Doğu,,https://www.hepsiemlak.com/istanbul-esenyurt-barbaros-hayrettin-pasa-satilik/daire/168696-2
168696-7,Barbaros Hayrettin Paşa,Esenyurt,İstanbul,7.500.000 TL,95,80,1 + 1,1,30 Katlı,15. Kat,4 Yaşında,Merkezi,Eşyalı Değil,Boş,Yabancıdan,Güney,,https://www.hepsiemlak.com/istanbul-esenyurt-barbaros-hayrettin-pasa-satilik/daire/168696-7
168696-5,Barbaros Hayrettin Paşa,Esenyurt,İstanbul,5.650.000 TL,90,80,2 + 1,1,30 Katlı,9. Kat,6 Yaşında,Merkezi (Pay Öl...,Eşyalı Değil,Boş,Yabancıdan,,,https://www.hepsiemlak.com/istanbul-esenyurt-barbaros-hayrettin-pasa-satilik/daire/168696-5
168696-3,Cumhuriyet,Beylikdüzü,İstanbul,6.600.000 TL,68,58,1 + 1,1,15 Katlı,11. Kat,6 Yaşında,Merkezi (Pay Öl...,Eşyalı Değil,Kiracılı,Yabancıdan,Batı,,https://www.hepsiemlak.com/istanbul-beylikduzu-cumhuriyet-satilik/daire/168696-3
45672-793,Bağlarbaşı,Gaziosmanpaşa,İstanbul,9.450.000 TL,137,100,3 + 1,2,10 Katlı,8. Kat,Sıfır Bina,Merkezi (Pay Öl...,Eşyalı Değil,Boş,Kat Mülkiyeti,"Kuzey, Güney, Doğu",4.200 TL,https://www.hepsiemlak.com/istanbul-gaziosmanpasa-baglarbasi-satilik/daire/45672-793
169470-33,Cevizli,Maltepe,İstanbul,8.700.000 TL,110,90,3 + 1,1,5 Katlı,1. Kat,6 Yaşında,Kombi,Eşyalı Değil,Kiracılı,Kat Mülkiyeti,"Güney, Doğu",,https://www.hepsiemlak.com/istanbul-maltepe-cevizli-satilik/daire/169470-33
39972-7762,Çakmaklı,Büyükçekmece,İstanbul,4.150.000 TL,110,90,2 + 1,1,12 Katlı,7. Kat,13 Yaşında,Kombi,Eşyalı Değil,Mülk Sahibi,Kat Mülkiyeti,"Güney, Doğu, Batı",2.400 TL,https://www.hepsiemlak.com/istanbul-buyukcekmece-cakmakli-satilik/daire/39972-7762
124862-1789,Yakuplu,Beylikdüzü,İstanbul,2.845.000 TL,63,55,1 + 1,1,6 Katlı,Bahçe Katı,2 Yaşında,Kombi,Eşyalı Değil,Boş,Kat İrtifakı,Batı,200 TL,https://www.hepsiemlak.com/istanbul-beylikduzu-yakuplu-satilik/daire/124862-1789
146945-135,Kemal Türkler,Sancaktepe,İstanbul,3.250.000 TL,95,90,2 + 1,2,3 Katlı,1. Kat,22 Yaşında,Kombi,Eşyalı Değil,Boş,Arsa,"Doğu, Batı",100 TL,https://www.hepsiemlak.com/istanbul-sancaktepe-kemal-turkler-satilik/daire/146945-135
165948-69,İçerenköy,Ataşehir,İstanbul,17.000.000 TL,115,90,3 + 1,1,13 Katlı,12. Kat,1 Yaşında,Kombi,Eşyalı Değil,Boş,Kat Mülkiyeti,"Kuzey, Güney, Batı",1.500 TL,https://www.hepsiemlak.com/istanbul-atasehir-icerenkoy-satilik/daire/165948-69
117718-333,Zühtüpaşa,Kadıköy,İstanbul,9.950.000 TL,100,90,2 + 1,1,4 Katlı,3. Kat,30 Yaşında,Kombi,Eşyalı Değil,Mülk Sahibi,Kat Mülkiyeti,"Güney, Doğu",200 TL,https://www.hepsiemlak.com/istanbul-kadikoy-zuhtupasa-satilik/daire/117718-333
139966-1412,İsmetpaşa,Sultangazi,İstanbul,7.750.000 TL,200,180,4 + 1,2,4 Katlı,3. Kat,11 Yaşında,Kombi,Eşyalı Değil,Mülk Sahibi,Yabancıdan,Güney,,https://www.hepsiemlak.com/istanbul-sultangazi-ismetpasa-satilik/daire/139966-1412
48824-498,Atakent,Küçükçekmece,İstanbul,12.650.000 TL,85,70,1 + 1,1,8 Katlı,Yarı Bodrum,5 Yaşında,Merkezi (Pay Öl...,Eşyalı Değil,Kiracılı,Kat Mülkiyeti,Batı,,https://www.hepsiemlak.com/istanbul-kucukcekmece-atakent-satilik/daire/48824-498
1057-12523,Çınar,Maltepe,İstanbul,11.450.000 TL,90,80,2 + 1,1,4 Katlı,2. Kat,6 Yaşında,Kombi,Eşyalı Değil,Boş,Kat Mülkiyeti,"Güney, Doğu",,https://www.hepsiemlak.com/istanbul-maltepe-cinar-satilik/daire/1057-12523
8030-4449,Erenköy,Kadıköy,İstanbul,19.900.000 TL,145,130,3 + 1,2,13 Katlı,3. Kat,9 Yaşında,Merkezi (Pay Öl...,Eşyalı Değil,Kiracılı,Yabancıdan,Güney,,https://www.hepsiemlak.com/istanbul-kadikoy-erenkoy-satilik/daire/8030-4449
147363-208,Firuzköy,Avcılar,İstanbul,6.550.000 TL,115,85,2 + 1,2,10 Katlı,5. Kat,5 Yaşında,Merkezi (Pay Öl...,Eşyalı Değil,Boş,Kat Mülkiyeti,Güney,5.200 TL,https://www.hepsiemlak.com/istanbul-avcilar-firuzkoy-satilik/daire/147363-208
6056-14170,Ortaköy,Silivri,İstanbul,29.500.000 TL,350,320,7 + 1,5,2 Katlı,,Sıfır Bina,Yerden Isıtma,Eşyalı Değil,Boş,Kat Mülkiyeti,"Kuzey, Güney, Doğu, Batı",,https://www.hepsiemlak.com/istanbul-silivri-ortakoy-satilik/villa/6056-14170
128930-799,Şehremini,Fatih,İstanbul,10.600.000 TL,95,90,2 + 1,1,4 Katlı,1. Kat,4 Yaşında,Kombi,Eşyalı Değil,Boş,Kat Mülkiyeti,"Güney, Doğu",200 TL,https://www.hepsiemlak.com/istanbul-fatih-sehremini-satilik/daire/128930-799
1200-4353,Etiler,Beşiktaş,İstanbul,49.500.000 TL,125,114,2 + 1,2,5 Katlı,4. Kat,4 Yaşında,Merkezi,Eşyalı Değil,Mülk Sahibi,Kat Mülkiyeti,,,https://www.hepsiemlak.com/istanbul-besiktas-etiler-satilik/daire/1200-4353
73310-628,Molla Gürani,Fatih,İstanbul,5.800.000 TL,125,110,3 + 1,1,4 Katlı,3. Kat,45 Yaşında,Kombi,Eşyalı Değil,Kiracılı,Kat Mülkiyeti,"Doğu, Batı",,https://www.hepsiemlak.com/istanbul-fatih-molla-gurani-satilik/daire/73310-628
4502-2065,Göztepe,Kadıköy,İstanbul,21.000.000 TL,125,105,3 + 1,2,7 Katlı,4. Kat,4 Yaşında,Kombi,Eşyalı Değil,Boş,Kat Mülkiyeti,"Kuzey, Güney, Batı",2.300 TL,https://www.hepsiemlak.com/istanbul-kadikoy-goztepe-satilik/daire/4502-2065
141250-323,Hürriyet,Kartal,İstanbul,25.750.000 TL,315,265,4 + 2,4,4 Katlı,Bahçe Katı,Sıfır Bina,Kombi,Eşyalı Değil,Boş,Kat Mülkiyeti,,,https://www.hepsiemlak.com/istanbul-kartal-hurriyet-satilik/villa/141250-323
120181-350,Altayçeşme,Maltepe,İstanbul,14.950.000 TL,240,200,4 + 2,3,9 Katlı,9. Kat,31 Yaşında,Merkezi,Eşyalı Değil,Kiracılı,Kat İrtifakı,,,https://www.hepsiemlak.com/istanbul-maltepe-altaycesme-satilik/daire/120181-350
45647-1913,Kılıçali Paşa,Beyoğlu,İstanbul,24.400.000 TL,160,155,3 + 1,2,5 Katlı,1. Kat,94 Yaşında,Kombi,Eşyalı Değil,Boş,Kat Mülkiyeti,,500 TL,https://www.hepsiemlak.com/istanbul-beyoglu-kilicali-pasa-satilik/daire/45647-1913
77929-3124,Teşvikiye,Şişli,İstanbul,35.500.000 TL,145,130,3 + 1,3,8 Katlı,8. Kat,8 Yaşında,Kombi,Eşyalı Değil,Mülk Sahibi,Kat Mülkiyeti,"Kuzey, Güney",,https://www.hepsiemlak.com/istanbul-sisli-tesvikiye-satilik/daire/77929-3124
2312-25821,19 Mayıs,Kadıköy,İstanbul,25.000.000 TL,160,140,4 + 1,2,17 Katlı,12. Kat,28 Yaşında,Kombi,,Mülk Sahibi,Kat İrtifakı,"Güney, Batı",11.000 TL,https://www.hepsiemlak.com/istanbul-kadikoy-19-mayis-satilik/daire/2312-25821
73952-872,Örnektepe,Beyoğlu,İstanbul,7.450.000 TL,135,120,3 + 1,2,3 Katlı,3. Kat,15 Yaşında,Kombi,Eşyalı Değil,Boş,Kat İrtifakı,,200 TL,https://www.hepsiemlak.com/istanbul-beyoglu-ornektepe-satilik/daire/73952-872
1004-1204,Göztepe,Kadıköy,İstanbul,25.950.000 TL,140,105,3 + 1,2,11 Katlı,4. Kat,Sıfır Bina,Merkezi (Pay Öl...,Eşyalı Değil,Boş,Kat İrtifakı,"Güney, Doğu",,https://www.hepsiemlak.com/istanbul-kadikoy-goztepe-satilik/daire/1004-1204
83414-366,Merkez,Çekmeköy,İstanbul,5.700.000 TL,75,60,2 + 1,2,4 Katlı,2. Kat,11 Yaşında,Kombi,Eşyalı Değil,Mülk Sahibi,Kat Mülkiyeti,"Güney, Doğu",300 TL,https://www.hepsiemlak.com/istanbul-cekmekoy-merkez-satilik/daire/83414-366
80027-1307,Dikilitaş,Beşiktaş,İstanbul,9.000.000 TL,120,100,3 + 1,1,9 Katlı,1. Kat,40 Yaşında,Kombi,Eşyalı Değil,Boş,Kat Mülkiyeti,,300 TL,https://www.hepsiemlak.com/istanbul-besiktas-dikilitas-satilik/daire/80027-1307
94668-484,Şehit Muhtar,Beyoğlu,İstanbul,18.000.000 TL,66,45,5 + 5,5,5 Katlı,,35 Yaşında,Kombi,Eşyalı Değil,Boş,Kat Mülkiyeti,"Kuzey, Güney, Doğu, Batı",50 TL,https://www.hepsiemlak.com/istanbul-beyoglu-sehit-muhtar-satilik/bina/94668-484
131567-763,Zübeyde Hanım,Sultangazi,İstanbul,2.850.000 TL,65,50,2 + 1,1,5 Katlı,Bahçe Katı,16 Yaşında,Kombi,Eşyalı Değil,Boş,Kat İrtifakı,Doğu,,https://www.hepsiemlak.com/istanbul-sultangazi-zubeyde-hanim-satilik/daire/131567-763
131567-782,Çırçır,Eyüpsultan,İstanbul,7.200.000 TL,95,85,2 + 1,2,10 Katlı,6. Kat,6 Yaşında,Kombi,Eşyalı Değil,Kiracılı,Kat Mülkiyeti,Doğu,1.750 TL,https://www.hepsiemlak.com/istanbul-eyupsultan-circir-satilik/daire/131567-782
131567-768,Akşemsettin,Eyüpsultan,İstanbul,15.000.000 TL,190,185,4 + 2,2,4 Katlı,3. Kat,Sıfır Bina,Kombi,Eşyalı Değil,Boş,Kat Mülkiyeti,"Doğu, Batı",,https://www.hepsiemlak.com/istanbul-eyupsultan-aksemsettin-satilik/daire/131567-768
131567-770,Alibeyköy,Eyüpsultan,İstanbul,4.250.000 TL,65,55,1 + 1,1,6 Katlı,2. Kat,4 Yaşında,Kombi,Eşyalı Değil,Boş,Kat Mülkiyeti,"Kuzey, Batı",400 TL,https://www.hepsiemlak.com/istanbul-eyupsultan-alibeykoy-satilik/daire/131567-770
131567-772,Çırçır,Eyüpsultan,İstanbul,6.350.000 TL,90,80,2 + 1,1,10 Katlı,10. Kat,11 Yaşında,Merkezi (Pay Öl...,Eşyalı Değil,Boş,Kat Mülkiyeti,"Güney, Batı",1.750 TL,https://www.hepsiemlak.com/istanbul-eyupsultan-circir-satilik/daire/131567-772
119677-120,Halkalı Merkez,Küçükçekmece,İstanbul,3.350.000 TL,100,90,3 + 1,2,5 Katlı,5. Kat,21 Yaşında,Kombi,Eşyalı Değil,Mülk Sahibi,Arsa,,,https://www.hepsiemlak.com/istanbul-kucukcekmece-halkali-merkez-satilik/daire/119677-120
151785-125,Zümrütevler,Maltepe,İstanbul,6.300.000 TL,70,58,2 + 1,2,11 Katlı,1. Kat,5 Yaşında,Merkezi,Eşyalı Değil,Mülk Sahibi,Kat Mülkiyeti,Batı,1.800 TL,https://www.hepsiemlak.com/istanbul-maltepe-zumrutevler-satilik/daire/151785-125
131567-766,Yeşilpınar,Eyüpsultan,İstanbul,9.100.000 TL,175,160,3 + 1,2,3 Katlı,3. Kat,11 Yaşında,Kombi,Eşyalı Değil,Mülk Sahibi,Kat Mülkiyeti,"Kuzey, Güney, Doğu, Batı",,https://www.hepsiemlak.com/istanbul-eyupsultan-yesilpinar-satilik/daire/131567-766
131567-776,Alibeyköy,Eyüpsultan,İstanbul,7.750.000 TL,100,65,2 + 1,1,10 Katlı,4. Kat,Sıfır Bina,Merkezi (Pay Öl...,Eşyalı Değil,Boş,Kat İrtifakı,"Güney, Doğu",6.500 TL,https://www.hepsiemlak.com/istanbul-eyupsultan-alibeykoy-satilik/daire/131567-776
131567-786,Yeşilpınar,Eyüpsultan,İstanbul,7.800.000 TL,100,70,2 + 1,1,9 Katlı,1. Kat,Sıfır Bina,Merkezi (Pay Öl...,Eşyalı Değil,Boş,Kat Mülkiyeti,"Doğu, Batı",3.000 TL,https://www.hepsiemlak.com/istanbul-eyupsultan-yesilpinar-satilik/daire/131567-786
131567-765,Yeşilpınar,Eyüpsultan,İstanbul,9.600.000 TL,220,200,6 + 2,3,3 Katlı,3. Kat,11 Yaşında,Kombi,Eşyalı Değil,Mülk Sahibi,Kat İrtifakı,"Güney, Doğu, Batı",,https://www.hepsiemlak.com/istanbul-eyupsultan-yesilpinar-satilik/daire/131567-765
131567-769,Karadolap,Eyüpsultan,İstanbul,11.550.000 TL,125,110,3 + 1,2,4 Katlı,1. Kat,Sıfır Bina,Kombi,Eşyalı Değil,Boş,Kat Mülkiyeti,"Kuzey, Doğu",,https://www.hepsiemlak.com/istanbul-eyupsultan-karadolap-satilik/daire/131567-769
151785-126,Zümrütevler,Maltepe,İstanbul,6.300.000 TL,70,58,2 + 1,2,11 Katlı,1. Kat,5 Yaşında,Merkezi,,Mülk Sahibi,Kat Mülkiyeti,Batı,1.800 TL,https://www.hepsiemlak.com/istanbul-maltepe-zumrutevler-satilik/residence/151785-126
168529-11,Battalgazi,Sultanbeyli,İstanbul,6.500.000 TL,100,80,2 + 1,1,7 Katlı,3. Kat,Sıfır Bina,Merkezi (Pay Öl...,Eşyalı Değil,Boş,Kat İrtifakı,,,https://www.hepsiemlak.com/istanbul-sultanbeyli-battalgazi-satilik/daire/168529-11
4245-11228,Zekeriyaköy,Sarıyer,İstanbul,36.500.000 TL,285,275,4 + 2,4,4 Katlı,,25 Yaşında,Kombi,Eşyalı Değil,Boş,Kat İrtifakı,"Kuzey, Güney, Doğu",11.000 TL,https://www.hepsiemlak.com/istanbul-sariyer-zekeriyakoy-satilik/villa/4245-11228
32956-408,Paşa,Şişli,İstanbul,6.000.000 TL,80,70,2 + 2,2,5 Katlı,En Üst Kat,13 Yaşında,Kombi,Eşyalı Değil,Boş,Kat İrtifakı,"Kuzey, Doğu",300 TL,https://www.hepsiemlak.com/istanbul-sisli-pasa-satilik/daire/32956-408
131567-777,Çırçır,Eyüpsultan,İstanbul,12.500.000 TL,180,175,2 + 2,2,8 Katlı,8. Kat,6 Yaşında,Kombi,Eşyalı Değil,Mülk Sahibi,Kat Mülkiyeti,"Kuzey, Batı",2.000 TL,https://www.hepsiemlak.com/istanbul-eyupsultan-circir-satilik/daire/131567-777
83899-848,Murat Çeşme,Büyükçekmece,İstanbul,4.650.000 TL,85,75,2 + 1,1,4 Katlı,1. Kat,6 Yaşında,Kombi,Eşyalı Değil,Kiracılı,Kat Mülkiyeti,"Güney, Doğu",500 TL,https://www.hepsiemlak.com/istanbul-buyukcekmece-murat-cesme-satilik/daire/83899-848
131567-787,Yeşilpınar,Eyüpsultan,İstanbul,6.400.000 TL,115,85,3 + 1,1,5 Katlı,Yüksek Giriş,21 Yaşında,Kombi,Eşyalı Değil,Boş,Kat İrtifakı,Güney,,https://www.hepsiemlak.com/istanbul-eyupsultan-yesilpinar-satilik/daire/131567-787
131567-762,Çırçır,Eyüpsultan,İstanbul,4.750.000 TL,59,49,1 + 1,1,10 Katlı,9. Kat,6 Yaşında,Kombi,Eşyalı Değil,Kiracılı,Kat Mülkiyeti,"Güney, Batı",1.250 TL,https://www.hepsiemlak.com/istanbul-eyupsultan-circir-satilik/daire/131567-762
131567-767,Yeşilpınar,Eyüpsultan,İstanbul,3.900.000 TL,75,60,2 + 1,1,5 Katlı,Yarı Bodrum,11 Yaşında,Kombi,Eşyalı Değil,Mülk Sahibi,Kat Mülkiyeti,"Güney, Batı",,https://www.hepsiemlak.com/istanbul-eyupsultan-yesilpinar-satilik/daire/131567-767
162073-524,Cevizli,Maltepe,İstanbul,6.500.000 TL,45,35,1 + 1,1,6 Katlı,Yüksek Giriş,Sıfır Bina,Kombi,Eşyalı Değil,Boş,Kat Mülkiyeti,,,https://www.hepsiemlak.com/istanbul-maltepe-cevizli-satilik/daire/162073-524
136685-3658,Orhangazi,Pendik,İstanbul,5.480.000 TL,85,62,2 + 1,1,13 Katlı,9. Kat,6 Yaşında,Kombi,Eşyalı Değil,Mülk Sahibi,Kat Mülkiyeti,"Güney, Doğu, Batı",,https://www.hepsiemlak.com/istanbul-pendik-orhangazi-satilik/daire/136685-3658
88208-2188,Şehremini,Fatih,İstanbul,5.350.000 TL,85,80,2 + 1,1,5 Katlı,2. Kat,31 Yaşında,Kombi,Eşyalı Değil,Boş,Kat Mülkiyeti,,,https://www.hepsiemlak.com/istanbul-fatih-sehremini-satilik/daire/88208-2188
165923-60,Pınartepe,Büyükçekmece,İstanbul,7.500.000 TL,110,90,2 + 1,2,3 Katlı,3. Kat,6 Yaşında,Kombi,Eşyalı Değil,Boş,Kat İrtifakı,,,https://www.hepsiemlak.com/istanbul-buyukcekmece-pinartepe-satilik/daire/165923-60
5956-6701,Zeynep Kamil,Üsküdar,İstanbul,10.550.000 TL,85,78,2 + 1,1,5 Katlı,2. Kat,1 Yaşında,Kombi,Eşyalı Değil,Kiracılı,Kat Mülkiyeti,"Kuzey, Doğu",500 TL,https://www.hepsiemlak.com/istanbul-uskudar-zeynep-kamil-satilik/daire/5956-6701
131567-774,Kazım Karabekir,Gaziosmanpaşa,İstanbul,7.050.000 TL,135,125,3 + 1,1,5 Katlı,2. Kat,11 Yaşında,Kombi,Eşyalı Değil,Kiracılı,Tapu Yok,"Güney, Doğu",,https://www.hepsiemlak.com/istanbul-gaziosmanpasa-kazim-karabekir-satilik/daire/131567-774
131567-778,Kazım Karabekir,Gaziosmanpaşa,İstanbul,6.850.000 TL,85,75,2 + 1,1,6 Katlı,Yüksek Giriş,Sıfır Bina,Kombi,Eşyalı Değil,Boş,Kat Mülkiyeti,"Doğu, Batı",,https://www.hepsiemlak.com/istanbul-gaziosmanpasa-kazim-karabekir-satilik/daire/131567-778
131567-775,Mevlana,Gaziosmanpaşa,İstanbul,11.750.000 TL,135,120,3 + 1,1,3 Katlı,2. Kat,5 Yaşında,Kombi,Eşyalı Değil,Mülk Sahibi,Kat Mülkiyeti,"Güney, Doğu",,https://www.hepsiemlak.com/istanbul-gaziosmanpasa-mevlana-satilik/daire/131567-775
131567-779,Çırçır,Eyüpsultan,İstanbul,6.500.000 TL,105,90,2 + 1,2,10 Katlı,1. Kat,6 Yaşında,Kombi,Eşyalı Değil,Kiracılı,Kat Mülkiyeti,"Güney, Batı",1.750 TL,https://www.hepsiemlak.com/istanbul-eyupsultan-circir-satilik/daire/131567-779
0-46948716,Kamiloba,Büyükçekmece,İstanbul,19.500.000 TL,105,95,6 + 2,2,3 Katlı,,9 Yaşında,Kombi,Eşyalı,Mülk Sahibi,Arsa,,,https://www.hepsiemlak.com/istanbul-buyukcekmece-kamiloba-satilik/mustakil-ev/0-46948716
164742-1140,Fatih,Bağcılar,İstanbul,7.250.000 TL,110,95,3 + 1,1,5 Katlı,1. Kat,6 Yaşında,Kombi,Eşyalı Değil,Mülk Sahibi,Kat Mülkiyeti,,450 TL,https://www.hepsiemlak.com/istanbul-bagcilar-fatih-satilik/daire/164742-1140
164742-1141,Fatih,Bağcılar,İstanbul,2.750.000 TL,100,85,2 + 1,1,6 Katlı,4. Kat,31 Yaşında,Kombi,Eşyalı Değil,Boş,Hisseli Tapu,Güney,,https://www.hepsiemlak.com/istanbul-bagcilar-fatih-satilik/daire/164742-1141
156228-120,Altayçeşme,Maltepe,İstanbul,7.500.000 TL,65,50,2 + 1,1,4 Katlı,Yüksek Giriş,6 Yaşında,Kombi,Eşyalı Değil,Boş,Kat Mülkiyeti,"Kuzey, Güney, Doğu, Batı",,https://www.hepsiemlak.com/istanbul-maltepe-altaycesme-satilik/daire/156228-120
131567-773,Yeşilpınar,Eyüpsultan,İstanbul,5.250.000 TL,115,100,3 + 1,1,5 Katlı,4. Kat,21 Yaşında,Kombi,Eşyalı Değil,Kiracılı,Arsa,"Kuzey, Güney, Batı",,https://www.hepsiemlak.com/istanbul-eyupsultan-yesilpinar-satilik/daire/131567-773
131567-780,Yeşilpınar,Eyüpsultan,İstanbul,7.950.000 TL,160,145,4 + 1,2,3 Katlı,3. Kat,6 Yaşında,Kombi,Eşyalı Değil,Kiracılı,Kat İrtifakı,"Doğu, Batı",,https://www.hepsiemlak.com/istanbul-eyupsultan-yesilpinar-satilik/daire/131567-780
131567-781,Yeşilpınar,Eyüpsultan,İstanbul,5.250.000 TL,59,49,1 + 1,1,5 Katlı,1. Kat,3 Yaşında,Kombi,Eşyalı Değil,Boş,Kat Mülkiyeti,Batı,,https://www.hepsiemlak.com/istanbul-eyupsultan-yesilpinar-satilik/daire/131567-781
1545-12686,Caddebostan,Kadıköy,İstanbul,90.000.000 TL,170,135,3 + 1,2,9 Katlı,7. Kat,1 Yaşında,Kombi,,,Kat Mülkiyeti,,,https://www.hepsiemlak.com/istanbul-kadikoy-caddebostan-satilik/daire/1545-12686
64057-1053,Çağlayan,Kağıthane,İstanbul,7.350.000 TL,140,120,3 + 1,2,5 Katlı,2. Kat,5 Yaşında,Kombi,Eşyalı Değil,Boş,Kat Mülkiyeti,"Güney, Doğu, Batı",250 TL,https://www.hepsiemlak.com/istanbul-kagithane-caglayan-satilik/daire/64057-1053
36118-18171,Erenköy,Kadıköy,İstanbul,21.900.000 TL,110,90,3 + 1,2,10 Katlı,11. Kat,Sıfır Bina,Kombi,Eşyalı Değil,Boş,Kat İrtifakı,"Güney, Doğu",1 TL,https://www.hepsiemlak.com/istanbul-kadikoy-erenkoy-satilik/daire/36118-18171
45672-791,Bağlarbaşı,Gaziosmanpaşa,İstanbul,8.500.000 TL,106,80,2 + 1,1,10 Katlı,6. Kat,Sıfır Bina,Merkezi (Pay Öl...,Eşyalı,Mülk Sahibi,Kat Mülkiyeti,"Kuzey, Güney",3.800 TL,https://www.hepsiemlak.com/istanbul-gaziosmanpasa-baglarbasi-satilik/daire/45672-791
39972-7761,Küçükyalı,Maltepe,İstanbul,13.500.000 TL,330,280,6 + 2,3,4 Katlı,4. Kat,25 Yaşında,Kombi,Eşyalı Değil,Mülk Sahibi,Tapu Yok,"Güney, Doğu, Batı",,https://www.hepsiemlak.com/istanbul-maltepe-kucukyali-satilik/daire/39972-7761
165948-67,Güzeltepe,Eyüpsultan,İstanbul,7.500.000 TL,120,95,3 + 1,1,5 Katlı,1. Kat,16 Yaşında,Kombi,Eşyalı Değil,Kiracılı,Kat Mülkiyeti,,500 TL,https://www.hepsiemlak.com/istanbul-eyupsultan-guzeltepe-satilik/daire/165948-67
1057-12522,İdealtepe,Maltepe,İstanbul,12.950.000 TL,120,110,3 + 1,2,5 Katlı,1. Kat,11 Yaşında,Kombi,Eşyalı Değil,Boş,Kat Mülkiyeti,"Güney, Doğu",,https://www.hepsiemlak.com/istanbul-maltepe-idealtepe-satilik/daire/1057-12522
124862-1749,Yeşilkent,Esenyurt,İstanbul,2.599.500 TL,58,50,1 + 1,1,26 Katlı,9. Kat,15 Yaşında,Merkezi (Pay Öl...,Eşyalı Değil,Kiracılı,Kat Mülkiyeti,Batı,3.065 TL,https://www.hepsiemlak.com/istanbul-esenyurt-yesilkent-satilik/daire/124862-1749
48824-494,Çanta Sancaktepe,Silivri,İstanbul,16.000.000 TL,380,340,5 + 1,3,3 Katlı,Bahçe Katı,Sıfır Bina,Kombi,Eşyalı,Boş,Kat Mülkiyeti,"Güney, Doğu, Batı",,https://www.hepsiemlak.com/istanbul-silivri-canta-sancaktepe-satilik/villa/48824-494
146945-126,Cumhuriyet,Üsküdar,İstanbul,7.550.000 TL,85,75,2 + 1,1,5 Katlı,Ara Kat,14 Yaşında,Kombi,Eşyalı Değil,Mülk Sahibi,Kat İrtifakı,"Güney, Batı",1.000 TL,https://www.hepsiemlak.com/istanbul-uskudar-cumhuriyet-satilik/daire/146945-126
45647-1578,Maden,Adalar,İstanbul,38.500.000 TL,340,320,5 + 5,4,4 Katlı,,39 Yaşında,Kombi,Eşyalı Değil,Boş,Kat Mülkiyeti,,,https://www.hepsiemlak.com/istanbul-adalar-maden-satilik/bina/45647-1578
110844-6236,Feriköy,Şişli,İstanbul,12.000.000 TL,130,120,3 + 1,1,5 Katlı,3. Kat,12 Yaşında,Kombi,Eşyalı,Mülk Sahibi,Kat Mülkiyeti,"Güney, Batı",1.500 TL,https://www.hepsiemlak.com/istanbul-sisli-ferikoy-satilik/daire/110844-6236
11114-11717,Mecidiyeköy,Şişli,İstanbul,5.700.000 TL,90,85,2 + 1,1,6 Katlı,1. Kat,10 Yaşında,Kombi,Eşyalı Değil,Kiracılı,Kat İrtifakı,Doğu,300 TL,https://www.hepsiemlak.com/istanbul-sisli-mecidiyekoy-satilik/daire/11114-11717
107582-4218,Yenişehir,Pendik,İstanbul,16.750.000 TL,260,235,4 + 2,3,9 Katlı,9. Kat,13 Yaşında,Kombi,Eşyalı Değil,Kiracılı,Kat Mülkiyeti,"Kuzey, Güney",4.200 TL,https://www.hepsiemlak.com/istanbul-pendik-yenisehir-satilik/daire/107582-4218
2089-12912,Zeynep Kamil,Üsküdar,İstanbul,30.000.000 TL,260,200,5 + 1,3,4 Katlı,4. Kat,Sıfır Bina,Kombi,,Boş,Kat İrtifakı,,,https://www.hepsiemlak.com/istanbul-uskudar-zeynep-kamil-satilik/daire/2089-12912
65405-745,Gayrettepe,Beşiktaş,İstanbul,8.600.000 TL,90,80,2 + 1,1,4 Katlı,Giriş Katı,45 Yaşında,Kombi,Eşyalı Değil,Kiracılı,Kat Mülkiyeti,Batı,500 TL,https://www.hepsiemlak.com/istanbul-besiktas-gayrettepe-satilik/daire/65405-745
77929-3290,Teşvikiye,Şişli,İstanbul,18.500.000 TL,100,80,2 + 1,2,6 Katlı,1. Kat,Sıfır Bina,Kombi,Eşyalı Değil,Boş,Kat Mülkiyeti,"Kuzey, Güney",,https://www.hepsiemlak.com/istanbul-sisli-tesvikiye-satilik/daire/77929-3290
141250-350,Kayışdağı,Ataşehir,İstanbul,4.000.000 TL,75,57,1 + 1,1,3 Katlı,Bahçe Katı,11 Yaşında,Kombi,Eşyalı Değil,Kiracılı,Kat İrtifakı,,,https://www.hepsiemlak.com/istanbul-atasehir-kayisdagi-satilik/daire/141250-350
1004-910,Erenköy,Kadıköy,İstanbul,25.500.000 TL,125,95,3 + 1,2,14 Katlı,14. Kat,1 Yaşında,Merkezi (Pay Öl...,Eşyalı Değil,Boş,Kat Mülkiyeti,"Kuzey, Doğu, Batı",,https://www.hepsiemlak.com/istanbul-kadikoy-erenkoy-satilik/daire/1004-910
83414-372,İçerenköy,Ataşehir,İstanbul,6.500.000 TL,99,85,3 + 1,1,4 Katlı,Yüksek Giriş,15 Yaşında,Kombi,Eşyalı Değil,Kiracılı,Kat Mülkiyeti,Güney,400 TL,https://www.hepsiemlak.com/istanbul-atasehir-icerenkoy-satilik/daire/83414-372
18825-2811,Ortabayır,Kağıthane,İstanbul,5.500.000 TL,110,100,3 + 1,1,5 Katlı,1. Kat,22 Yaşında,Kombi,Eşyalı Değil,Kiracılı,Kat Mülkiyeti,"Kuzey, Güney, Doğu, Batı",100 TL,https://www.hepsiemlak.com/istanbul-kagithane-ortabayir-satilik/daire/18825-2811
2312-25799,Maden,Adalar,İstanbul,10.500.000 TL,115,86,3 + 1,1,4 Katlı,Giriş Katı,28 Yaşında,Kombi,,Boş,Kat İrtifakı,"Kuzey, Doğu",,https://www.hepsiemlak.com/istanbul-adalar-maden-satilik/daire/2312-25799
70897-3565,Merkez,Şişli,İstanbul,13.500.000 TL,90,85,2 + 1,1,5 Katlı,3. Kat,9 Yaşında,Kombi,,Boş,Kat Mülkiyeti,,,https://www.hepsiemlak.com/istanbul-sisli-merkez-satilik/daire/70897-3565
45672-790,Bağlarbaşı,Gaziosmanpaşa,İstanbul,10.500.000 TL,137,100,3 + 1,2,9 Katlı,7. Kat,Sıfır Bina,Merkezi (Pay Öl...,Eşyalı Değil,Boş,Kat Mülkiyeti,"Kuzey, Güney, Batı",4.200 TL,https://www.hepsiemlak.com/istanbul-gaziosmanpasa-baglarbasi-satilik/daire/45672-790
39972-7756,Küçükyalı,Maltepe,İstanbul,18.450.000 TL,280,250,5 + 2,4,4 Katlı,4. Kat,28 Yaşında,Kombi,Eşyalı Değil,Mülk Sahibi,Kat İrtifakı,"Güney, Doğu, Batı",,https://www.hepsiemlak.com/istanbul-maltepe-kucukyali-satilik/daire/39972-7756
1057-12515,İdealtepe,Maltepe,İstanbul,9.950.000 TL,120,100,3 + 1,1,4 Katlı,2. Kat,26 Yaşında,Kombi,Eşyalı Değil,Boş,Kat Mülkiyeti,"Güney, Doğu",,https://www.hepsiemlak.com/istanbul-maltepe-idealtepe-satilik/daire/1057-12515
124862-1696,Gökevler,Esenyurt,İstanbul,9.160.000 TL,153,86,2 + 1,2,9 Katlı,4. Kat,Sıfır Bina,Merkezi (Pay Öl...,Eşyalı Değil,Boş,Kat İrtifakı,Batı,,https://www.hepsiemlak.com/istanbul-esenyurt-gokevler-satilik/daire/124862-1696
165948-41,Dumlupınar,Pendik,İstanbul,8.000.000 TL,120,100,3 + 1,2,7 Katlı,7. Kat,11 Yaşında,Kombi,Eşyalı Değil,Boş,Kat Mülkiyeti,"Güney, Doğu",,https://www.hepsiemlak.com/istanbul-pendik-dumlupinar-satilik/daire/165948-41
45647-937,Kılıçali Paşa,Beyoğlu,İstanbul,405.000.000 TL,1584,1440,20 + 12,20,9 Katlı,,6 Yaşında,Merkezi (Pay Öl...,Eşyalı,Kiracılı,Kat Mülkiyeti,,,https://www.hepsiemlak.com/istanbul-beyoglu-kilicali-pasa-satilik/bina/45647-937
61068-1252,Paşa,Şişli,İstanbul,6.200.000 TL,75,69,2 + 1,1,3 Katlı,3. Kat,5 Yaşında,Kombi,Eşyalı Değil,Kiracılı,Kat Mülkiyeti,"Güney, Doğu, Batı",250 TL,https://www.hepsiemlak.com/istanbul-sisli-pasa-satilik/daire/61068-1252
48824-487,Göztepe,Bağcılar,İstanbul,11.500.000 TL,173,150,3 + 1,2,24 Katlı,1. Kat,11 Yaşında,Merkezi (Pay Öl...,Eşyalı Değil,,Kat Mülkiyeti,,,https://www.hepsiemlak.com/istanbul-bagcilar-goztepe-satilik/daire/48824-487
65405-706,Gayrettepe,Beşiktaş,İstanbul,8.900.000 TL,100,85,3 + 1,1,6 Katlı,Yüksek Giriş,50 Yaşında,Merkezi,Eşyalı Değil,Kiracılı,Kat Mülkiyeti,Doğu,2.200 TL,https://www.hepsiemlak.com/istanbul-besiktas-gayrettepe-satilik/daire/65405-706
11114-11725,Gülbahar,Şişli,İstanbul,3.350.000 TL,85,80,2 + 1,1,6 Katlı,Kot 1,16 Yaşında,Merkezi,Eşyalı Değil,Boş,Kat İrtifakı,"Güney, Doğu",400 TL,https://www.hepsiemlak.com/istanbul-sisli-gulbahar-satilik/daire/11114-11725
110844-6241,Paşa,Şişli,İstanbul,6.900.000 TL,57,55,1 + 1,1,6 Katlı,1. Kat,4 Yaşında,Kombi,Eşyalı Değil,Boş,Yabancıdan,"Güney, Batı",2.000 TL,https://www.hepsiemlak.com/istanbul-sisli-pasa-satilik/daire/110844-6241
58568-8209,Ünalan,Üsküdar,İstanbul,4.400.000 TL,60,50,2 + 1,1,3 Katlı,Bahçe Katı,13 Yaşında,Kombi,Eşyalı,Boş,Kat Mülkiyeti,"Güney, Doğu",250 TL,https://www.hepsiemlak.com/istanbul-uskudar-unalan-satilik/daire/58568-8209
155324-63,Atatürk,Ümraniye,İstanbul,7.350.000 TL,140,120,4 + 1,2,3 Katlı,3. Kat,16 Yaşında,Kombi,Eşyalı Değil,Kiracılı,Kat İrtifakı,Doğu,500 TL,https://www.hepsiemlak.com/istanbul-umraniye-ataturk-satilik/daire/155324-63
162318-58,Mimar Sinan,Sultanbeyli,İstanbul,5.050.000 TL,100,80,2 + 1,2,4 Katlı,3. Kat,5 Yaşında,Kombi,Eşyalı Değil,Boş,Kat Mülkiyeti,Batı,,https://www.hepsiemlak.com/istanbul-sultanbeyli-mimar-sinan-satilik/daire/162318-58
130870-682,Zeynep Kamil,Üsküdar,İstanbul,7.600.000 TL,115,100,3 + 1,1,4 Katlı,3. Kat,31 Yaşında,Kombi,Eşyalı Değil,Mülk Sahibi,Kat Mülkiyeti,"Kuzey, Güney, Batı",200 TL,https://www.hepsiemlak.com/istanbul-uskudar-zeynep-kamil-satilik/daire/130870-682
162419-81,Cihangir,Avcılar,İstanbul,4.150.000 TL,75,69,2 + 1,1,1 Katlı,1. Kat,7 Yaşında,Kombi,Eşyalı Değil,Kiracılı,Kat Mülkiyeti,"Kuzey, Güney",150 TL,https://www.hepsiemlak.com/istanbul-avcilar-cihangir-satilik/daire/162419-81
39972-7751,Altıntepe,Maltepe,İstanbul,11.650.000 TL,140,120,3 + 1,2,3 Katlı,2. Kat,31 Yaşında,Kombi,Eşyalı Değil,Boş,Kat Mülkiyeti,"Kuzey, Güney, Doğu, Batı",,https://www.hepsiemlak.com/istanbul-maltepe-altintepe-satilik/daire/39972-7751
1057-12509,İdealtepe,Maltepe,İstanbul,10.250.000 TL,65,60,2 + 1,1,4 Katlı,Giriş Katı,Sıfır Bina,Kombi,Eşyalı Değil,Boş,Kat Mülkiyeti,"Güney, Doğu",,https://www.hepsiemlak.com/istanbul-maltepe-idealtepe-satilik/daire/1057-12509
124862-1668,Yeşilkent,Esenyurt,İstanbul,5.595.000 TL,128,113,3 + 1,2,24 Katlı,8. Kat,16 Yaşında,Merkezi (Pay Öl...,Eşyalı Değil,Boş,Kat Mülkiyeti,"Kuzey, Güney",5.503 TL,https://www.hepsiemlak.com/istanbul-esenyurt-yesilkent-satilik/daire/124862-1668
1004-1170,Göztepe,Kadıköy,İstanbul,26.000.000 TL,125,90,3 + 1,1,11 Katlı,12. Kat,Sıfır Bina,Merkezi (Pay Öl...,Eşyalı Değil,Boş,Kat İrtifakı,"Kuzey, Güney, Batı",,https://www.hepsiemlak.com/istanbul-kadikoy-goztepe-satilik/daire/1004-1170
45672-796,Fevzi Çakmak,Gaziosmanpaşa,İstanbul,4.250.000 TL,90,75,2 + 1,2,4 Katlı,Yarı Bodrum,6 Yaşında,Kombi,Eşyalı Değil,Mülk Sahibi,Kat İrtifakı,Kuzey,250 TL,https://www.hepsiemlak.com/istanbul-gaziosmanpasa-fevzi-cakmak-satilik/daire/45672-796
48824-486,Göztepe,Bağcılar,İstanbul,11.500.000 TL,173,150,3 + 1,2,24 Katlı,1. Kat,11 Yaşında,Merkezi (Pay Öl...,Eşyalı Değil,Mülk Sahibi,Kat Mülkiyeti,Batı,,https://www.hepsiemlak.com/istanbul-bagcilar-goztepe-satilik/daire/48824-486
23474-34451,Merdivenköy,Kadıköy,İstanbul,9.400.000 TL,65,54,2 + 1,1,8 Katlı,8. Kat,6 Yaşında,Kombi,Eşyalı Değil,Kiracılı,Kat İrtifakı,"Kuzey, Batı",,https://www.hepsiemlak.com/istanbul-kadikoy-merdivenkoy-satilik/daire/23474-34451
11114-11713,Mecidiyeköy,Şişli,İstanbul,3.350.000 TL,85,80,2 + 1,1,6 Katlı,Kot 1,16 Yaşında,Kombi,Eşyalı Değil,Boş,Kat İrtifakı,Batı,400 TL,https://www.hepsiemlak.com/istanbul-sisli-mecidiyekoy-satilik/daire/11114-11713
139966-1421,İsmetpaşa,Sultangazi,İstanbul,3.500.000 TL,100,90,2 + 1,1,5 Katlı,Bahçe Katı,6 Yaşında,Kombi,Eşyalı Değil,Mülk Sahibi,Kat İrtifakı,Güney,,https://www.hepsiemlak.com/istanbul-sultangazi-ismetpasa-satilik/daire/139966-1421
155324-61,Armağanevler,Ümraniye,İstanbul,5.600.000 TL,58,50,1 + 1,1,3 Katlı,Yüksek Giriş,Sıfır Bina,Kombi,Eşyalı Değil,Boş,Tapu Yok,Güney,,https://www.hepsiemlak.com/istanbul-umraniye-armaganevler-satilik/daire/155324-61
117718-287,Erenköy,Kadıköy,İstanbul,8.500.000 TL,95,75,2 + 1,1,4 Katlı,Bahçe Katı,27 Yaşında,Kombi,Eşyalı Değil,Boş,Kat Mülkiyeti,"Güney, Doğu, Batı",,https://www.hepsiemlak.com/istanbul-kadikoy-erenkoy-satilik/daire/117718-287
61068-1238,Eskişehir,Şişli,İstanbul,9.500.000 TL,110,100,3 + 1,2,6 Katlı,3. Kat,30 Yaşında,Kombi,Eşyalı Değil,Kiracılı,Kat Mülkiyeti,"Doğu, Batı",300 TL,https://www.hepsiemlak.com/istanbul-sisli-eskisehir-satilik/daire/61068-1238
8300-1666,19 Mayıs,Şişli,İstanbul,4.500.000 TL,90,85,1 + 1,1,7 Katlı,Kot 1,28 Yaşında,Kombi,Eşyalı Değil,Kiracılı,Kat İrtifakı,"Doğu, Batı",500 TL,https://www.hepsiemlak.com/istanbul-sisli-19-mayis-satilik/daire/8300-1666
39972-7701,Çınar,Maltepe,İstanbul,15.200.000 TL,110,90,3 + 1,1,4 Katlı,3. Kat,7 Yaşında,Kombi,Eşyalı Değil,Boş,Kat Mülkiyeti,"Güney, Doğu, Batı",,https://www.hepsiemlak.com/istanbul-maltepe-cinar-satilik/daire/39972-7701
45672-789,Bağlarbaşı,Gaziosmanpaşa,İstanbul,6.650.000 TL,99,75,2 + 1,1,10 Katlı,8. Kat,Sıfır Bina,Merkezi (Pay Öl...,Eşyalı Değil,Boş,Kat Mülkiyeti,Güney,3.900 TL,https://www.hepsiemlak.com/istanbul-gaziosmanpasa-baglarbasi-satilik/daire/45672-789
29820-2186,Valide-i Atik,Üsküdar,İstanbul,5.050.000 TL,80,70,2 + 1,1,4 Katlı,3. Kat,45 Yaşında,Kombi,Eşyalı Değil,Mülk Sahibi,Kat İrtifakı,,,https://www.hepsiemlak.com/istanbul-uskudar-valide-i-atik-satilik/daire/29820-2186
11114-11721,Gülbahar,Şişli,İstanbul,5.700.000 TL,90,85,2 + 1,1,6 Katlı,1. Kat,10 Yaşında,Kombi,Eşyalı Değil,,Kat İrtifakı,Doğu,300 TL,https://www.hepsiemlak.com/istanbul-sisli-gulbahar-satilik/daire/11114-11721
2257-3954,Yenişehir,Pendik,İstanbul,8.100.000 TL,95,90,2 + 1,1,7 Katlı,6. Kat,14 Yaşında,Merkezi (Pay Öl...,Eşyalı Değil,Kiracılı,Kat Mülkiyeti,"Güney, Doğu, Batı",4.000 TL,https://www.hepsiemlak.com/istanbul-pendik-yenisehir-satilik/daire/2257-3954
5956-6382,Valide-i Atik,Üsküdar,İstanbul,5.750.000 TL,70,65,2 + 1,1,4 Katlı,2. Kat,22 Yaşında,Kombi,Eşyalı Değil,Boş,Kat İrtifakı,"Kuzey, Batı",100 TL,https://www.hepsiemlak.com/istanbul-uskudar-valide-i-atik-satilik/daire/5956-6382
47614-6078,Meşrutiyet,Şişli,İstanbul,8.500.000 TL,90,85,2 + 1,2,5 Katlı,Yarı Bodrum,60 Yaşında,Kombi,Eşyalı Değil,Boş,Tapu Yok,,200 TL,https://www.hepsiemlak.com/istanbul-sisli-mesrutiyet-satilik/daire/47614-6078
23474-34480,19 Mayıs,Kadıköy,İstanbul,9.000.000 TL,105,95,3 + 1,1,14 Katlı,6. Kat,31 Yaşında,Merkezi,Eşyalı Değil,Boş,Kat Mülkiyeti,"Kuzey, Batı",,https://www.hepsiemlak.com/istanbul-kadikoy-19-mayis-satilik/daire/23474-34480
3448-15408,Sümer,Zeytinburnu,İstanbul,4.500.000 TL,95,90,2 + 1,1,4 Katlı,1. Kat,31 Yaşında,Kombi,Eşyalı Değil,Kiracılı,Kat İrtifakı,Güney,150 TL,https://www.hepsiemlak.com/istanbul-zeytinburnu-sumer-satilik/daire/3448-15408
139966-1416,Cebeci,Sultangazi,İstanbul,4.599.000 TL,100,95,2 + 1,1,5 Katlı,Yüksek Giriş,11 Yaşında,Kombi,Eşyalı Değil,Mülk Sahibi,Kat İrtifakı,Güney,,https://www.hepsiemlak.com/istanbul-sultangazi-cebeci-satilik/daire/139966-1416
125805-757,Karlıbayır,Arnavutköy,İstanbul,4.300.000 TL,85,75,2 + 1,1,4 Katlı,2. Kat,5 Yaşında,Kombi,Eşyalı Değil,Kiracılı,Kat İrtifakı,Güney,300 TL,https://www.hepsiemlak.com/istanbul-arnavutkoy-karlibayir-satilik/daire/125805-757
1057-12502,Altıntepe,Maltepe,İstanbul,13.750.000 TL,140,120,3 + 1,2,4 Katlı,4. Kat,Sıfır Bina,Kombi,Eşyalı Değil,Boş,Kat Mülkiyeti,"Güney, Doğu",,https://www.hepsiemlak.com/istanbul-maltepe-altintepe-satilik/daire/1057-12502
48824-476,Atakent,Küçükçekmece,İstanbul,5.600.000 TL,69,55,1 + 1,1,19 Katlı,8. Kat,11 Yaşında,Merkezi (Pay Öl...,Eşyalı Değil,Boş,Kat Mülkiyeti,Doğu,,https://www.hepsiemlak.com/istanbul-kucukcekmece-atakent-satilik/daire/48824-476
30633-2676,Merkez,Gaziosmanpaşa,İstanbul,3.600.000 TL,90,87,2 + 1,1,4 Katlı,Yüksek Giriş,16 Yaşında,Kombi,Eşyalı Değil,Kiracılı,Kat Mülkiyeti,Güney,,https://www.hepsiemlak.com/istanbul-gaziosmanpasa-merkez-satilik/daire/30633-2676
107912-413,Fatih,Küçükçekmece,İstanbul,6.500.000 TL,85,75,2 + 1,1,10 Katlı,4. Kat,4 Yaşında,Kombi,Eşyalı Değil,Mülk Sahibi,Kat Mülkiyeti,"Güney, Doğu",450 TL,https://www.hepsiemlak.com/istanbul-kucukcekmece-fatih-satilik/daire/107912-413
39972-7735,Yalı,Maltepe,İstanbul,10.200.000 TL,90,80,2 + 1,1,3 Katlı,3. Kat,4 Yaşında,Kombi,Eşyalı Değil,Mülk Sahibi,Kat Mülkiyeti,"Güney, Doğu, Batı",,https://www.hepsiemlak.com/istanbul-maltepe-yali-satilik/daire/39972-7735
45672-788,Bağlarbaşı,Gaziosmanpaşa,İstanbul,6.750.000 TL,99,75,2 + 1,1,9 Katlı,6. Kat,Sıfır Bina,Merkezi (Pay Öl...,Eşyalı Değil,Boş,Kat Mülkiyeti,Kuzey,3.900 TL,https://www.hepsiemlak.com/istanbul-gaziosmanpasa-baglarbasi-satilik/daire/45672-788
6056-14091,Siyavuşpaşa,Bahçelievler,İstanbul,5.250.000 TL,115,105,3 + 1,1,5 Katlı,3. Kat,40 Yaşında,Kombi,Eşyalı Değil,Kiracılı,Kat İrtifakı,"Kuzey, Güney",,https://www.hepsiemlak.com/istanbul-bahcelievler-siyavuspasa-satilik/daire/6056-14091
150742-86,Atakent,Küçükçekmece,İstanbul,11.100.000 TL,157,105,3 + 1,2,23 Katlı,5. Kat,5 Yaşında,Merkezi (Pay Öl...,Eşyalı Değil,Mülk Sahibi,Kat Mülkiyeti,,6.000 TL,https://www.hepsiemlak.com/istanbul-kucukcekmece-atakent-satilik/daire/150742-86
94668-486,Eskişehir,Şişli,İstanbul,3.100.000 TL,75,65,2 + 1,1,5 Katlı,Yarı Bodrum,42 Yaşında,Kombi,Eşyalı Değil,Boş,Kat Mülkiyeti,"Kuzey, Güney, Doğu, Batı",65 TL,https://www.hepsiemlak.com/istanbul-sisli-eskisehir-satilik/daire/94668-486
3448-15296,Sümer,Zeytinburnu,İstanbul,4.750.000 TL,70,55,2 + 1,1,3 Katlı,1. Kat,14 Yaşında,Kombi,Eşyalı Değil,Mülk Sahibi,Kat Mülkiyeti,,,https://www.hepsiemlak.com/istanbul-zeytinburnu-sumer-satilik/daire/3448-15296
1004-1211,Fenerbahçe,Kadıköy,İstanbul,29.950.000 TL,135,100,3 + 1,2,9 Katlı,2. Kat,8 Yaşında,Kombi,Eşyalı Değil,Boş,Kat Mülkiyeti,"Güney, Doğu, Batı",,https://www.hepsiemlak.com/istanbul-kadikoy-fenerbahce-satilik/daire/1004-1211
139966-1413,Karadeniz,Gaziosmanpaşa,İstanbul,3.250.000 TL,95,90,2 + 1,1,4 Katlı,2. Kat,21 Yaşında,Kombi,Eşyalı Değil,Boş,Yabancıdan,Güney,,https://www.hepsiemlak.com/istanbul-gaziosmanpasa-karadeniz-satilik/daire/139966-1413
45647-1949,Kalyoncu Kulluğu,Beyoğlu,İstanbul,9.900.000 TL,100,93,3 + 1,2,5 Katlı,1. Kat,110 Yaşında,Kombi,Eşyalı Değil,Boş,Kat Mülkiyeti,,500 TL,https://www.hepsiemlak.com/istanbul-beyoglu-kalyoncu-kullugu-satilik/daire/45647-1949
8030-4450,Aydınevler,Maltepe,İstanbul,5.650.000 TL,55,40,1 + 1,1,5 Katlı,2. Kat,10 Yaşında,Kombi,Eşyalı Değil,Kiracılı,Kat İrtifakı,Güney,,https://www.hepsiemlak.com/istanbul-maltepe-aydinevler-satilik/daire/8030-4450
1057-12498,İdealtepe,Maltepe,İstanbul,9.450.000 TL,102,80,2 + 1,1,4 Katlı,Giriş Katı,Sıfır Bina,Kombi,Eşyalı Değil,Boş,Kat Mülkiyeti,"Güney, Doğu",,https://www.hepsiemlak.com/istanbul-maltepe-idealtepe-satilik/daire/1057-12498
5956-6674,Valide-i Atik,Üsküdar,İstanbul,4.450.000 TL,75,70,2 + 1,1,5 Katlı,1. Kat,35 Yaşında,Doğalgaz Sobası,Eşyalı Değil,Boş,Kat Mülkiyeti,Batı,100 TL,https://www.hepsiemlak.com/istanbul-uskudar-valide-i-atik-satilik/daire/5956-6674
124862-1642,Yeşilkent,Esenyurt,İstanbul,3.650.000 TL,110,85,2 + 1,1,23 Katlı,8. Kat,16 Yaşında,Merkezi (Pay Öl...,Eşyalı Değil,Kiracılı,Kat Mülkiyeti,Batı,4.959 TL,https://www.hepsiemlak.com/istanbul-esenyurt-yesilkent-satilik/daire/124862-1642
48824-497,Atakent,Küçükçekmece,İstanbul,5.730.000 TL,69,55,1 + 1,1,19 Katlı,15. Kat,11 Yaşında,Merkezi (Pay Öl...,Eşyalı,Boş,Kat Mülkiyeti,"Doğu, Batı",,https://www.hepsiemlak.com/istanbul-kucukcekmece-atakent-satilik/daire/48824-497
39972-7743,Yalı,Maltepe,İstanbul,9.250.000 TL,140,120,3 + 1,2,2 Katlı,1. Kat,31 Yaşında,Kombi,Eşyalı Değil,Mülk Sahibi,Kat Mülkiyeti,"Güney, Doğu, Batı",,https://www.hepsiemlak.com/istanbul-maltepe-yali-satilik/daire/39972-7743
1545-12680,Suadiye,Kadıköy,İstanbul,45.000.000 TL,300,250,5 + 1,4,11 Katlı,11. Kat,25 Yaşında,Kombi,,Boş,Kat Mülkiyeti,,,https://www.hepsiemlak.com/istanbul-kadikoy-suadiye-satilik/daire/1545-12680
139966-1402,Menderes,Esenler,İstanbul,7.100.000 TL,105,100,2 + 1,1,5 Katlı,2. Kat,6 Yaşında,Kombi,Eşyalı Değil,Mülk Sahibi,Yabancıdan,Güney,,https://www.hepsiemlak.com/istanbul-esenler-menderes-satilik/daire/139966-1402
1004-1134,Erenköy,Kadıköy,İstanbul,21.900.000 TL,135,100,3 + 1,2,8 Katlı,8. Kat,19 Yaşında,Kombi,Eşyalı Değil,Boş,Kat Mülkiyeti,,,https://www.hepsiemlak.com/istanbul-kadikoy-erenkoy-satilik/daire/1004-1134
45647-1839,Kılıçali Paşa,Beyoğlu,İstanbul,25.000.000 TL,130,120,3 + 1,2,3 Katlı,3. Kat,47 Yaşında,Merkezi,Eşyalı Değil,Mülk Sahibi,Kat Mülkiyeti,,600 TL,https://www.hepsiemlak.com/istanbul-beyoglu-kilicali-pasa-satilik/daire/45647-1839
150742-85,Atakent,Küçükçekmece,İstanbul,5.250.000 TL,74,60,1 + 1,1,19 Katlı,11. Kat,11 Yaşında,Yerden Isıtma,Eşyalı Değil,Kiracılı,Yabancıdan,,6.300 TL,https://www.hepsiemlak.com/istanbul-kucukcekmece-atakent-satilik/daire/150742-85
23474-34463,Merdivenköy,Kadıköy,İstanbul,6.500.000 TL,55,45,1 + 1,1,5 Katlı,Bodrum,11 Yaşında,Kombi,Eşyalı Değil,Kiracılı,Kat Mülkiyeti,Güney,,https://www.hepsiemlak.com/istanbul-kadikoy-merdivenkoy-satilik/daire/23474-34463
1057-12468,Altıntepe,Maltepe,İstanbul,13.750.000 TL,135,125,3 + 1,2,4 Katlı,4. Kat,Sıfır Bina,Kombi,Eşyalı Değil,Boş,Kat Mülkiyeti,"Güney, Doğu",,https://www.hepsiemlak.com/istanbul-maltepe-altintepe-satilik/daire/1057-12468
48824-464,Atakent,Küçükçekmece,İstanbul,5.750.000 TL,69,55,1 + 1,1,19 Katlı,15. Kat,11 Yaşında,Merkezi (Pay Öl...,Eşyalı,Boş,Kat Mülkiyeti,"Doğu, Batı",,https://www.hepsiemlak.com/istanbul-kucukcekmece-atakent-satilik/daire/48824-464
39972-7753,Altıntepe,Maltepe,İstanbul,6.690.000 TL,65,60,2 + 1,1,4 Katlı,Yüksek Giriş,31 Yaşında,Kombi,Eşyalı Değil,Boş,Kat Mülkiyeti,"Güney, Doğu, Batı",,https://www.hepsiemlak.com/istanbul-maltepe-altintepe-satilik/daire/39972-7753
77929-3351,Teşvikiye,Şişli,İstanbul,57.000.000 TL,135,110,2 + 1,1,6 Katlı,6. Kat,Sıfır Bina,Kombi,Eşyalı Değil,Boş,Tapu Yok,"Kuzey, Güney",,https://www.hepsiemlak.com/istanbul-sisli-tesvikiye-satilik/daire/77929-3351
139966-1375,Cebeci,Sultangazi,İstanbul,4.695.000 TL,95,85,2 + 1,1,5 Katlı,Yüksek Giriş,6 Yaşında,Kombi,Eşyalı Değil,Mülk Sahibi,Yabancıdan,Güney,,https://www.hepsiemlak.com/istanbul-sultangazi-cebeci-satilik/daire/139966-1375
70897-3548,Vişnezade,Beşiktaş,İstanbul,12.450.000 TL,125,120,3 + 1,1,5 Katlı,1. Kat,30 Yaşında,Kombi,,Kiracılı,Kat Mülkiyeti,,,https://www.hepsiemlak.com/istanbul-besiktas-visnezade-satilik/daire/70897-3548
108150-1078,Alibey,Silivri,İstanbul,3.350.000 TL,150,136,3 + 1,1,4 Katlı,En Üst Kat,34 Yaşında,Kombi,Eşyalı Değil,Belirtilmemiş,Kat Mülkiyeti,"Kuzey, Güney, Doğu, Batı",10 TL,https://www.hepsiemlak.com/istanbul-silivri-alibey-satilik/daire/108150-1078
104677-1265,Mustafa Kemal Paşa,Avcılar,İstanbul,2.400.000 TL,100,90,2 + 1,1,5 Katlı,1. Kat,25 Yaşında,Kombi,Eşyalı Değil,Kiracılı,Arsa,"Kuzey, Güney, Doğu, Batı",200 TL,https://www.hepsiemlak.com/istanbul-avcilar-mustafa-kemal-pasa-satilik/daire/104677-1265
77929-3348,Teşvikiye,Şişli,İstanbul,57.000.000 TL,125,100,3 + 1,2,6 Katlı,4. Kat,1 Yaşında,Kombi,Eşyalı Değil,Boş,Tapu Yok,"Kuzey, Güney",,https://www.hepsiemlak.com/istanbul-sisli-tesvikiye-satilik/daire/77929-3348
1004-1190,Erenköy,Kadıköy,İstanbul,20.000.000 TL,110,80,3 + 1,1,7 Katlı,3. Kat,Sıfır Bina,Kombi,Eşyalı Değil,Boş,Kat İrtifakı,,,https://www.hepsiemlak.com/istanbul-kadikoy-erenkoy-satilik/daire/1004-1190
5630-6703,Cevizli,Maltepe,İstanbul,4.750.000 TL,120,95,3 + 1,1,4 Katlı,3. Kat,26 Yaşında,Kombi,Eşyalı Değil,Kiracılı,Arsa,,,https://www.hepsiemlak.com/istanbul-maltepe-cevizli-satilik/daire/5630-6703
169904-63,Karadeniz,Gaziosmanpaşa,İstanbul,3.250.000 TL,95,90,2 + 1,1,5 Katlı,2. Kat,21 Yaşında,Kombi,Eşyalı Değil,Boş,Yabancıdan,,,https://www.hepsiemlak.com/istanbul-gaziosmanpasa-karadeniz-satilik/daire/169904-63
168567-36,Altınşehir,Ümraniye,İstanbul,3.900.000 TL,100,90,2 + 1,1,4 Katlı,4. Kat,16 Yaşında,Kombi,Eşyalı Değil,Kiracılı,Kat Mülkiyeti,Doğu,200 TL,https://www.hepsiemlak.com/istanbul-umraniye-altinsehir-satilik/daire/168567-36
156877-49,Gazi,Sultangazi,İstanbul,4.750.000 TL,95,90,2 + 1,2,6 Katlı,Yüksek Giriş,10 Yaşında,Kombi,Eşyalı Değil,Kiracılı,Kat Mülkiyeti,"Kuzey, Güney",100 TL,https://www.hepsiemlak.com/istanbul-sultangazi-gazi-satilik/daire/156877-49
159749-109,Zafer,Esenyurt,İstanbul,4.950.000 TL,135,120,3 + 1,2,5 Katlı,1. Kat,11 Yaşında,Kombi,Eşyalı Değil,Mülk Sahibi,Kat Mülkiyeti,,,https://www.hepsiemlak.com/istanbul-esenyurt-zafer-satilik/daire/159749-109
137955-88,Esentepe,Şişli,İstanbul,6.500.000 TL,160,150,3 + 1,1,5 Katlı,Yüksek Giriş,14 Yaşında,Kombi,,,Tapu Yok,,,https://www.hepsiemlak.com/istanbul-sisli-esentepe-satilik/daire/137955-88
56145-3653,Soğanlı,Bahçelievler,İstanbul,5.250.000 TL,88,78,2 + 1,1,5 Katlı,4. Kat,14 Yaşında,Kombi,Eşyalı Değil,Boş,Kat İrtifakı,,,https://www.hepsiemlak.com/istanbul-bahcelievler-soganli-satilik/daire/56145-3653
45672-792,Bağlarbaşı,Gaziosmanpaşa,İstanbul,3.500.000 TL,75,65,2 + 1,1,4 Katlı,Yüksek Giriş,31 Yaşında,Kombi,Eşyalı Değil,Mülk Sahibi,Hisseli Tapu,Batı,200 TL,https://www.hepsiemlak.com/istanbul-gaziosmanpasa-baglarbasi-satilik/daire/45672-792
169904-62,Yeni Mahalle,Gaziosmanpaşa,İstanbul,6.550.000 TL,130,125,3 + 1,1,5 Katlı,1. Kat,6 Yaşında,Kombi,Eşyalı Değil,Boş,Yabancıdan,,,https://www.hepsiemlak.com/istanbul-gaziosmanpasa-yeni-mahalle-satilik/daire/169904-62
146119-237,Nine Hatun,Esenler,İstanbul,3.150.000 TL,100,90,2 + 1,1,6 Katlı,1. Kat,30 Yaşında,Kombi,Eşyalı Değil,Boş,Hisseli Tapu,Güney,200 TL,https://www.hepsiemlak.com/istanbul-esenler-nine-hatun-satilik/daire/146119-237
120181-356,Eğitim,Kadıköy,İstanbul,25.950.000 TL,180,150,5 + 2,3,7 Katlı,6. Kat,5 Yaşında,Kombi,Eşyalı Değil,Boş,Kat Mülkiyeti,,1.350 TL,https://www.hepsiemlak.com/istanbul-kadikoy-egitim-satilik/daire/120181-356
137955-64,Ortabayır,Kağıthane,İstanbul,3.200.000 TL,80,75,2 + 1,1,5 Katlı,Bahçe Katı,20 Yaşında,Kombi,,,Arsa,,,https://www.hepsiemlak.com/istanbul-kagithane-ortabayir-satilik/daire/137955-64
5956-6687,Valide-i Atik,Üsküdar,İstanbul,3.350.000 TL,90,80,2 + 1,1,5 Katlı,Bodrum,38 Yaşında,Kombi,Eşyalı Değil,Boş,Kat Mülkiyeti,"Kuzey, Güney",200 TL,https://www.hepsiemlak.com/istanbul-uskudar-valide-i-atik-satilik/daire/5956-6687
156877-44,Gazi,Sultangazi,İstanbul,3.650.000 TL,90,87,2 + 1,2,6 Katlı,Ara Kat,20 Yaşında,Kombi,,Mülk Sahibi,Kat İrtifakı,,100 TL,https://www.hepsiemlak.com/istanbul-sultangazi-gazi-satilik/daire/156877-44
56145-3665,Soğanlı,Bahçelievler,İstanbul,5.650.000 TL,90,85,2 + 1,1,4 Katlı,2. Kat,15 Yaşında,Kombi,,Mülk Sahibi,Kat İrtifakı,,,https://www.hepsiemlak.com/istanbul-bahcelievler-soganli-satilik/daire/56145-3665
107582-4689,Muhsine Hatun,Fatih,İstanbul,45.000.000 TL,324,291,5 + 5,5,6 Katlı,,35 Yaşında,Soba,,,Müstakil Tapulu,,,https://www.hepsiemlak.com/istanbul-fatih-muhsine-hatun-satilik/bina/107582-4689
23761-81510,Caddebostan,Kadıköy,İstanbul,29.000.000 TL,135,100,3 + 1,1,10 Katlı,9. Kat,9 Yaşında,Kombi,,Boş,İntifa Hakkı Te...,Güney,,https://www.hepsiemlak.com/istanbul-kadikoy-caddebostan-satilik/daire/23761-81510
169904-60,Cebeci,Sultangazi,İstanbul,3.990.000 TL,100,90,2 + 1,1,5 Katlı,1. Kat,21 Yaşında,Kombi,Eşyalı Değil,Boş,Yabancıdan,,,https://www.hepsiemlak.com/istanbul-sultangazi-cebeci-satilik/daire/169904-60
129481-1280,Seyyid Ömer,Fatih,İstanbul,3.150.000 TL,75,65,2 + 1,1,4 Katlı,4. Kat,31 Yaşında,Kombi,Eşyalı Değil,Kiracılı,Kat Mülkiyeti,,100 TL,https://www.hepsiemlak.com/istanbul-fatih-seyyid-omer-satilik/daire/129481-1280
168567-33,Ihlamurkuyu,Ümraniye,İstanbul,5.000.000 TL,65,55,1 + 1,1,7 Katlı,7. Kat,Sıfır Bina,Kombi,Eşyalı Değil,Boş,Kat Mülkiyeti,"Kuzey, Güney, Batı",250 TL,https://www.hepsiemlak.com/istanbul-umraniye-ihlamurkuyu-satilik/daire/168567-33
45672-795,Hürriyet,Gaziosmanpaşa,İstanbul,6.200.000 TL,130,110,3 + 1,1,5 Katlı,Yüksek Giriş,11 Yaşında,Kombi,Eşyalı Değil,Mülk Sahibi,Kat İrtifakı,Güney,200 TL,https://www.hepsiemlak.com/istanbul-gaziosmanpasa-hurriyet-satilik/daire/45672-795
139966-1328,İsmetpaşa,Sultangazi,İstanbul,5.950.000 TL,95,90,2 + 1,1,5 Katlı,4. Kat,Sıfır Bina,Kombi,Eşyalı Değil,Boş,Yabancıdan,Güney,,https://www.hepsiemlak.com/istanbul-sultangazi-ismetpasa-satilik/daire/139966-1328
107582-4687,Aksaray,Fatih,İstanbul,26.000.000 TL,450,350,10 + 5,5,5 Katlı,,35 Yaşında,Belirtilmemiş,,,Müstakil Tapulu,,,https://www.hepsiemlak.com/istanbul-fatih-aksaray-satilik/bina/107582-4687
139966-1313,Yeni Mahalle,Gaziosmanpaşa,İstanbul,6.550.000 TL,130,120,3 + 1,1,5 Katlı,1. Kat,6 Yaşında,Kombi,Eşyalı Değil,Kiracılı,Yabancıdan,Güney,,https://www.hepsiemlak.com/istanbul-gaziosmanpasa-yeni-mahalle-satilik/daire/139966-1313
129481-1456,Seyyid Ömer,Fatih,İstanbul,10.100.000 TL,85,80,2 + 1,2,5 Katlı,Yüksek Giriş,1 Yaşında,Kombi,,,Kat Mülkiyeti,,300 TL,https://www.hepsiemlak.com/istanbul-fatih-seyyid-omer-satilik/daire/129481-1456
7441-15,Topselvi,Kartal,İstanbul,1.345.000 TL,130,128,3 + 1,1,1 Katlı,Zemin,Sıfır Bina,Belirtilmemiş,,,Tapu Yok,,,https://www.hepsiemlak.com/istanbul-kartal-topselvi-satilik/prefabrik/7441-15
112177-151,Adnan Kahveci,Beylikdüzü,İstanbul,4.699.000 TL,110,100,2 + 1,2,2 Katlı,2. Kat,1 Yaşında,Kombi,Eşyalı Değil,Boş,Kat Mülkiyeti,Güney,,https://www.hepsiemlak.com/istanbul-beylikduzu-adnan-kahveci-satilik/daire/112177-151
7441-8,Topselvi,Kartal,İstanbul,2.350.000 TL,146,145,4 + 1,3,2 Katlı,Giriş Katı,Sıfır Bina,Belirtilmemiş,,,Tapu Yok,,,https://www.hepsiemlak.com/istanbul-kartal-topselvi-satilik/prefabrik/7441-8
37996-6186,Sultançiftliği,Çekmeköy,İstanbul,9.330.000 TL,160,135,3 + 1,2,8 Katlı,7. Kat,21 Yaşında,Kombi,Eşyalı Değil,Mülk Sahibi,Kat İrtifakı,"Güney, Doğu, Batı",3.000 TL,https://www.hepsiemlak.com/istanbul-cekmekoy-sultanciftligi-satilik/daire/37996-6186
168150-494,Altıntepe,Maltepe,İstanbul,8.950.000 TL,85,75,2 + 1,1,3 Katlı,3. Kat,25 Yaşında,Kombi,Eşyalı Değil,Boş,Kat İrtifakı,"Güney, Doğu, Batı",,https://www.hepsiemlak.com/istanbul-maltepe-altintepe-satilik/daire/168150-494
147045-70,Merve,Sancaktepe,İstanbul,5.750.000 TL,165,155,5 + 1,2,4 Katlı,Yüksek Giriş,6 Yaşında,Kombi,Eşyalı Değil,Mülk Sahibi,Kat Mülkiyeti,"Güney, Doğu",,https://www.hepsiemlak.com/istanbul-sancaktepe-merve-satilik/daire/147045-70
5393-2063,Feyzullah,Maltepe,İstanbul,12.500.000 TL,165,145,3 + 1,2,8 Katlı,7. Kat,27 Yaşında,Kombi,Eşyalı Değil,Kiracılı,Kat İrtifakı,"Kuzey, Güney, Doğu, Batı",500 TL,https://www.hepsiemlak.com/istanbul-maltepe-feyzullah-satilik/daire/5393-2063
100071-1457,Yeni Mahalle,Gaziosmanpaşa,İstanbul,5.650.000 TL,95,90,2 + 1,1,5 Katlı,Ara Kat,7 Yaşında,Kombi,Eşyalı Değil,Mülk Sahibi,Kat Mülkiyeti,"Güney, Doğu",,https://www.hepsiemlak.com/istanbul-gaziosmanpasa-yeni-mahalle-satilik/daire/100071-1457
84310-2325,Atakent,Küçükçekmece,İstanbul,21.500.000 TL,155,120,3 + 1,2,7 Katlı,3. Kat,6 Yaşında,Merkezi (Pay Öl...,Eşyalı Değil,Kiracılı,Yabancıdan,Doğu,6.000 TL,https://www.hepsiemlak.com/istanbul-kucukcekmece-atakent-satilik/daire/84310-2325
168355-62,Kurtköy,Pendik,İstanbul,7.800.000 TL,101,70,2 + 1,2,10 Katlı,8. Kat,6 Yaşında,Kombi,Eşyalı Değil,Kiracılı,Kat Mülkiyeti,Güney,4.500 TL,https://www.hepsiemlak.com/istanbul-pendik-kurtkoy-satilik/daire/168355-62
1158-2902,Altayçeşme,Maltepe,İstanbul,15.500.000 TL,100,80,2 + 1,1,9 Katlı,2. Kat,6 Yaşında,Merkezi (Pay Öl...,Eşyalı Değil,Boş,Kat Mülkiyeti,"Güney, Batı",4.500 TL,https://www.hepsiemlak.com/istanbul-maltepe-altaycesme-satilik/daire/1158-2902
166270-25,Bahçelievler,Bahçelievler,İstanbul,20.000.000 TL,130,110,3 + 1,2,4 Katlı,2. Kat,Sıfır Bina,Kombi,Eşyalı Değil,Boş,Kat İrtifakı,,,https://www.hepsiemlak.com/istanbul-bahcelievler-bahcelievler-satilik/daire/166270-25
156790-30,Ekşioğlu,Çekmeköy,İstanbul,5.800.000 TL,85,75,2 + 1,2,5 Katlı,3. Kat,6 Yaşında,Kombi,Eşyalı Değil,Boş,Kat Mülkiyeti,"Güney, Batı",,https://www.hepsiemlak.com/istanbul-cekmekoy-eksioglu-satilik/daire/156790-30
145691-157,Gökevler,Esenyurt,İstanbul,5.100.000 TL,85,75,1 + 1,1,16 Katlı,2. Kat,6 Yaşında,Kombi,Eşyalı Değil,Boş,Kat Mülkiyeti,Güney,2.600 TL,https://www.hepsiemlak.com/istanbul-esenyurt-gokevler-satilik/daire/145691-157
2237-4998,Yeşilköy,Bakırköy,İstanbul,41.750.000 TL,375,350,4 + 1,4,4 Katlı,4. Kat,17 Yaşında,Kombi,Eşyalı Değil,Boş,Kat Mülkiyeti,"Güney, Doğu, Batı",,https://www.hepsiemlak.com/istanbul-bakirkoy-yesilkoy-satilik/daire/2237-4998
130410-37,Marmara,Beylikdüzü,İstanbul,5.200.000 TL,150,110,3 + 1,2,8 Katlı,Yarı Bodrum,21 Yaşında,Kombi,Eşyalı Değil,Boş,Kat Mülkiyeti,"Güney, Doğu",2.550 TL,https://www.hepsiemlak.com/istanbul-beylikduzu-marmara-satilik/daire/130410-37
135400-325,Gürpınar,Beylikdüzü,İstanbul,43.500.000 TL,850,786,10 + 0,7,3 Katlı,Bahçe Katı,26 Yaşında,Kombi,Eşyalı Değil,Boş,Yabancıdan,"Kuzey, Güney, Doğu, Batı",,https://www.hepsiemlak.com/istanbul-beylikduzu-gurpinar-satilik/villa/135400-325
168738-46,Orhantepe,Kartal,İstanbul,7.500.000 TL,90,82,2 + 1,1,5 Katlı,3. Kat,6 Yaşında,Yerden Isıtma,Eşyalı Değil,Mülk Sahibi,Kat Mülkiyeti,,,https://www.hepsiemlak.com/istanbul-kartal-orhantepe-satilik/daire/168738-46
170291-3,Adnan Kahveci,Beylikdüzü,İstanbul,9.500.000 TL,185,160,3 + 1,2,16 Katlı,1. Kat,26 Yaşında,Kombi,Eşyalı Değil,Mülk Sahibi,Kat Mülkiyeti,"Güney, Doğu, Batı",1.700 TL,https://www.hepsiemlak.com/istanbul-beylikduzu-adnan-kahveci-satilik/daire/170291-3
2062-897,Mimar Sinan,Sultanbeyli,İstanbul,7.600.000 TL,130,110,3 + 1,2,6 Katlı,2. Kat,Sıfır Bina,Yerden Isıtma,Eşyalı Değil,Boş,Kat Mülkiyeti,"Güney, Doğu",,https://www.hepsiemlak.com/istanbul-sultanbeyli-mimar-sinan-satilik/daire/2062-897
169825-54,Uğur Mumcu,Sultangazi,İstanbul,7.800.000 TL,95,85,2 + 1,2,12 Katlı,8. Kat,Sıfır Bina,Yerden Isıtma,Eşyalı Değil,Boş,Yabancıdan,"Güney, Doğu",,https://www.hepsiemlak.com/istanbul-sultangazi-ugur-mumcu-satilik/daire/169825-54
136601-168,Ekinoba,Büyükçekmece,İstanbul,12.900.000 TL,150,135,3 + 2,2,6 Katlı,6. Kat,Sıfır Bina,Kombi,Eşyalı Değil,Boş,Kat İrtifakı,"Güney, Doğu",1.000 TL,https://www.hepsiemlak.com/istanbul-buyukcekmece-ekinoba-satilik/daire/136601-168
169396-94,Kirazlı,Bağcılar,İstanbul,8.100.000 TL,100,80,2 + 1,1,14 Katlı,7. Kat,4 Yaşında,Kombi,Eşyalı Değil,Mülk Sahibi,Kat Mülkiyeti,"Kuzey, Doğu",3.500 TL,https://www.hepsiemlak.com/istanbul-bagcilar-kirazli-satilik/daire/169396-94
169052-63,Haznedar,Güngören,İstanbul,18.000.000 TL,170,155,4 + 1,2,5 Katlı,5. Kat,2 Yaşında,Kombi,Eşyalı Değil,Mülk Sahibi,Kat Mülkiyeti,"Güney, Doğu, Batı",400 TL,https://www.hepsiemlak.com/istanbul-gungoren-haznedar-satilik/daire/169052-63
169473-33,Orhangazi,Pendik,İstanbul,6.500.000 TL,90,75,3 + 1,2,8 Katlı,7. Kat,1 Yaşında,Kombi,Eşyalı Değil,Boş,Kat Mülkiyeti,"Güney, Batı",2.000 TL,https://www.hepsiemlak.com/istanbul-pendik-orhangazi-satilik/daire/169473-33
146913-60,Doğu,Pendik,İstanbul,8.600.000 TL,125,78,2 + 1,1,7 Katlı,5. Kat,Sıfır Bina,Kombi,Eşyalı Değil,Boş,Kat Mülkiyeti,"Güney, Doğu",,https://www.hepsiemlak.com/istanbul-pendik-dogu-satilik/daire/146913-60
169058-29,Güven,Güngören,İstanbul,7.650.000 TL,90,87,2 + 1,1,5 Katlı,1. Kat,1 Yaşında,Kombi,Eşyalı Değil,Mülk Sahibi,Kat İrtifakı,Güney,,https://www.hepsiemlak.com/istanbul-gungoren-guven-satilik/daire/169058-29
130678-514,İstasyon,Küçükçekmece,İstanbul,3.150.000 TL,95,90,2 + 1,1,4 Katlı,Bahçe Katı,6 Yaşında,Kombi,Eşyalı Değil,Boş,Kat Mülkiyeti,,300 TL,https://www.hepsiemlak.com/istanbul-kucukcekmece-istasyon-satilik/daire/130678-514
0-46948338,Çanakça,Çatalca,İstanbul,4.800.000 TL,146,145,2 + 1,1,1 Katlı,,5 Yaşında,Kombi,Eşyalı Değil,Boş,Müstakil Tapulu,Güney,,https://www.hepsiemlak.com/istanbul-catalca-canakca-satilik/mustakil-ev/0-46948338
150557-218,Firuzköy,Avcılar,İstanbul,3.125.000 TL,120,105,2 + 1,1,4 Katlı,En Üst Kat,30 Yaşında,Kombi,Eşyalı Değil,Mülk Sahibi,Hisseli Tapu,Doğu,150 TL,https://www.hepsiemlak.com/istanbul-avcilar-firuzkoy-satilik/daire/150557-218
162949-536,Hadımköy,Arnavutköy,İstanbul,5.280.000 TL,118,90,2 + 1,1,7 Katlı,2. Kat,3 Yaşında,Merkezi (Pay Öl...,Eşyalı Değil,Kiracılı,Kat Mülkiyeti,,3.000 TL,https://www.hepsiemlak.com/istanbul-arnavutkoy-hadimkoy-satilik/daire/162949-536
138068-1210,Erenköy,Kadıköy,İstanbul,22.750.000 TL,125,95,3 + 1,1,8 Katlı,6. Kat,6 Yaşında,Kombi,Eşyalı Değil,Boş,İntifa Hakkı Te...,Güney,,https://www.hepsiemlak.com/istanbul-kadikoy-erenkoy-satilik/daire/138068-1210
159866-641,Yamanevler,Ümraniye,İstanbul,5.800.000 TL,60,50,1 + 1,1,5 Katlı,Bahçe Katı,11 Yaşında,Kombi,Eşyalı Değil,Mülk Sahibi,Kat Mülkiyeti,Doğu,,https://www.hepsiemlak.com/istanbul-umraniye-yamanevler-satilik/daire/159866-641
39778-4205,Selimiye,Üsküdar,İstanbul,17.250.000 TL,115,110,3 + 1,1,2 Katlı,1. Kat,30 Yaşında,Kombi,Eşyalı Değil,Mülk Sahibi,Kat Mülkiyeti,"Doğu, Batı",300 TL,https://www.hepsiemlak.com/istanbul-uskudar-selimiye-satilik/daire/39778-4205
136341-73,Pınartepe,Büyükçekmece,İstanbul,10.000.000 TL,160,135,3 + 1,2,8 Katlı,8. Kat,11 Yaşında,Kombi,Eşyalı Değil,Boş,Kat Mülkiyeti,"Kuzey, Doğu",7.900 TL,https://www.hepsiemlak.com/istanbul-buyukcekmece-pinartepe-satilik/daire/136341-73
147891-191,İnönü,Esenyurt,İstanbul,3.199.000 TL,110,100,2 + 1,1,4 Katlı,1. Kat,12 Yaşında,Kombi,Eşyalı Değil,Boş,Kat Mülkiyeti,"Kuzey, Güney, Doğu, Batı",,https://www.hepsiemlak.com/istanbul-esenyurt-inonu-satilik/daire/147891-191
142510-755,Suadiye,Kadıköy,İstanbul,13.750.000 TL,95,70,2 + 1,1,11 Katlı,Bahçe Katı,6 Yaşında,Kombi,Eşyalı Değil,Kiracılı,Kat İrtifakı,"Güney, Doğu",,https://www.hepsiemlak.com/istanbul-kadikoy-suadiye-satilik/daire/142510-755
0-46947243,Atatürk,Küçükçekmece,İstanbul,5.600.000 TL,130,120,3 + 1,1,4 Katlı,Yüksek Giriş,13 Yaşında,Kombi,Eşyalı Değil,Mülk Sahibi,Kat Mülkiyeti,Kuzey,,https://www.hepsiemlak.com/istanbul-kucukcekmece-ataturk-satilik/daire/0-46947243
163710-33,Teşvikiye,Şişli,İstanbul,12.350.000 TL,140,90,2 + 1,1,6 Katlı,4. Kat,31 Yaşında,Kombi,Eşyalı Değil,Boş,Kat Mülkiyeti,"Doğu, Batı",,https://www.hepsiemlak.com/istanbul-sisli-tesvikiye-satilik/daire/163710-33
136685-3725,Fatih,Sancaktepe,İstanbul,9.550.000 TL,107,70,2 + 1,2,13 Katlı,7. Kat,6 Yaşında,Merkezi (Pay Öl...,Eşyalı Değil,Kiracılı,Kat Mülkiyeti,Güney,5.793 TL,https://www.hepsiemlak.com/istanbul-sancaktepe-fatih-satilik/daire/136685-3725
151395-191,Ekinoba,Büyükçekmece,İstanbul,23.000.000 TL,300,270,5 + 2,3,3 Katlı,,24 Yaşında,Kombi,Eşyalı Değil,Mülk Sahibi,Kat Mülkiyeti,"Kuzey, Güney, Doğu, Batı",,https://www.hepsiemlak.com/istanbul-buyukcekmece-ekinoba-satilik/villa/151395-191
168546-76,Ataköy 7-8-9-10. Kısım,Bakırköy,İstanbul,18.000.000 TL,140,115,3 + 1,2,14 Katlı,14. Kat,31 Yaşında,Merkezi (Pay Öl...,Eşyalı Değil,Mülk Sahibi,Kat Mülkiyeti,"Güney, Batı",7.500 TL,https://www.hepsiemlak.com/istanbul-bakirkoy-atakoy-7-8-9-10-kisim-satilik/daire/168546-76
40100-3124,Barış,Beylikdüzü,İstanbul,5.750.000 TL,145,125,3 + 1,1,14 Katlı,11. Kat,11 Yaşında,Kombi,Eşyalı Değil,Boş,Kat Mülkiyeti,Güney,1.500 TL,https://www.hepsiemlak.com/istanbul-beylikduzu-baris-satilik/daire/40100-3124
168570-95,Atatürk,Sancaktepe,İstanbul,9.500.000 TL,170,150,4 + 1,2,4 Katlı,4. Kat,Sıfır Bina,Yerden Isıtma,Eşyalı Değil,Boş,Kat Mülkiyeti,"Güney, Doğu, Batı",,https://www.hepsiemlak.com/istanbul-sancaktepe-ataturk-satilik/daire/168570-95
169301-46,Mehmet Akif,Sultanbeyli,İstanbul,7.250.000 TL,106,96,2 + 1,2,6 Katlı,5. Kat,2 Yaşında,Kombi,Eşyalı Değil,Kiracılı,Kat Mülkiyeti,Güney,,https://www.hepsiemlak.com/istanbul-sultanbeyli-mehmet-akif-satilik/daire/169301-46
70127-2229,Orhangazi,Pendik,İstanbul,6.450.000 TL,110,105,3 + 1,1,500 Katlı,Yüksek Giriş,Sıfır Bina,Kombi,Eşyalı Değil,Boş,Kat Mülkiyeti,"Güney, Doğu, Batı",500 TL,https://www.hepsiemlak.com/istanbul-pendik-orhangazi-satilik/daire/70127-2229
126649-41,Mimar Sinan,Tuzla,İstanbul,5.250.000 TL,92,84,2 + 1,1,4 Katlı,2. Kat,Sıfır Bina,Kombi,Eşyalı Değil,Boş,Kat Mülkiyeti,"Güney, Doğu",,https://www.hepsiemlak.com/istanbul-tuzla-mimar-sinan-satilik/daire/126649-41
2986-17598,Mescit,Tuzla,İstanbul,7.650.000 TL,136,116,3 + 1,1,4 Katlı,2. Kat,1 Yaşında,Yerden Isıtma,Eşyalı Değil,Boş,Kat İrtifakı,"Kuzey, Güney, Doğu",750 TL,https://www.hepsiemlak.com/istanbul-tuzla-mescit-satilik/daire/2986-17598
136915-1966,Cevatpaşa,Bayrampaşa,İstanbul,10.950.000 TL,170,150,3 + 2,2,5 Katlı,4. Kat,5 Yaşında,Kombi,Eşyalı Değil,Boş,Kat Mülkiyeti,"Kuzey, Güney, Doğu, Batı",,https://www.hepsiemlak.com/istanbul-bayrampasa-cevatpasa-satilik/daire/136915-1966
16200-3075,Mevlana,Esenyurt,İstanbul,5.250.000 TL,145,120,3 + 1,1,14 Katlı,7. Kat,26 Yaşında,Kombi,Eşyalı Değil,Kiracılı,Kat İrtifakı,"Kuzey, Güney",2.000 TL,https://www.hepsiemlak.com/istanbul-esenyurt-mevlana-satilik/daire/16200-3075
168411-156,Güzelyurt,Esenyurt,İstanbul,1.779.000 TL,134,112,2 + 1,2,5 Katlı,Bahçe Katı,Sıfır Bina,Kombi,Eşyalı Değil,Boş,Kat Mülkiyeti,Güney,,https://www.hepsiemlak.com/istanbul-esenyurt-guzelyurt-satilik/daire/168411-156
129657-622,Ambarlı,Avcılar,İstanbul,6.200.000 TL,100,85,2 + 1,1,4 Katlı,1. Kat,Sıfır Bina,Kombi,Eşyalı Değil,Boş,Kat İrtifakı,Doğu,1 TL,https://www.hepsiemlak.com/istanbul-avcilar-ambarli-satilik/daire/129657-622
122410-679,Yeni Mahalle,Küçükçekmece,İstanbul,4.900.000 TL,100,75,2 + 1,1,4 Katlı,Yüksek Giriş,5 Yaşında,Kombi,Eşyalı Değil,Mülk Sahibi,Kat İrtifakı,,,https://www.hepsiemlak.com/istanbul-kucukcekmece-yeni-mahalle-satilik/daire/122410-679
2150-4764,Küçükyalı,Maltepe,İstanbul,8.850.000 TL,120,70,2 + 1,1,4 Katlı,Giriş Katı,Sıfır Bina,Merkezi (Pay Öl...,Eşyalı Değil,Boş,Kat Mülkiyeti,"Güney, Batı",,https://www.hepsiemlak.com/istanbul-maltepe-kucukyali-satilik/daire/2150-4764
81705-11742,Fevzi Çakmak,Bahçelievler,İstanbul,6.400.000 TL,70,58,2 + 1,1,5 Katlı,4. Kat,Sıfır Bina,Kombi,Eşyalı Değil,Boş,Kat İrtifakı,"Kuzey, Güney",,https://www.hepsiemlak.com/istanbul-bahcelievler-fevzi-cakmak-satilik/daire/81705-11742
140021-529,Esenkent,Esenyurt,İstanbul,15.000.000 TL,194,165,4 + 1,3,13 Katlı,6. Kat,11 Yaşında,Merkezi (Pay Öl...,Eşyalı Değil,Mülk Sahibi,Kat Mülkiyeti,"Güney, Doğu",,https://www.hepsiemlak.com/istanbul-esenyurt-esenkent-satilik/daire/140021-529
170089-44,Nine Hatun,Esenler,İstanbul,5.350.000 TL,89,80,2 + 1,1,4 Katlı,3. Kat,6 Yaşında,Kombi,Eşyalı Değil,Kiracılı,Kat Mülkiyeti,Güney,,https://www.hepsiemlak.com/istanbul-esenler-nine-hatun-satilik/daire/170089-44
162634-573,Orhantepe,Kartal,İstanbul,9.350.000 TL,85,75,2 + 1,1,7 Katlı,2. Kat,Sıfır Bina,Merkezi (Pay Öl...,Eşyalı Değil,Boş,Tapu Yok,"Güney, Doğu",,https://www.hepsiemlak.com/istanbul-kartal-orhantepe-satilik/daire/162634-573
153998-73,Safa,Sancaktepe,İstanbul,2.650.000 TL,115,90,2 + 1,1,4 Katlı,Yüksek Giriş,6 Yaşında,Kombi,,Kiracılı,Kat Mülkiyeti,"Kuzey, Doğu",,https://www.hepsiemlak.com/istanbul-sancaktepe-safa-satilik/daire/153998-73
146739-126,Gümüşyaka,Silivri,İstanbul,14.150.000 TL,250,225,5 + 1,3,3 Katlı,Bahçe Katı,4 Yaşında,Kombi,Eşyalı Değil,Boş,Kat Mülkiyeti,"Kuzey, Güney, Doğu, Batı",,https://www.hepsiemlak.com/istanbul-silivri-gumusyaka-satilik/villa/146739-126
168106-60,Güngören,Çekmeköy,İstanbul,23.000.000 TL,147,105,3 + 1,2,6 Katlı,2. Kat,Sıfır Bina,Yerden Isıtma,Eşyalı Değil,Boş,Tapu Yok,"Güney, Doğu",,https://www.hepsiemlak.com/istanbul-cekmekoy-gungoren-satilik/daire/168106-60
92941-5916,Bahçeşehir 2. Kısım,Başakşehir,İstanbul,19.200.000 TL,360,330,6 + 2,4,4 Katlı,,25 Yaşında,Kombi,Eşyalı Değil,Mülk Sahibi,Kat Mülkiyeti,"Güney, Batı",,https://www.hepsiemlak.com/istanbul-basaksehir-bahcesehir-2-kisim-satilik/villa/92941-5916
168767-25,Fatih,Sancaktepe,İstanbul,14.250.000 TL,164,110,3 + 1,2,13 Katlı,1. Kat,6 Yaşında,Merkezi (Pay Öl...,Eşyalı Değil,Boş,Kat Mülkiyeti,,6.950 TL,https://www.hepsiemlak.com/istanbul-sancaktepe-fatih-satilik/daire/168767-25
140643-650,Yeni Mahalle,Küçükçekmece,İstanbul,5.450.000 TL,90,80,2 + 1,1,3 Katlı,2. Kat,11 Yaşında,Kombi,Eşyalı Değil,Boş,Kat Mülkiyeti,"Güney, Doğu",300 TL,https://www.hepsiemlak.com/istanbul-kucukcekmece-yeni-mahalle-satilik/daire/140643-650
138817-290,Postane,Tuzla,İstanbul,8.500.000 TL,90,89,2 + 1,1,3 Katlı,2. Kat,11 Yaşında,Kombi,Eşyalı Değil,Boş,Kat Mülkiyeti,,,https://www.hepsiemlak.com/istanbul-tuzla-postane-satilik/daire/138817-290
163670-242,15 Temmuz,Esenler,İstanbul,8.300.000 TL,105,90,2 + 1,2,6 Katlı,4. Kat,Sıfır Bina,Merkezi (Pay Öl...,Eşyalı Değil,Boş,Tapu Yok,"Güney, Doğu, Batı",,https://www.hepsiemlak.com/istanbul-esenler-15-temmuz-satilik/daire/163670-242
152576-82,Merve,Sancaktepe,İstanbul,5.750.000 TL,90,85,2 + 1,1,4 Katlı,2. Kat,6 Yaşında,Kombi,Eşyalı Değil,Kiracılı,Kat Mülkiyeti,Güney,,https://www.hepsiemlak.com/istanbul-sancaktepe-merve-satilik/daire/152576-82
169819-30,Kazım Karabekir,Bağcılar,İstanbul,7.550.000 TL,120,92,3 + 1,1,4 Katlı,1. Kat,Sıfır Bina,Kombi,Eşyalı Değil,Boş,Kat Mülkiyeti,"Doğu, Batı",250 TL,https://www.hepsiemlak.com/istanbul-bagcilar-kazim-karabekir-satilik/daire/169819-30
168777-40,Güzelyalı,Pendik,İstanbul,3.300.000 TL,95,80,2 + 1,1,5 Katlı,Yüksek Giriş,21 Yaşında,Kombi,Eşyalı Değil,Mülk Sahibi,Hisseli Tapu,Güney,50 TL,https://www.hepsiemlak.com/istanbul-pendik-guzelyali-satilik/daire/168777-40
159853-20,Bağlarbaşı,Maltepe,İstanbul,14.000.000 TL,215,200,3 + 1,1,8 Katlı,2. Kat,27 Yaşında,Kombi,Eşyalı Değil,,Kat Mülkiyeti,"Kuzey, Güney, Doğu, Batı",750 TL,https://www.hepsiemlak.com/istanbul-maltepe-baglarbasi-satilik/daire/159853-20
85708-3864,Akıncılar,Güngören,İstanbul,2.750.000 TL,85,80,2 + 1,1,5 Katlı,2. Kat,34 Yaşında,Kombi,Eşyalı Değil,Mülk Sahibi,Hisseli Tapu,"Kuzey, Batı",,https://www.hepsiemlak.com/istanbul-gungoren-akincilar-satilik/daire/85708-3864
147517-48,Batı,Pendik,İstanbul,17.500.000 TL,110,90,3 + 1,2,6 Katlı,4. Kat,Sıfır Bina,Yerden Isıtma,Eşyalı Değil,Boş,Kat İrtifakı,"Kuzey, Batı",,https://www.hepsiemlak.com/istanbul-pendik-bati-satilik/daire/147517-48
168073-61,Koza,Esenyurt,İstanbul,7.400.000 TL,206,140,3 + 1,2,16 Katlı,14. Kat,11 Yaşında,Merkezi (Pay Öl...,Eşyalı Değil,Boş,Kat Mülkiyeti,"Kuzey, Güney, Doğu, Batı",7.900 TL,https://www.hepsiemlak.com/istanbul-esenyurt-koza-satilik/daire/168073-61
168780-58,Gökevler,Esenyurt,İstanbul,5.650.000 TL,110,95,2 + 1,2,24 Katlı,11. Kat,6 Yaşında,Merkezi (Pay Öl...,Eşyalı Değil,Boş,Kat Mülkiyeti,Güney,2.900 TL,https://www.hepsiemlak.com/istanbul-esenyurt-gokevler-satilik/residence/168780-58
151891-629,Soğanlı,Bahçelievler,İstanbul,9.500.000 TL,138,110,3 + 1,1,6 Katlı,6. Kat,Sıfır Bina,Kombi,Eşyalı Değil,Boş,Kat İrtifakı,"Kuzey, Batı",,https://www.hepsiemlak.com/istanbul-bahcelievler-soganli-satilik/daire/151891-629
0-46947111,Marmara,Beylikdüzü,İstanbul,10.500.000 TL,125,102,2 + 1,2,9 Katlı,2. Kat,5 Yaşında,Merkezi (Pay Öl...,Eşyalı Değil,Boş,Kat İrtifakı,"Doğu, Batı",7.500 TL,https://www.hepsiemlak.com/istanbul-beylikduzu-marmara-satilik/daire/0-46947111
133382-725,Kavaklı,Beylikdüzü,İstanbul,6.399.000 TL,135,125,3 + 1,2,5 Katlı,3. Kat,Sıfır Bina,Kombi,Eşyalı Değil,Boş,Yabancıdan,"Güney, Doğu, Batı",,https://www.hepsiemlak.com/istanbul-beylikduzu-kavakli-satilik/daire/133382-725
3990-3693,Altıntepe,Maltepe,İstanbul,12.750.000 TL,165,140,3 + 1,2,4 Katlı,4. Kat,10 Yaşında,Kombi,Eşyalı Değil,Mülk Sahibi,Kat Mülkiyeti,Doğu,,https://www.hepsiemlak.com/istanbul-maltepe-altintepe-satilik/daire/3990-3693
169853-34,Çırçır,Eyüpsultan,İstanbul,8.700.000 TL,150,135,3 + 2,2,9 Katlı,9. Kat,6 Yaşında,Kombi,Eşyalı Değil,Mülk Sahibi,Kat Mülkiyeti,"Kuzey, Güney, Doğu, Batı",750 TL,https://www.hepsiemlak.com/istanbul-eyupsultan-circir-satilik/daire/169853-34
135098-558,Altınşehir,Ümraniye,İstanbul,9.950.000 TL,158,143,3 + 1,3,3 Katlı,3. Kat,16 Yaşında,Kombi,Eşyalı Değil,Mülk Sahibi,Kat İrtifakı,"Kuzey, Güney",,https://www.hepsiemlak.com/istanbul-umraniye-altinsehir-satilik/daire/135098-558
162168-82,Yıldıztepe,Bağcılar,İstanbul,5.500.000 TL,85,80,2 + 1,1,3 Katlı,3. Kat,Sıfır Bina,Kombi,Eşyalı Değil,Boş,Kat Mülkiyeti,"Güney, Doğu",,https://www.hepsiemlak.com/istanbul-bagcilar-yildiztepe-satilik/daire/162168-82
155606-316,Yenişehir,Pendik,İstanbul,6.350.000 TL,77,56,1 + 1,1,9 Katlı,Bahçe Katı,2 Yaşında,Yerden Isıtma,Eşyalı Değil,Boş,Kat İrtifakı,"Güney, Doğu",4.000 TL,https://www.hepsiemlak.com/istanbul-pendik-yenisehir-satilik/daire/155606-316
142265-441,Güzelyurt,Esenyurt,İstanbul,3.100.000 TL,90,80,2 + 1,1,6 Katlı,Giriş Katı,7 Yaşında,Kombi,Eşyalı Değil,Boş,Kat Mülkiyeti,Güney,400 TL,https://www.hepsiemlak.com/istanbul-esenyurt-guzelyurt-satilik/daire/142265-441
131423-70,Karadolap,Eyüpsultan,İstanbul,10.500.000 TL,245,210,4 + 2,2,5 Katlı,4. Kat,6 Yaşında,Kombi,Eşyalı Değil,Mülk Sahibi,Kat Mülkiyeti,"Kuzey, Güney, Doğu, Batı",250 TL,https://www.hepsiemlak.com/istanbul-eyupsultan-karadolap-satilik/daire/131423-70
5734-2850,Küçükyalı,Maltepe,İstanbul,12.200.000 TL,85,75,2 + 1,1,4 Katlı,3. Kat,Sıfır Bina,Kombi,Eşyalı Değil,Boş,Tapu Yok,Güney,,https://www.hepsiemlak.com/istanbul-maltepe-kucukyali-satilik/daire/5734-2850
165076-224,Zübeyde Hanım,Sultangazi,İstanbul,3.650.000 TL,140,130,4 + 1,1,5 Katlı,Bahçe Katı,16 Yaşında,Kombi,Eşyalı Değil,Mülk Sahibi,Kat İrtifakı,"Güney, Doğu",,https://www.hepsiemlak.com/istanbul-sultangazi-zubeyde-hanim-satilik/daire/165076-224
169481-33,Fatih,Pendik,İstanbul,5.350.000 TL,130,110,3 + 1,1,5 Katlı,3. Kat,16 Yaşında,Kombi,Eşyalı Değil,Mülk Sahibi,Kat İrtifakı,"Kuzey, Güney, Doğu, Batı",,https://www.hepsiemlak.com/istanbul-pendik-fatih-satilik/daire/169481-33
164415-136,Kavaklı,Beylikdüzü,İstanbul,7.350.000 TL,220,190,4 + 2,2,4 Katlı,4. Kat,6 Yaşında,Kombi,Eşyalı Değil,Mülk Sahibi,Kat Mülkiyeti,Güney,1.000 TL,https://www.hepsiemlak.com/istanbul-beylikduzu-kavakli-satilik/daire/164415-136
148212-192,Merkez,Avcılar,İstanbul,6.700.000 TL,120,100,2 + 1,2,6 Katlı,5. Kat,3 Yaşında,Kombi,Eşyalı Değil,Mülk Sahibi,Kat Mülkiyeti,"Kuzey, Güney, Doğu, Batı",200 TL,https://www.hepsiemlak.com/istanbul-avcilar-merkez-satilik/daire/148212-192
170391-2,Kamiloba,Büyükçekmece,İstanbul,4.350.000 TL,85,70,2 + 1,1,5 Katlı,Yüksek Giriş,Sıfır Bina,Kombi,Eşyalı Değil,Boş,Kat Mülkiyeti,,500 TL,https://www.hepsiemlak.com/istanbul-buyukcekmece-kamiloba-satilik/daire/170391-2
43372-3501,Zafer,Bahçelievler,İstanbul,9.350.000 TL,175,165,3 + 2,3,4 Katlı,4. Kat,5 Yaşında,Kombi,Eşyalı Değil,Mülk Sahibi,Kat Mülkiyeti,"Kuzey, Doğu",,https://www.hepsiemlak.com/istanbul-bahcelievler-zafer-satilik/daire/43372-3501
1191-9923,Sahrayı Cedit,Kadıköy,İstanbul,26.500.000 TL,200,160,4 + 1,2,15 Katlı,1. Kat,26 Yaşında,Merkezi (Pay Öl...,Eşyalı Değil,Boş,Kat Mülkiyeti,"Güney, Doğu, Batı",7.000 TL,https://www.hepsiemlak.com/istanbul-kadikoy-sahrayi-cedit-satilik/daire/1191-9923
91631-252,Kurtköy,Pendik,İstanbul,14.000.000 TL,230,175,5 + 2,2,4 Katlı,3. Kat,10 Yaşında,Yerden Isıtma,Eşyalı Değil,Mülk Sahibi,Kat İrtifakı,"Güney, Doğu, Batı",300 TL,https://www.hepsiemlak.com/istanbul-pendik-kurtkoy-satilik/daire/91631-252
25872-532,Hamidiye,Kağıthane,İstanbul,14.000.000 TL,125,120,3 + 1,1,11 Katlı,10. Kat,26 Yaşında,Merkezi (Pay Öl...,Eşyalı Değil,Boş,Kat Mülkiyeti,"Kuzey, Güney, Doğu",2.500 TL,https://www.hepsiemlak.com/istanbul-kagithane-hamidiye-satilik/daire/25872-532
54389-3069,Ekşioğlu,Çekmeköy,İstanbul,10.800.000 TL,280,240,5 + 2,2,4 Katlı,4. Kat,1 Yaşında,Kombi,Eşyalı Değil,Boş,Kat Mülkiyeti,"Güney, Doğu, Batı",,https://www.hepsiemlak.com/istanbul-cekmekoy-eksioglu-satilik/daire/54389-3069
165186-367,Gazi,Sultangazi,İstanbul,3.650.000 TL,85,80,2 + 1,1,5 Katlı,Bahçe Katı,6 Yaşında,Kombi,Eşyalı Değil,Mülk Sahibi,Kat İrtifakı,"Kuzey, Güney",,https://www.hepsiemlak.com/istanbul-sultangazi-gazi-satilik/daire/165186-367
0-46910906,Yenişehir,Pendik,İstanbul,7.890.000 TL,85,57,2 + 1,1,6 Katlı,2. Kat,11 Yaşında,Merkezi (Pay Öl...,Eşyalı Değil,Mülk Sahibi,Kat Mülkiyeti,Güney,5.600 TL,https://www.hepsiemlak.com/istanbul-pendik-yenisehir-satilik/daire/0-46910906
133139-2067,Alemdağ,Çekmeköy,İstanbul,4.890.000 TL,119,102,3 + 1,2,4 Katlı,Yüksek Giriş,Sıfır Bina,Kombi,Eşyalı Değil,Kiracılı,Yabancıdan,"Kuzey, Güney, Doğu, Batı",,https://www.hepsiemlak.com/istanbul-cekmekoy-alemdag-satilik/daire/133139-2067
102799-1512,Atakent,Küçükçekmece,İstanbul,6.650.000 TL,62,60,1 + 1,1,14 Katlı,7. Kat,19 Yaşında,Kombi,Eşyalı Değil,Kiracılı,Kat Mülkiyeti,Batı,5.750 TL,https://www.hepsiemlak.com/istanbul-kucukcekmece-atakent-satilik/daire/102799-1512
6060-44387,Aydınevler,Maltepe,İstanbul,8.400.000 TL,85,75,2 + 1,1,4 Katlı,Yüksek Giriş,5 Yaşında,Kombi,Eşyalı Değil,Boş,Kat Mülkiyeti,Güney,1.520 TL,https://www.hepsiemlak.com/istanbul-maltepe-aydinevler-satilik/daire/6060-44387
115755-285,Sinanoba,Büyükçekmece,İstanbul,9.000.000 TL,160,148,3 + 1,2,8 Katlı,1. Kat,26 Yaşında,Merkezi (Pay Öl...,Eşyalı Değil,Mülk Sahibi,Kat Mülkiyeti,Doğu,3.000 TL,https://www.hepsiemlak.com/istanbul-buyukcekmece-sinanoba-satilik/daire/115755-285
62823-8384,Suadiye,Kadıköy,İstanbul,26.500.000 TL,140,105,3 + 1,2,9 Katlı,4. Kat,8 Yaşında,Merkezi (Pay Öl...,Eşyalı Değil,Boş,Kat Mülkiyeti,"Güney, Doğu",,https://www.hepsiemlak.com/istanbul-kadikoy-suadiye-satilik/daire/62823-8384
169999-27,Zafer,Esenyurt,İstanbul,8.250.000 TL,170,150,3 + 1,2,15 Katlı,8. Kat,6 Yaşında,Merkezi (Pay Öl...,Eşyalı Değil,Kiracılı,Kat Mülkiyeti,"Güney, Doğu",,https://www.hepsiemlak.com/istanbul-esenyurt-zafer-satilik/daire/169999-27
1100-13183,Suadiye,Kadıköy,İstanbul,89.500.000 TL,250,190,3 + 1,3,4 Katlı,Bahçe Katı,10 Yaşında,Fancoil Ünitesi,Eşyalı Değil,Mülk Sahibi,Kat Mülkiyeti,"Kuzey, Güney, Doğu, Batı",39.000 TL,https://www.hepsiemlak.com/istanbul-kadikoy-suadiye-satilik/daire/1100-13183
38443-4467,Adil,Sultanbeyli,İstanbul,6.500.000 TL,105,85,3 + 1,2,7 Katlı,4. Kat,6 Yaşında,Kombi,Eşyalı Değil,Boş,Kat Mülkiyeti,"Kuzey, Güney, Batı",,https://www.hepsiemlak.com/istanbul-sultanbeyli-adil-satilik/daire/38443-4467
81705-11730,Hürriyet,Bahçelievler,İstanbul,4.900.000 TL,75,56,2 + 1,1,5 Katlı,1. Kat,Sıfır Bina,Kombi,Eşyalı Değil,Boş,Kat Mülkiyeti,"Kuzey, Güney",,https://www.hepsiemlak.com/istanbul-bahcelievler-hurriyet-satilik/daire/81705-11730
2137-28701,Feneryolu,Kadıköy,İstanbul,16.500.000 TL,135,125,3 + 1,1,6 Katlı,6. Kat,46 Yaşında,Merkezi,Eşyalı Değil,Mülk Sahibi,Kat Mülkiyeti,"Kuzey, Doğu, Batı",2.600 TL,https://www.hepsiemlak.com/istanbul-kadikoy-feneryolu-satilik/daire/2137-28701
123596-270,Güvercintepe,Başakşehir,İstanbul,6.678.000 TL,195,170,4 + 1,2,5 Katlı,5. Kat,6 Yaşında,Kombi,Eşyalı Değil,Boş,Kat Mülkiyeti,"Güney, Doğu, Batı",300 TL,https://www.hepsiemlak.com/istanbul-basaksehir-guvercintepe-satilik/daire/123596-270
128533-78,Hürriyet,Kartal,İstanbul,4.350.000 TL,90,70,2 + 1,1,10 Katlı,Bahçe Katı,21 Yaşında,Kombi,Eşyalı Değil,Mülk Sahibi,Kat Mülkiyeti,"Güney, Batı",1.700 TL,https://www.hepsiemlak.com/istanbul-kartal-hurriyet-satilik/daire/128533-78
139746-719,Göztepe,Kadıköy,İstanbul,12.950.000 TL,110,90,2 + 1,2,11 Katlı,Yüksek Giriş,25 Yaşında,Kombi,Eşyalı Değil,Boş,Kat Mülkiyeti,Güney,,https://www.hepsiemlak.com/istanbul-kadikoy-goztepe-satilik/daire/139746-719
166418-82,Kocasinan Merkez,Bahçelievler,İstanbul,7.250.000 TL,100,90,3 + 1,2,5 Katlı,1. Kat,6 Yaşında,Kombi,Eşyalı Değil,Boş,Kat İrtifakı,"Kuzey, Güney, Batı",,https://www.hepsiemlak.com/istanbul-bahcelievler-kocasinan-merkez-satilik/daire/166418-82
130054-924,Göztepe,Kadıköy,İstanbul,25.950.000 TL,145,103,3 + 1,2,11 Katlı,4. Kat,Sıfır Bina,Merkezi (Pay Öl...,Eşyalı Değil,Boş,Kat Mülkiyeti,"Kuzey, Doğu, Batı",,https://www.hepsiemlak.com/istanbul-kadikoy-goztepe-satilik/daire/130054-924
156043-145,Bostancı,Kadıköy,İstanbul,11.350.000 TL,80,64,2 + 1,1,14 Katlı,5. Kat,2 Yaşında,Merkezi (Pay Öl...,Eşyalı Değil,Mülk Sahibi,Kat Mülkiyeti,,2.000 TL,https://www.hepsiemlak.com/istanbul-kadikoy-bostanci-satilik/daire/156043-145
142540-438,Mimar Sinan,Sultanbeyli,İstanbul,7.250.000 TL,125,115,3 + 1,2,7 Katlı,2. Kat,Sıfır Bina,Yerden Isıtma,Eşyalı Değil,Boş,Yabancıdan,Güney,500 TL,https://www.hepsiemlak.com/istanbul-sultanbeyli-mimar-sinan-satilik/daire/142540-438
131435-342,Mimar Sinan Merkez,Büyükçekmece,İstanbul,13.500.000 TL,250,190,3 + 10,3,4 Katlı,En Üst Kat,Sıfır Bina,Kombi,Eşyalı Değil,Boş,Kat Mülkiyeti,"Kuzey, Güney, Doğu, Batı",200 TL,https://www.hepsiemlak.com/istanbul-buyukcekmece-mimar-sinan-merkez-satilik/daire/131435-342
152700-1012,Soğanlı,Bahçelievler,İstanbul,2.900.000 TL,90,85,2 + 1,1,6 Katlı,Ara Kat,29 Yaşında,Kombi,Eşyalı Değil,Mülk Sahibi,Hisseli Tapu,"Doğu, Batı",1 TL,https://www.hepsiemlak.com/istanbul-bahcelievler-soganli-satilik/daire/152700-1012
39955-1794,Kocatepe,Bayrampaşa,İstanbul,11.850.000 TL,180,170,4 + 2,2,4 Katlı,3. Kat,26 Yaşında,Kombi,Eşyalı Değil,Kiracılı,Yabancıdan,,,https://www.hepsiemlak.com/istanbul-bayrampasa-kocatepe-satilik/daire/39955-1794
169082-24,Pınartepe,Büyükçekmece,İstanbul,4.150.000 TL,90,65,1 + 1,1,5 Katlı,4. Kat,5 Yaşında,Merkezi (Pay Öl...,Eşyalı Değil,Mülk Sahibi,Kat Mülkiyeti,Güney,1.500 TL,https://www.hepsiemlak.com/istanbul-buyukcekmece-pinartepe-satilik/daire/169082-24
169766-24,Çırpıcı,Zeytinburnu,İstanbul,4.750.000 TL,78,72,2 + 1,1,5 Katlı,4. Kat,11 Yaşında,Kombi,Eşyalı Değil,Boş,Kat Mülkiyeti,Güney,,https://www.hepsiemlak.com/istanbul-zeytinburnu-cirpici-satilik/daire/169766-24
159353-223,İcadiye,Üsküdar,İstanbul,17.000.000 TL,200,185,3 + 2,1,4 Katlı,4. Kat,Sıfır Bina,Kombi,Eşyalı Değil,Boş,Kat Mülkiyeti,"Güney, Doğu",,https://www.hepsiemlak.com/istanbul-uskudar-icadiye-satilik/daire/159353-223
32674-4340,Esenyalı,Pendik,İstanbul,4.400.000 TL,100,87,2 + 1,1,4 Katlı,Yüksek Giriş,6 Yaşında,Kombi,Eşyalı Değil,Mülk Sahibi,Kat İrtifakı,Güney,350 TL,https://www.hepsiemlak.com/istanbul-pendik-esenyali-satilik/daire/32674-4340
136233-695,İnönü,Esenyurt,İstanbul,2.200.000 TL,100,90,2 + 1,2,4 Katlı,Bahçe Katı,5 Yaşında,Kombi,Eşyalı Değil,Boş,Kat Mülkiyeti,Güney,300 TL,https://www.hepsiemlak.com/istanbul-esenyurt-inonu-satilik/daire/136233-695
100355-189,Fındıklı,Maltepe,İstanbul,5.200.000 TL,120,100,3 + 1,1,7 Katlı,6. Kat,21 Yaşında,Kombi,Eşyalı Değil,Mülk Sahibi,Arsa,Güney,,https://www.hepsiemlak.com/istanbul-maltepe-findikli-satilik/daire/100355-189
150797-137,Cennet,Küçükçekmece,İstanbul,14.600.000 TL,130,110,3 + 1,2,9 Katlı,1. Kat,Sıfır Bina,Merkezi,Eşyalı Değil,Boş,Kat Mülkiyeti,"Güney, Batı",1.000 TL,https://www.hepsiemlak.com/istanbul-kucukcekmece-cennet-satilik/daire/150797-137
8525-57440,Teşvikiye,Şişli,İstanbul,134.500.000 TL,563,450,5 + 1,5,9 Katlı,6. Kat,Sıfır Bina,Merkezi (Pay Öl...,Eşyalı Değil,Boş,Kat Mülkiyeti,"Güney, Doğu, Batı",,https://www.hepsiemlak.com/istanbul-sisli-tesvikiye-satilik/residence/8525-57440
140374-234,Yeşilköy,Bakırköy,İstanbul,52.000.000 TL,350,220,3 + 1,2,5 Katlı,Bahçe Katı,26 Yaşında,Kombi,Eşyalı Değil,Kiracılı,Yabancıdan,"Kuzey, Güney, Batı",,https://www.hepsiemlak.com/istanbul-bakirkoy-yesilkoy-satilik/daire/140374-234
165530-47,Hamidiye,Kağıthane,İstanbul,22.500.000 TL,123,103,2 + 1,2,11 Katlı,11. Kat,5 Yaşında,Merkezi (Pay Öl...,Eşyalı Değil,Kiracılı,Kat Mülkiyeti,,,https://www.hepsiemlak.com/istanbul-kagithane-hamidiye-satilik/daire/165530-47
169706-7,Tatlısu,Ümraniye,İstanbul,10.900.000 TL,145,118,3 + 1,2,6 Katlı,Ara Kat,19 Yaşında,Kombi,,Mülk Sahibi,Kat İrtifakı,"Güney, Doğu, Batı",1.500 TL,https://www.hepsiemlak.com/istanbul-umraniye-tatlisu-satilik/daire/169706-7
4355-136890,Yenişehir,Pendik,İstanbul,5.900.000 TL,63,50,1 + 1,1,9 Katlı,3. Kat,13 Yaşında,Merkezi (Pay Öl...,Eşyalı,Kiracılı,Kat Mülkiyeti,"Güney, Batı",4.750 TL,https://www.hepsiemlak.com/istanbul-pendik-yenisehir-satilik/daire/4355-136890
144252-13,Zafer,Bahçelievler,İstanbul,5.800.000 TL,75,60,2 + 1,1,4 Katlı,2. Kat,3 Yaşında,Kombi,Eşyalı Değil,Mülk Sahibi,Kat Mülkiyeti,Güney,,https://www.hepsiemlak.com/istanbul-bahcelievler-zafer-satilik/daire/144252-13
1003-13857,Bağlarbaşı,Maltepe,İstanbul,9.350.000 TL,90,78,2 + 1,1,4 Katlı,1. Kat,6 Yaşında,Kombi,Eşyalı Değil,Mülk Sahibi,Kat Mülkiyeti,Batı,750 TL,https://www.hepsiemlak.com/istanbul-maltepe-baglarbasi-satilik/daire/1003-13857
42096-5791,Göztepe,Kadıköy,İstanbul,23.510.000 TL,130,100,3 + 1,1,6 Katlı,4. Kat,16 Yaşında,Kombi,Eşyalı Değil,Boş,Kat Mülkiyeti,"Güney, Doğu",,https://www.hepsiemlak.com/istanbul-kadikoy-goztepe-satilik/daire/42096-5791
138425-132,Cumhuriyet,Bahçelievler,İstanbul,6.550.000 TL,90,80,2 + 1,2,5 Katlı,1. Kat,Sıfır Bina,Kombi,Eşyalı Değil,Boş,Kat Mülkiyeti,"Kuzey, Güney, Doğu, Batı",,https://www.hepsiemlak.com/istanbul-bahcelievler-cumhuriyet-satilik/daire/138425-132
164651-48,Yayalar,Pendik,İstanbul,11.500.000 TL,155,140,3 + 2,2,8 Katlı,8. Kat,Sıfır Bina,Merkezi (Pay Öl...,Eşyalı Değil,Boş,Kat İrtifakı,"Kuzey, Güney, Doğu, Batı",,https://www.hepsiemlak.com/istanbul-pendik-yayalar-satilik/daire/164651-48
154246-80,Yenimahalle,Bağcılar,İstanbul,6.500.000 TL,105,95,3 + 1,1,12 Katlı,5. Kat,15 Yaşında,Merkezi,Eşyalı Değil,Kiracılı,Kat Mülkiyeti,,2.000 TL,https://www.hepsiemlak.com/istanbul-bagcilar-yenimahalle-satilik/daire/154246-80
95208-261,Altayçeşme,Maltepe,İstanbul,12.500.000 TL,115,91,3 + 1,1,4 Katlı,1. Kat,6 Yaşında,Kombi,Eşyalı Değil,Kiracılı,Kat Mülkiyeti,"Kuzey, Batı",,https://www.hepsiemlak.com/istanbul-maltepe-altaycesme-satilik/daire/95208-261
169658-11,Acıbadem,Üsküdar,İstanbul,28.750.000 TL,135,110,3 + 1,2,5 Katlı,3. Kat,Sıfır Bina,Kombi,Eşyalı Değil,Boş,Kat Mülkiyeti,"Güney, Batı",,https://www.hepsiemlak.com/istanbul-uskudar-acibadem-satilik/daire/169658-11
136725-393,Bahçelievler,Büyükçekmece,İstanbul,17.500.000 TL,190,170,3 + 1,2,,Bahçe Katı,31 Yaşında,Kombi,Eşyalı Değil,Mülk Sahibi,Arsa,"Kuzey, Güney, Doğu, Batı",,https://www.hepsiemlak.com/istanbul-buyukcekmece-bahcelievler-satilik/mustakil-ev/136725-393
103802-2285,Kumburgaz,Büyükçekmece,İstanbul,35.000.000 TL,500,350,6 + 1,4,3 Katlı,Bahçe Katı,1 Yaşında,Yerden Isıtma,Eşyalı Değil,Mülk Sahibi,Kat İrtifakı,"Kuzey, Güney, Doğu, Batı",,https://www.hepsiemlak.com/istanbul-buyukcekmece-kumburgaz-satilik/villa/103802-2285
141464-648,Suadiye,Kadıköy,İstanbul,24.500.000 TL,100,88,3 + 1,2,12 Katlı,10. Kat,Sıfır Bina,Yerden Isıtma,Eşyalı Değil,Boş,Yabancıdan,"Güney, Doğu",,https://www.hepsiemlak.com/istanbul-kadikoy-suadiye-satilik/daire/141464-648
169619-5,Fındıklı,Maltepe,İstanbul,10.800.000 TL,136,125,4 + 2,2,4 Katlı,4. Kat,5 Yaşında,Kombi,Eşyalı Değil,Mülk Sahibi,Kat İrtifakı,Güney,350 TL,https://www.hepsiemlak.com/istanbul-maltepe-findikli-satilik/daire/169619-5
4336-1440,Gayrettepe,Beşiktaş,İstanbul,14.500.000 TL,165,140,3 + 1,1,7 Katlı,6. Kat,35 Yaşında,Merkezi,Eşyalı,Boş,Kat Mülkiyeti,,,https://www.hepsiemlak.com/istanbul-besiktas-gayrettepe-satilik/daire/4336-1440
139971-99,Mimar Sinan,Üsküdar,İstanbul,19.800.000 TL,108,103,2 + 1,1,5 Katlı,5. Kat,Sıfır Bina,Kombi,Eşyalı Değil,Boş,Kat Mülkiyeti,"Kuzey, Güney",,https://www.hepsiemlak.com/istanbul-uskudar-mimar-sinan-satilik/daire/139971-99
127831-166,Orta,Kartal,İstanbul,10.350.000 TL,180,160,5 + 1,2,8 Katlı,8. Kat,11 Yaşında,Kombi,Eşyalı Değil,Kiracılı,Kat Mülkiyeti,Güney,500 TL,https://www.hepsiemlak.com/istanbul-kartal-orta-satilik/daire/127831-166
93181-6355,Esatpaşa,Ataşehir,İstanbul,12.250.000 TL,180,160,4 + 1,2,5 Katlı,5. Kat,7 Yaşında,Kombi,Eşyalı Değil,Mülk Sahibi,Kat Mülkiyeti,"Güney, Doğu",500 TL,https://www.hepsiemlak.com/istanbul-atasehir-esatpasa-satilik/daire/93181-6355
14121-5846,İnönü,Ataşehir,İstanbul,11.750.000 TL,125,110,3 + 1,3,4 Katlı,2. Kat,11 Yaşında,Merkezi,Eşyalı Değil,Kiracılı,Kat Mülkiyeti,Doğu,500 TL,https://www.hepsiemlak.com/istanbul-atasehir-inonu-satilik/daire/14121-5846
158228-56,Fikirtepe,Kadıköy,İstanbul,6.290.000 TL,56,42,1 + 0,1,24 Katlı,11. Kat,6 Yaşında,Yerden Isıtma,Eşyalı Değil,Kiracılı,Kat Mülkiyeti,"Kuzey, Doğu",,https://www.hepsiemlak.com/istanbul-kadikoy-fikirtepe-satilik/residence/158228-56
168166-11,Büyükşehir,Beylikdüzü,İstanbul,16.750.000 TL,270,194,4 + 1,3,12 Katlı,3. Kat,5 Yaşında,Merkezi (Pay Öl...,Eşyalı Değil,Mülk Sahibi,Yabancıdan,Batı,6.500 TL,https://www.hepsiemlak.com/istanbul-beylikduzu-buyuksehir-satilik/daire/168166-11
72542-4237,Cevizli,Kartal,İstanbul,4.400.000 TL,46,30,1 + 0,1,27 Katlı,9. Kat,9 Yaşında,VRV,Eşyalı,Boş,Kat Mülkiyeti,"Güney, Doğu",7.860 TL,https://www.hepsiemlak.com/istanbul-kartal-cevizli-satilik/residence/72542-4237
10432-2701,Küçükyalı,Maltepe,İstanbul,10.750.000 TL,120,100,3 + 1,1,3 Katlı,1. Kat,21 Yaşında,Kombi,Eşyalı Değil,Boş,Kat İrtifakı,"Güney, Doğu, Batı",,https://www.hepsiemlak.com/istanbul-maltepe-kucukyali-satilik/daire/10432-2701
126306-192,Merkez,Çekmeköy,İstanbul,7.600.000 TL,135,120,3 + 1,1,5 Katlı,Giriş Katı,Sıfır Bina,Kombi,Eşyalı Değil,Boş,Kat Mülkiyeti,"Kuzey, Batı",,https://www.hepsiemlak.com/istanbul-cekmekoy-merkez-satilik/daire/126306-192
166297-191,Postane,Tuzla,İstanbul,21.590.000 TL,300,250,3 + 1,3,2 Katlı,Bahçe Katı,Sıfır Bina,Yerden Isıtma,Eşyalı Değil,Boş,Kat Mülkiyeti,"Güney, Doğu, Batı",,https://www.hepsiemlak.com/istanbul-tuzla-postane-satilik/daire/166297-191
134074-310,Selahaddin Eyyubi,Esenyurt,İstanbul,1.799.000 TL,100,90,2 + 1,1,6 Katlı,Bahçe Katı,8 Yaşında,Kombi,Eşyalı Değil,Boş,Kat Mülkiyeti,Güney,250 TL,https://www.hepsiemlak.com/istanbul-esenyurt-selahaddin-eyyubi-satilik/daire/134074-310
46572-11871,Yahya Kemal,Kağıthane,İstanbul,8.395.000 TL,100,90,2 + 1,1,7 Katlı,7. Kat,3 Yaşında,Merkezi (Pay Öl...,Eşyalı Değil,Boş,Kat Mülkiyeti,"Güney, Batı",2.300 TL,https://www.hepsiemlak.com/istanbul-kagithane-yahya-kemal-satilik/daire/46572-11871
72721-2086,Bahçeşehir 2. Kısım,Başakşehir,İstanbul,10.500.000 TL,160,135,3 + 1,2,14 Katlı,1. Kat,21 Yaşında,Merkezi (Pay Öl...,Eşyalı Değil,Mülk Sahibi,Kat Mülkiyeti,"Doğu, Batı",,https://www.hepsiemlak.com/istanbul-basaksehir-bahcesehir-2-kisim-satilik/daire/72721-2086
165223-136,Cumhuriyet,Beylikdüzü,İstanbul,4.280.000 TL,130,110,2 + 1,1,6 Katlı,1. Kat,6 Yaşında,Kombi,Eşyalı Değil,Boş,Yabancıdan,"Güney, Doğu",,https://www.hepsiemlak.com/istanbul-beylikduzu-cumhuriyet-satilik/daire/165223-136
133382-726,Kavaklı,Beylikdüzü,İstanbul,5.199.000 TL,105,95,2 + 1,1,5 Katlı,Bahçe Katı,Sıfır Bina,Kombi,Eşyalı Değil,Boş,Kat Mülkiyeti,"Güney, Doğu, Batı",,https://www.hepsiemlak.com/istanbul-beylikduzu-kavakli-satilik/daire/133382-726
133139-2050,Alemdağ,Çekmeköy,İstanbul,5.049.999 TL,112,93,2 + 1,1,4 Katlı,Yüksek Giriş,5 Yaşında,Kombi,Eşyalı Değil,Kiracılı,Kat Mülkiyeti,"Kuzey, Güney, Doğu, Batı",,https://www.hepsiemlak.com/istanbul-cekmekoy-alemdag-satilik/daire/133139-2050
151807-76,Cumhuriyet,Beylikdüzü,İstanbul,1.725.000 TL,95,80,1 + 1,1,21 Katlı,14. Kat,3 Yaşında,Kombi,Eşyalı,Boş,Yabancıdan,"Kuzey, Güney, Doğu, Batı",1.150 TL,https://www.hepsiemlak.com/istanbul-beylikduzu-cumhuriyet-satilik/daire/151807-76
151807-91,Yakuplu,Beylikdüzü,İstanbul,2.925.000 TL,120,100,2 + 1,2,6 Katlı,2. Kat,4 Yaşında,Kombi,Eşyalı Değil,Boş,Yabancıdan,"Kuzey, Güney, Doğu, Batı",425 TL,https://www.hepsiemlak.com/istanbul-beylikduzu-yakuplu-satilik/daire/151807-91
124190-572,Cumhuriyet,Beylikdüzü,İstanbul,1.829.000 TL,100,90,2 + 1,1,4 Katlı,2. Kat,Sıfır Bina,Kombi,Eşyalı Değil,Boş,Kat Mülkiyeti,"Güney, Doğu",,https://www.hepsiemlak.com/istanbul-beylikduzu-cumhuriyet-satilik/daire/124190-572
133139-2043,Mimar Sinan,Sultanbeyli,İstanbul,4.775.000 TL,130,110,3 + 1,1,3 Katlı,1. Kat,5 Yaşında,Kombi,Eşyalı Değil,Mülk Sahibi,Kat Mülkiyeti,"Kuzey, Güney, Doğu, Batı",,https://www.hepsiemlak.com/istanbul-sultanbeyli-mimar-sinan-satilik/daire/133139-2043
150653-117,Kuruçeşme,Beşiktaş,İstanbul,7.800.000 TL,135,95,2 + 1,1,5 Katlı,5. Kat,35 Yaşında,Kombi,Eşyalı Değil,Kiracılı,Kat Mülkiyeti,,,https://www.hepsiemlak.com/istanbul-besiktas-kurucesme-satilik/daire/150653-117
168837-10,Firuzköy,Avcılar,İstanbul,2.980.000 TL,41,27,1 + 0,1,8 Katlı,3. Kat,5 Yaşında,Merkezi (Pay Öl...,Eşyalı Değil,Kiracılı,Kat Mülkiyeti,"Güney, Doğu",4.153 TL,https://www.hepsiemlak.com/istanbul-avcilar-firuzkoy-satilik/daire/168837-10
124094-3023,75. Yıl,Sultangazi,İstanbul,2.899.000 TL,85,75,2 + 1,1,4 Katlı,Bahçe Katı,6 Yaşında,Kombi,Eşyalı Değil,Boş,Kat İrtifakı,Güney,,https://www.hepsiemlak.com/istanbul-sultangazi-75-yil-satilik/daire/124094-3023
141843-129,Abdurrahman Nafiz Gürman,Güngören,İstanbul,3.750.000 TL,65,60,2 + 1,,8 Katlı,4. Kat,40 Yaşında,Kombi,Eşyalı Değil,Kiracılı,Arsa,,,https://www.hepsiemlak.com/istanbul-gungoren-abdurrahman-nafiz-gurman-satilik/daire/141843-129
167955-34,Yeşilkent,Esenyurt,İstanbul,5.300.000 TL,222,200,4 + 2,2,22 Katlı,Zemin,11 Yaşında,Kombi,Eşyalı Değil,Kiracılı,Kat İrtifakı,,4.000 TL,https://www.hepsiemlak.com/istanbul-esenyurt-yesilkent-satilik/daire/167955-34
167955-8,Pınartepe,Büyükçekmece,İstanbul,5.500.000 TL,110,90,2 + 1,1,11 Katlı,6. Kat,11 Yaşında,Merkezi (Pay Öl...,Eşyalı Değil,Boş,Yabancıdan,,3.200 TL,https://www.hepsiemlak.com/istanbul-buyukcekmece-pinartepe-satilik/daire/167955-8
167955-1,Gürpınar,Beylikdüzü,İstanbul,9.000.000 TL,160,150,3 + 1,2,5 Katlı,2. Kat,6 Yaşında,Kombi,Eşyalı Değil,Mülk Sahibi,Yabancıdan,"Kuzey, Doğu",,https://www.hepsiemlak.com/istanbul-beylikduzu-gurpinar-satilik/daire/167955-1
126282-125,Mustafa Kemal Paşa,Avcılar,İstanbul,3.900.000 TL,90,85,2 + 1,1,5 Katlı,Bahçe Katı,13 Yaşında,Kombi,Eşyalı Değil,Boş,Kat Mülkiyeti,,,https://www.hepsiemlak.com/istanbul-avcilar-mustafa-kemal-pasa-satilik/daire/126282-125
169857-59,Barış,Beylikdüzü,İstanbul,7.000.000 TL,150,125,3 + 1,2,14 Katlı,3. Kat,16 Yaşında,Kombi,Eşyalı Değil,Kiracılı,Kat Mülkiyeti,"Güney, Batı",,https://www.hepsiemlak.com/istanbul-beylikduzu-baris-satilik/daire/169857-59
13677-1887,Kartaltepe,Bakırköy,İstanbul,6.750.000 TL,75,65,2 + 1,1,5 Katlı,Giriş Katı,26 Yaşında,Kombi,Eşyalı Değil,Boş,Kat Mülkiyeti,"Güney, Doğu, Batı",,https://www.hepsiemlak.com/istanbul-bakirkoy-kartaltepe-satilik/daire/13677-1887
1075-6885,Yeşilköy,Bakırköy,İstanbul,38.500.000 TL,190,156,3 + 1,2,5 Katlı,Yüksek Giriş,7 Yaşında,Kombi,Eşyalı Değil,Boş,Kat Mülkiyeti,"Kuzey, Doğu, Batı",3.850 TL,https://www.hepsiemlak.com/istanbul-bakirkoy-yesilkoy-satilik/daire/1075-6885
2501-2122,Fenerbahçe,Kadıköy,İstanbul,29.950.000 TL,130,100,3 + 1,2,9 Katlı,2. Kat,6 Yaşında,Kombi,Eşyalı Değil,Boş,Kat Mülkiyeti,Güney,,https://www.hepsiemlak.com/istanbul-kadikoy-fenerbahce-satilik/daire/2501-2122
70445-1415,Atakent,Küçükçekmece,İstanbul,7.925.000 TL,103,85,2 + 1,1,19 Katlı,6. Kat,12 Yaşında,Kombi,Eşyalı Değil,,Yabancıdan,Güney,7.000 TL,https://www.hepsiemlak.com/istanbul-kucukcekmece-atakent-satilik/daire/70445-1415
158457-30,Hürriyet,Kartal,İstanbul,3.900.000 TL,80,70,2 + 1,1,5 Katlı,Giriş Katı,11 Yaşında,Kombi,Eşyalı Değil,Boş,Kat Mülkiyeti,"Güney, Batı",500 TL,https://www.hepsiemlak.com/istanbul-kartal-hurriyet-satilik/daire/158457-30
158457-49,Kurtköy,Pendik,İstanbul,7.750.000 TL,120,100,3 + 1,1,8 Katlı,Bahçe Katı,11 Yaşında,Kombi,Eşyalı Değil,Boş,Kat Mülkiyeti,"Güney, Doğu",3.500 TL,https://www.hepsiemlak.com/istanbul-pendik-kurtkoy-satilik/daire/158457-49
165962-146,Altayçeşme,Maltepe,İstanbul,9.750.000 TL,115,96,3 + 1,1,4 Katlı,2. Kat,11 Yaşında,Kombi,Eşyalı Değil,Kiracılı,Kat Mülkiyeti,"Kuzey, Güney, Doğu, Batı",650 TL,https://www.hepsiemlak.com/istanbul-maltepe-altaycesme-satilik/daire/165962-146
169030-8,Akşemsettin,Eyüpsultan,İstanbul,6.150.000 TL,115,110,3 + 1,1,5 Katlı,5. Kat,21 Yaşında,Kombi,Eşyalı Değil,Mülk Sahibi,Yabancıdan,"Güney, Doğu",200 TL,https://www.hepsiemlak.com/istanbul-eyupsultan-aksemsettin-satilik/daire/169030-8
169030-31,Sakarya,Eyüpsultan,İstanbul,6.200.000 TL,115,105,2 + 1,1,5 Katlı,3. Kat,6 Yaşında,Kombi,Eşyalı Değil,Kiracılı,Kat Mülkiyeti,"Kuzey, Güney, Doğu, Batı",200 TL,https://www.hepsiemlak.com/istanbul-eyupsultan-sakarya-satilik/daire/169030-31
169030-5,Yeşilpınar,Eyüpsultan,İstanbul,3.850.000 TL,75,65,2 + 1,1,5 Katlı,Yarı Bodrum,21 Yaşında,Kombi,Eşyalı Değil,Kiracılı,Yabancıdan,"Güney, Doğu",500 TL,https://www.hepsiemlak.com/istanbul-eyupsultan-yesilpinar-satilik/daire/169030-5
169030-4,Yeşilpınar,Eyüpsultan,İstanbul,6.500.000 TL,95,87,2 + 1,1,10 Katlı,4. Kat,6 Yaşında,Merkezi (Pay Öl...,Eşyalı Değil,Kiracılı,Yabancıdan,"Güney, Doğu",,https://www.hepsiemlak.com/istanbul-eyupsultan-yesilpinar-satilik/daire/169030-4
144105-821,Şenlikköy,Bakırköy,İstanbul,21.000.000 TL,280,240,4 + 2,3,3 Katlı,2. Kat,26 Yaşında,Kombi,Eşyalı Değil,Mülk Sahibi,Kat Mülkiyeti,,,https://www.hepsiemlak.com/istanbul-bakirkoy-senlikkoy-satilik/daire/144105-821
144105-807,Yeşilköy,Bakırköy,İstanbul,52.500.000 TL,240,220,4 + 1,3,4 Katlı,1. Kat,2 Yaşında,Merkezi (Pay Öl...,Eşyalı Değil,Boş,Yabancıdan,,14.000 TL,https://www.hepsiemlak.com/istanbul-bakirkoy-yesilkoy-satilik/daire/144105-807
144105-847,Şenlikköy,Bakırköy,İstanbul,29.900.000 TL,350,330,5 + 2,5,3 Katlı,2. Kat,36 Yaşında,Kombi,Eşyalı Değil,Boş,Yabancıdan,,,https://www.hepsiemlak.com/istanbul-bakirkoy-senlikkoy-satilik/daire/144105-847
69330-150,Güneştepe,Güngören,İstanbul,5.250.000 TL,95,85,2 + 1,1,4 Katlı,2. Kat,16 Yaşında,Kombi,Eşyalı Değil,Kiracılı,Kat İrtifakı,Güney,,https://www.hepsiemlak.com/istanbul-gungoren-gunestepe-satilik/daire/69330-150
1361-17651,Nisbetiye,Beşiktaş,İstanbul,28.000.000 TL,200,180,5 + 1,3,7 Katlı,7. Kat,40 Yaşında,Merkezi,Eşyalı Değil,Boş,Kat Mülkiyeti,,5.000 TL,https://www.hepsiemlak.com/istanbul-besiktas-nisbetiye-satilik/daire/1361-17651
169481-30,Güzelyalı,Pendik,İstanbul,4.450.000 TL,120,110,3 + 1,1,5 Katlı,5. Kat,26 Yaşında,Kombi,Eşyalı Değil,Mülk Sahibi,Arsa,"Kuzey, Güney, Doğu, Batı",,https://www.hepsiemlak.com/istanbul-pendik-guzelyali-satilik/daire/169481-30
169481-10,Kaynarca,Pendik,İstanbul,6.280.000 TL,100,90,2 + 1,1,4 Katlı,Yüksek Giriş,11 Yaşında,Kombi,Eşyalı Değil,Mülk Sahibi,Kat İrtifakı,"Güney, Doğu, Batı",,https://www.hepsiemlak.com/istanbul-pendik-kaynarca-satilik/daire/169481-10
169481-26,Çamlık,Pendik,İstanbul,7.500.000 TL,120,110,3 + 1,1,6 Katlı,3. Kat,21 Yaşında,Kombi,Eşyalı Değil,Kiracılı,Kat Mülkiyeti,"Kuzey, Güney, Doğu, Batı",1.850 TL,https://www.hepsiemlak.com/istanbul-pendik-camlik-satilik/daire/169481-26
169369-2,Kamiloba,Büyükçekmece,İstanbul,5.500.000 TL,117,85,2 + 1,2,4 Katlı,1. Kat,Sıfır Bina,Yerden Isıtma,Eşyalı Değil,Boş,Kat İrtifakı,,,https://www.hepsiemlak.com/istanbul-buyukcekmece-kamiloba-satilik/daire/169369-2
169369-9,Kamiloba,Büyükçekmece,İstanbul,4.500.000 TL,86,67,2 + 1,1,4 Katlı,Giriş Katı,Sıfır Bina,Kombi,Eşyalı Değil,Boş,Kat İrtifakı,,,https://www.hepsiemlak.com/istanbul-buyukcekmece-kamiloba-satilik/daire/169369-9
170145-12,Talatpaşa,Esenyurt,İstanbul,3.229.000 TL,120,100,2 + 1,1,5 Katlı,2. Kat,5 Yaşında,Kombi,Eşyalı Değil,Boş,Kat Mülkiyeti,"Kuzey, Güney, Doğu, Batı",,https://www.hepsiemlak.com/istanbul-esenyurt-talatpasa-satilik/daire/170145-12
143828-164,Hürriyet,Kartal,İstanbul,11.000.000 TL,160,140,4 + 2,2,6 Katlı,6. Kat,Sıfır Bina,Yerden Isıtma,Eşyalı Değil,Boş,Kat İrtifakı,"Güney, Doğu, Batı",,https://www.hepsiemlak.com/istanbul-kartal-hurriyet-satilik/daire/143828-164
0-46954351,Zafer,Bahçelievler,İstanbul,8.000.000 TL,115,105,3 + 1,1,6 Katlı,3. Kat,Sıfır Bina,Kombi,Eşyalı Değil,Boş,Kat İrtifakı,Doğu,,https://www.hepsiemlak.com/istanbul-bahcelievler-zafer-satilik/daire/0-46954351
3351-2321,Esenevler,Ümraniye,İstanbul,13.750.000 TL,230,190,4 + 2,3,4 Katlı,4. Kat,16 Yaşında,Kombi,Eşyalı Değil,Kiracılı,Kat İrtifakı,"Güney, Doğu, Batı",,https://www.hepsiemlak.com/istanbul-umraniye-esenevler-satilik/daire/3351-2321
120181-371,Bağlarbaşı,Maltepe,İstanbul,5.350.000 TL,120,100,3 + 1,1,4 Katlı,Kot 2,31 Yaşında,Kombi,Eşyalı Değil,Kiracılı,Kat Mülkiyeti,,500 TL,https://www.hepsiemlak.com/istanbul-maltepe-baglarbasi-satilik/daire/120181-371
149042-122,Mahmutbey,Bağcılar,İstanbul,6.500.000 TL,80,60,2 + 1,2,15 Katlı,1. Kat,Sıfır Bina,Kombi,Eşyalı Değil,Boş,Kat İrtifakı,Güney,2.800 TL,https://www.hepsiemlak.com/istanbul-bagcilar-mahmutbey-satilik/daire/149042-122
16197-545,Tatlısu,Ümraniye,İstanbul,11.750.000 TL,140,125,3 + 1,2,16 Katlı,8. Kat,15 Yaşında,Kombi,Eşyalı Değil,Boş,Kat Mülkiyeti,,6.000 TL,https://www.hepsiemlak.com/istanbul-umraniye-tatlisu-satilik/daire/16197-545
85355-3663,Sahrayı Cedit,Kadıköy,İstanbul,19.000.000 TL,136,110,3 + 1,2,12 Katlı,1. Kat,7 Yaşında,Kombi,Eşyalı Değil,Kiracılı,Kat Mülkiyeti,,3.000 TL,https://www.hepsiemlak.com/istanbul-kadikoy-sahrayi-cedit-satilik/daire/85355-3663
165769-530,Hamidiye,Sultanbeyli,İstanbul,4.870.000 TL,95,80,2 + 1,1,3 Katlı,1. Kat,3 Yaşında,Kombi,Eşyalı Değil,Mülk Sahibi,Kat Mülkiyeti,"Güney, Batı",500 TL,https://www.hepsiemlak.com/istanbul-sultanbeyli-hamidiye-satilik/daire/165769-530
1540-978,Örnek,Ataşehir,İstanbul,14.500.000 TL,135,120,3 + 2,2,5 Katlı,5. Kat,15 Yaşında,Kombi,Eşyalı Değil,Boş,Kat Mülkiyeti,,,https://www.hepsiemlak.com/istanbul-atasehir-ornek-satilik/daire/1540-978
156043-136,Bostancı,Kadıköy,İstanbul,23.950.000 TL,105,85,3 + 1,1,10 Katlı,3. Kat,Sıfır Bina,Yerden Isıtma,Eşyalı Değil,Boş,Kat İrtifakı,"Güney, Batı",,https://www.hepsiemlak.com/istanbul-kadikoy-bostanci-satilik/daire/156043-136
149042-81,Orhan Gazi,Esenyurt,İstanbul,2.700.000 TL,88,70,2 + 1,1,30 Katlı,10. Kat,Sıfır Bina,Merkezi (Pay Öl...,Eşyalı Değil,Boş,Yabancıdan,"Kuzey, Güney, Doğu, Batı",,https://www.hepsiemlak.com/istanbul-esenyurt-orhan-gazi-satilik/daire/149042-81
143828-163,Hürriyet,Kartal,İstanbul,7.000.000 TL,85,70,2 + 1,2,6 Katlı,3. Kat,Sıfır Bina,Yerden Isıtma,Eşyalı Değil,Boş,Kat İrtifakı,"Güney, Doğu, Batı",,https://www.hepsiemlak.com/istanbul-kartal-hurriyet-satilik/daire/143828-163
85355-3617,Sultantepe,Üsküdar,İstanbul,62.500.000 TL,170,150,3 + 1,2,6 Katlı,En Üst Kat,30 Yaşında,Kombi,Eşyalı Değil,Kiracılı,Kat Mülkiyeti,"Kuzey, Güney, Batı",,https://www.hepsiemlak.com/istanbul-uskudar-sultantepe-satilik/daire/85355-3617
5227-4386,Feriköy,Şişli,İstanbul,6.800.000 TL,85,80,2 + 1,1,4 Katlı,1. Kat,25 Yaşında,Kombi,Eşyalı Değil,Kiracılı,Kat Mülkiyeti,"Güney, Doğu, Batı",,https://www.hepsiemlak.com/istanbul-sisli-ferikoy-satilik/daire/5227-4386
31572-2864,Eskişehir,Şişli,İstanbul,5.200.000 TL,80,71,2 + 1,1,4 Katlı,Yüksek Giriş,45 Yaşında,Kombi,,Boş,Kat Mülkiyeti,"Doğu, Batı",250 TL,https://www.hepsiemlak.com/istanbul-sisli-eskisehir-satilik/daire/31572-2864
85355-3666,Koşuyolu,Kadıköy,İstanbul,15.200.000 TL,115,88,3 + 1,1,5 Katlı,En Üst Kat,2 Yaşında,Kombi,Eşyalı Değil,Boş,Kat Mülkiyeti,,,https://www.hepsiemlak.com/istanbul-kadikoy-kosuyolu-satilik/daire/85355-3666
2525-15195,Celaliye,Büyükçekmece,İstanbul,11.500.000 TL,200,180,4 + 1,2,3 Katlı,,20 Yaşında,Kombi,Eşyalı Değil,Kiracılı,Kat İrtifakı,,,https://www.hepsiemlak.com/istanbul-buyukcekmece-celaliye-satilik/villa/2525-15195
124311-66,Turgut Özal,Esenyurt,İstanbul,7.650.000 TL,200,160,5 + 2,2,5 Katlı,5. Kat,16 Yaşında,Kombi,Eşyalı Değil,Mülk Sahibi,Kat İrtifakı,,,https://www.hepsiemlak.com/istanbul-esenyurt-turgut-ozal-satilik/daire/124311-66
165579-25,Türkoba,Büyükçekmece,İstanbul,35.000.000 TL,2000,1150,6 + 2,3,3 Katlı,,16 Yaşında,Kombi,Eşyalı Değil,Boş,Kat Mülkiyeti,"Kuzey, Güney, Doğu, Batı",5.000 TL,https://www.hepsiemlak.com/istanbul-buyukcekmece-turkoba-satilik/villa/165579-25
167895-4,Yunus Emre,Sultangazi,İstanbul,7.750.000 TL,210,200,4 + 2,2,4 Katlı,Teras Katı,12 Yaşında,Kombi,Eşyalı Değil,Mülk Sahibi,Kat Mülkiyeti,,,https://www.hepsiemlak.com/istanbul-sultangazi-yunus-emre-satilik/daire/167895-4
85355-3653,Yalıköy,Beykoz,İstanbul,12.500.000 TL,251,171,5 + 1,3,3 Katlı,,Sıfır Bina,Kombi,,Boş,Müstakil Tapulu,,,https://www.hepsiemlak.com/istanbul-beykoz-yalikoy-satilik/mustakil-ev/85355-3653
85355-3652,Mimar Sinan,Üsküdar,İstanbul,14.850.000 TL,266,176,5 + 1,2,3 Katlı,,Sıfır Bina,Kombi,Eşyalı Değil,Boş,Müstakil Tapulu,,,https://www.hepsiemlak.com/istanbul-uskudar-mimar-sinan-satilik/mustakil-ev/85355-3652
153377-165,Merkez,Gaziosmanpaşa,İstanbul,13.250.000 TL,200,180,6 + 1,2,5 Katlı,5. Kat,6 Yaşında,Kombi,Eşyalı Değil,Mülk Sahibi,Kat Mülkiyeti,Güney,,https://www.hepsiemlak.com/istanbul-gaziosmanpasa-merkez-satilik/daire/153377-165
164129-181,Ziya Gökalp,Başakşehir,İstanbul,6.925.000 TL,75,55,2 + 1,1,9 Katlı,6. Kat,Sıfır Bina,Merkezi (Pay Öl...,Eşyalı Değil,Boş,Tapu Yok,"Kuzey, Batı",,https://www.hepsiemlak.com/istanbul-basaksehir-ziya-gokalp-satilik/daire/164129-181
72595-3477,Bahçeşehir 2. Kısım,Başakşehir,İstanbul,3.200.000 TL,110,95,2 + 1,1,4 Katlı,Yüksek Giriş,6 Yaşında,Kombi,Eşyalı Değil,Boş,Yabancıdan,"Güney, Doğu",250 TL,https://www.hepsiemlak.com/istanbul-basaksehir-bahcesehir-2-kisim-satilik/daire/72595-3477
147825-98,Yenişehir,Ataşehir,İstanbul,14.500.000 TL,145,130,3 + 1,1,8 Katlı,5. Kat,21 Yaşında,Kombi,Eşyalı Değil,Boş,Kat Mülkiyeti,Güney,,https://www.hepsiemlak.com/istanbul-atasehir-yenisehir-satilik/daire/147825-98
79202-1380,Selimiye,Üsküdar,İstanbul,12.000.000 TL,85,70,2 + 1,1,3 Katlı,Yarı Bodrum,Sıfır Bina,Kombi,Eşyalı Değil,Boş,Kat İrtifakı,Kuzey,,https://www.hepsiemlak.com/istanbul-uskudar-selimiye-satilik/daire/79202-1380
7417-6196,Aşıkveysel,Ataşehir,İstanbul,11.100.000 TL,100,80,2 + 1,1,19 Katlı,2. Kat,11 Yaşında,Merkezi (Pay Öl...,Eşyalı Değil,Boş,Kat Mülkiyeti,Güney,,https://www.hepsiemlak.com/istanbul-atasehir-asikveysel-satilik/daire/7417-6196
156528-82,Gökevler,Esenyurt,İstanbul,2.750.000 TL,60,55,2 + 0,2,9 Katlı,6. Kat,16 Yaşında,Kombi,Eşyalı,Kiracılı,Kat Mülkiyeti,"Kuzey, Batı",2.540 TL,https://www.hepsiemlak.com/istanbul-esenyurt-gokevler-satilik/daire/156528-82
168520-24,Tatlısu,Ümraniye,İstanbul,14.000.000 TL,144,120,3 + 1,2,16 Katlı,9. Kat,11 Yaşında,Kombi,Eşyalı Değil,Mülk Sahibi,Kat Mülkiyeti,,,https://www.hepsiemlak.com/istanbul-umraniye-tatlisu-satilik/daire/168520-24
139911-471,Paşa,Şişli,İstanbul,6.900.000 TL,65,55,1 + 1,1,5 Katlı,1. Kat,4 Yaşında,Kombi,Eşyalı Değil,Boş,Yabancıdan,,2.000 TL,https://www.hepsiemlak.com/istanbul-sisli-pasa-satilik/daire/139911-471
2810-8141,Halkalı Merkez,Küçükçekmece,İstanbul,5.800.000 TL,80,65,1 + 1,1,8 Katlı,3. Kat,11 Yaşında,Merkezi (Pay Öl...,Eşyalı Değil,Boş,Kat Mülkiyeti,"Kuzey, Batı",4.111 TL,https://www.hepsiemlak.com/istanbul-kucukcekmece-halkali-merkez-satilik/daire/2810-8141
21218-5090,Siyavuşpaşa,Bahçelievler,İstanbul,4.750.000 TL,115,105,3 + 1,,5 Katlı,4. Kat,40 Yaşında,Kombi,Eşyalı Değil,Mülk Sahibi,Yabancıdan,Güney,250 TL,https://www.hepsiemlak.com/istanbul-bahcelievler-siyavuspasa-satilik/daire/21218-5090
6485-6480,Fulya,Şişli,İstanbul,11.450.000 TL,119,82,1 + 1,1,30 Katlı,17. Kat,26 Yaşında,Merkezi (Pay Öl...,Eşyalı,Boş,Kat Mülkiyeti,Doğu,22.175 TL,https://www.hepsiemlak.com/istanbul-sisli-fulya-satilik/residence/6485-6480
159632-245,Atatürk,Ataşehir,İstanbul,33.000.000 TL,193,128,3 + 1,2,5 Katlı,2. Kat,Sıfır Bina,Merkezi (Pay Öl...,Eşyalı Değil,Boş,Tapu Yok,Güney,,https://www.hepsiemlak.com/istanbul-atasehir-ataturk-satilik/daire/159632-245
87449-4049,Caddebostan,Kadıköy,İstanbul,28.950.000 TL,145,105,3 + 1,2,7 Katlı,4. Kat,Sıfır Bina,Kombi,Eşyalı Değil,Boş,Yabancıdan,"Doğu, Batı",,https://www.hepsiemlak.com/istanbul-kadikoy-caddebostan-satilik/daire/87449-4049
169804-19,Cebeci,Sultangazi,İstanbul,5.600.000 TL,95,85,2 + 1,1,5 Katlı,4. Kat,16 Yaşında,Kombi,Eşyalı Değil,Boş,Kat İrtifakı,Güney,,https://www.hepsiemlak.com/istanbul-sultangazi-cebeci-satilik/daire/169804-19
140021-530,Çınar,Esenyurt,İstanbul,2.999.999 TL,110,105,2 + 1,1,4 Katlı,2. Kat,Sıfır Bina,Kombi,Eşyalı Değil,Boş,Yabancıdan,"Güney, Doğu",,https://www.hepsiemlak.com/istanbul-esenyurt-cinar-satilik/daire/140021-530
142265-446,Çınar,Esenyurt,İstanbul,3.100.000 TL,120,100,2 + 1,1,5 Katlı,Ara Kat,5 Yaşında,Kombi,Eşyalı Değil,Boş,Kat Mülkiyeti,Güney,,https://www.hepsiemlak.com/istanbul-esenyurt-cinar-satilik/daire/142265-446
169857-65,Mimaroba,Büyükçekmece,İstanbul,8.550.000 TL,145,135,3 + 1,2,9 Katlı,Bahçe Katı,16 Yaşında,Kombi,Eşyalı Değil,Boş,Kat Mülkiyeti,Batı,4.600 TL,https://www.hepsiemlak.com/istanbul-buyukcekmece-mimaroba-satilik/daire/169857-65
154076-41,Göktürk Merkez,Eyüpsultan,İstanbul,15.500.000 TL,165,135,3 + 1,2,5 Katlı,4. Kat,6 Yaşında,Kombi,Eşyalı Değil,Mülk Sahibi,Kat Mülkiyeti,Doğu,,https://www.hepsiemlak.com/istanbul-eyupsultan-gokturk-merkez-satilik/daire/154076-41
2137-28751,Küçüksu,Üsküdar,İstanbul,13.500.000 TL,100,85,3 + 1,1,6 Katlı,4. Kat,Sıfır Bina,Merkezi (Pay Öl...,Eşyalı Değil,Boş,Tapu Yok,Güney,1.500 TL,https://www.hepsiemlak.com/istanbul-uskudar-kucuksu-satilik/daire/2137-28751
128306-854,Yeşilova,Küçükçekmece,İstanbul,4.750.000 TL,65,55,2 + 1,1,3 Katlı,Yüksek Giriş,3 Yaşında,Kombi,Eşyalı Değil,Kiracılı,Kat Mülkiyeti,,,https://www.hepsiemlak.com/istanbul-kucukcekmece-yesilova-satilik/daire/128306-854
85708-3865,Güneşli,Bağcılar,İstanbul,4.400.000 TL,75,65,2 + 1,1,1 Katlı,3. Kat,14 Yaşında,Kombi,Eşyalı Değil,Kiracılı,Kat İrtifakı,Güney,,https://www.hepsiemlak.com/istanbul-bagcilar-gunesli-satilik/daire/85708-3865
169563-101,Göztepe,Bağcılar,İstanbul,7.650.000 TL,125,100,2 + 1,1,24 Katlı,2. Kat,11 Yaşında,Merkezi (Pay Öl...,Eşyalı Değil,Boş,Yabancıdan,"Güney, Batı",7.500 TL,https://www.hepsiemlak.com/istanbul-bagcilar-goztepe-satilik/daire/169563-101
164308-84,Kavaklı,Beylikdüzü,İstanbul,6.750.000 TL,116,115,3 + 1,2,8 Katlı,4. Kat,21 Yaşında,Kombi,Eşyalı Değil,Kiracılı,Kat Mülkiyeti,"Kuzey, Güney",,https://www.hepsiemlak.com/istanbul-beylikduzu-kavakli-satilik/daire/164308-84
135098-561,Selami Ali,Üsküdar,İstanbul,17.750.000 TL,220,170,4 + 2,3,4 Katlı,4. Kat,11 Yaşında,Kombi,Eşyalı Değil,Boş,Kat Mülkiyeti,"Kuzey, Batı",200 TL,https://www.hepsiemlak.com/istanbul-uskudar-selami-ali-satilik/daire/135098-561
103805-329,Başakşehir,Başakşehir,İstanbul,12.000.000 TL,160,125,3 + 1,2,21 Katlı,21 ve üzeri,6 Yaşında,Merkezi (Pay Öl...,Eşyalı Değil,Boş,Yabancıdan,"Güney, Doğu",,https://www.hepsiemlak.com/istanbul-basaksehir-basaksehir-satilik/daire/103805-329
148223-8,Ünalan,Üsküdar,İstanbul,14.000.000 TL,115,106,3 + 1,1,7 Katlı,4. Kat,21 Yaşında,Kombi,Eşyalı Değil,Mülk Sahibi,Kat Mülkiyeti,Kuzey,6.000 TL,https://www.hepsiemlak.com/istanbul-uskudar-unalan-satilik/daire/148223-8
135253-951,Erenköy,Kadıköy,İstanbul,22.750.000 TL,125,95,3 + 1,1,9 Katlı,6. Kat,10 Yaşında,Kombi,Eşyalı Değil,Boş,İntifa Hakkı Te...,Güney,,https://www.hepsiemlak.com/istanbul-kadikoy-erenkoy-satilik/daire/135253-951
136915-1967,Çınardere,Pendik,İstanbul,8.100.000 TL,130,110,2 + 2,2,7 Katlı,6. Kat,11 Yaşında,Merkezi (Pay Öl...,Eşyalı Değil,Mülk Sahibi,Kat İrtifakı,"Güney, Doğu, Batı",3.095 TL,https://www.hepsiemlak.com/istanbul-pendik-cinardere-satilik/daire/136915-1967
3995-27622,Madenler,Ümraniye,İstanbul,7.249.000 TL,130,105,3 + 1,1,7 Katlı,Giriş Katı,21 Yaşında,Kombi,Eşyalı Değil,Kiracılı,Kat Mülkiyeti,Batı,1.700 TL,https://www.hepsiemlak.com/istanbul-umraniye-madenler-satilik/daire/3995-27622
109428-227,Marmara,Beylikdüzü,İstanbul,37.500.000 TL,240,185,4 + 1,3,3 Katlı,2. Kat,1 Yaşında,Kombi,Eşyalı Değil,Boş,Kat İrtifakı,"Kuzey, Güney, Doğu, Batı",15.000 TL,https://www.hepsiemlak.com/istanbul-beylikduzu-marmara-satilik/daire/109428-227
159283-69,Abdurrahmangazi,Sancaktepe,İstanbul,7.000.000 TL,100,90,3 + 1,1,5 Katlı,3. Kat,11 Yaşında,Kombi,Eşyalı Değil,Boş,Kat Mülkiyeti,Doğu,400 TL,https://www.hepsiemlak.com/istanbul-sancaktepe-abdurrahmangazi-satilik/daire/159283-69
31303-141064,Ferahevler,Sarıyer,İstanbul,48.000.000 TL,212,202,3 + 1,3,5 Katlı,2. Kat,16 Yaşında,Yerden Isıtma,Eşyalı Değil,Boş,Kat Mülkiyeti,"Güney, Doğu, Batı",,https://www.hepsiemlak.com/istanbul-sariyer-ferahevler-satilik/daire/31303-141064
151853-455,Cumhuriyet,Küçükçekmece,İstanbul,4.450.000 TL,90,80,2 + 1,1,3 Katlı,Bahçe Katı,10 Yaşında,Kombi,Eşyalı Değil,Mülk Sahibi,Kat Mülkiyeti,"Güney, Doğu",500 TL,https://www.hepsiemlak.com/istanbul-kucukcekmece-cumhuriyet-satilik/daire/151853-455
169503-15,Nenehatun,Arnavutköy,İstanbul,3.500.000 TL,55,48,1 + 1,1,4 Katlı,Zemin,Sıfır Bina,Kombi,Eşyalı Değil,Boş,Kat İrtifakı,Güney,,https://www.hepsiemlak.com/istanbul-arnavutkoy-nenehatun-satilik/daire/169503-15
31316-10027,Sultan Murat,Küçükçekmece,İstanbul,5.650.000 TL,75,68,2 + 1,1,4 Katlı,Yüksek Giriş,4 Yaşında,Kombi,Eşyalı Değil,Mülk Sahibi,Kat Mülkiyeti,Kuzey,600 TL,https://www.hepsiemlak.com/istanbul-kucukcekmece-sultan-murat-satilik/daire/31316-10027
140643-653,Cennet,Küçükçekmece,İstanbul,7.250.000 TL,90,80,2 + 1,1,10 Katlı,1. Kat,Sıfır Bina,Kombi,Eşyalı Değil,Boş,Kat Mülkiyeti,"Güney, Doğu",,https://www.hepsiemlak.com/istanbul-kucukcekmece-cennet-satilik/daire/140643-653
133382-727,Adnan Kahveci,Beylikdüzü,İstanbul,6.840.000 TL,145,135,3 + 2,2,4 Katlı,3. Kat,Sıfır Bina,Kombi,Eşyalı Değil,Boş,Yabancıdan,"Güney, Doğu, Batı",,https://www.hepsiemlak.com/istanbul-beylikduzu-adnan-kahveci-satilik/daire/133382-727
167375-42,Velibaba,Pendik,İstanbul,9.750.000 TL,180,155,5 + 1,3,6 Katlı,6. Kat,Sıfır Bina,Kombi,Eşyalı Değil,Boş,Kat Mülkiyeti,"Güney, Doğu, Batı",1.000 TL,https://www.hepsiemlak.com/istanbul-pendik-velibaba-satilik/daire/167375-42
79724-374,Marmara,Beylikdüzü,İstanbul,7.999.000 TL,170,140,3 + 1,2,4 Katlı,3. Kat,3 Yaşında,Kombi,Eşyalı Değil,Boş,Yabancıdan,"Kuzey, Güney, Doğu, Batı",4.000 TL,https://www.hepsiemlak.com/istanbul-beylikduzu-marmara-satilik/daire/79724-374
151785-127,Bağlarbaşı,Maltepe,İstanbul,11.999.000 TL,120,110,2 + 1,2,6 Katlı,5. Kat,2 Yaşında,Merkezi (Pay Öl...,Eşyalı Değil,Boş,Kat Mülkiyeti,Doğu,2.750 TL,https://www.hepsiemlak.com/istanbul-maltepe-baglarbasi-satilik/daire/151785-127
3447-22642,Aydınevler,Maltepe,İstanbul,7.950.000 TL,148,135,3 + 2,2,5 Katlı,4. Kat,6 Yaşında,Kombi,Eşyalı Değil,Kiracılı,Kat İrtifakı,"Güney, Doğu",1.500 TL,https://www.hepsiemlak.com/istanbul-maltepe-aydinevler-satilik/daire/3447-22642
131423-101,Selimpaşa,Silivri,İstanbul,15.500.000 TL,347,295,4 + 1,2,4 Katlı,,1 Yaşında,Kombi,Eşyalı Değil,Boş,Tapu Yok,Güney,,https://www.hepsiemlak.com/istanbul-silivri-selimpasa-satilik/villa/131423-101
130658-530,Murat Reis,Üsküdar,İstanbul,7.550.000 TL,140,130,4 + 1,1,4 Katlı,4. Kat,26 Yaşında,Kombi,Eşyalı Değil,Boş,Kat İrtifakı,,,https://www.hepsiemlak.com/istanbul-uskudar-murat-reis-satilik/daire/130658-530
157979-853,Yavuz Selim,Sultanbeyli,İstanbul,5.050.000 TL,85,75,2 + 1,2,4 Katlı,1. Kat,Sıfır Bina,Yerden Isıtma,Eşyalı Değil,Mülk Sahibi,Kat İrtifakı,"Güney, Doğu, Batı",,https://www.hepsiemlak.com/istanbul-sultanbeyli-yavuz-selim-satilik/daire/157979-853
2150-4765,Altıntepe,Maltepe,İstanbul,11.950.000 TL,90,80,2 + 1,1,4 Katlı,2. Kat,Sıfır Bina,Kombi,Eşyalı Değil,Boş,Tapu Yok,"Güney, Batı",,https://www.hepsiemlak.com/istanbul-maltepe-altintepe-satilik/daire/2150-4765
85342-1223,Göztepe,Bağcılar,İstanbul,5.550.000 TL,140,125,3 + 1,1,1 Katlı,Yüksek Giriş,16 Yaşında,Kombi,Eşyalı Değil,Mülk Sahibi,Arsa,"Güney, Doğu",,https://www.hepsiemlak.com/istanbul-bagcilar-goztepe-satilik/daire/85342-1223
2986-17601,Çınar,Maltepe,İstanbul,17.600.000 TL,160,152,4 + 1,2,5 Katlı,5. Kat,Sıfır Bina,Yerden Isıtma,Eşyalı Değil,Boş,Kat İrtifakı,"Güney, Doğu",,https://www.hepsiemlak.com/istanbul-maltepe-cinar-satilik/daire/2986-17601
75964-3298,Bahçeşehir 2. Kısım,Başakşehir,İstanbul,1.640.000 TL,110,90,2 + 1,1,4 Katlı,Bahçe Katı,6 Yaşında,Kombi,Eşyalı Değil,Boş,Yabancıdan,"Güney, Doğu",250 TL,https://www.hepsiemlak.com/istanbul-basaksehir-bahcesehir-2-kisim-satilik/daire/75964-3298
73262-561,Tepeören,Tuzla,İstanbul,45.000.000 TL,420,320,5 + 2,4,3 Katlı,Bahçe Katı,Sıfır Bina,Yerden Isıtma,Eşyalı Değil,Boş,Tapu Yok,"Kuzey, Güney, Doğu, Batı",,https://www.hepsiemlak.com/istanbul-tuzla-tepeoren-satilik/villa/73262-561
2908-9522,Semizkumlar,Silivri,İstanbul,21.450.000 TL,300,250,4 + 1,2,3 Katlı,,26 Yaşında,Kombi,Eşyalı Değil,Boş,Kat Mülkiyeti,"Güney, Doğu, Batı",4.125 TL,https://www.hepsiemlak.com/istanbul-silivri-semizkumlar-satilik/villa/2908-9522
168945-50,Mimar Sinan,Çekmeköy,İstanbul,17.250.000 TL,170,145,3 + 1,2,7 Katlı,5. Kat,21 Yaşında,Kombi,Eşyalı Değil,Boş,Kat Mülkiyeti,"Güney, Doğu, Batı",6.000 TL,https://www.hepsiemlak.com/istanbul-cekmekoy-mimar-sinan-satilik/daire/168945-50
87282-2158,Cumhuriyet,Bahçelievler,İstanbul,5.450.000 TL,140,130,3 + 1,1,5 Katlı,Bodrum ve Zemin,13 Yaşında,Kombi,Eşyalı Değil,Kiracılı,Kat İrtifakı,Kuzey,,https://www.hepsiemlak.com/istanbul-bahcelievler-cumhuriyet-satilik/daire/87282-2158
2312-25870,Nizam,Adalar,İstanbul,27.900.000 TL,282,150,3 + 2,3,3 Katlı,Bahçe Katı,31 Yaşında,Yerden Isıtma,Eşyalı,Boş,Kat Mülkiyeti,"Doğu, Batı",6.000 TL,https://www.hepsiemlak.com/istanbul-adalar-nizam-satilik/daire/2312-25870
0-46948462,Kurtköy,Pendik,İstanbul,8.100.000 TL,100,85,2 + 1,2,12 Katlı,Ara Kat,7 Yaşında,Kombi,Eşyalı Değil,Kiracılı,Kat Mülkiyeti,Doğu,2.500 TL,https://www.hepsiemlak.com/istanbul-pendik-kurtkoy-satilik/daire/0-46948462
144780-316,Adnan Kahveci,Beylikdüzü,İstanbul,6.600.000 TL,120,95,2 + 1,1,8 Katlı,2. Kat,11 Yaşında,Kombi,Eşyalı Değil,Mülk Sahibi,Kat İrtifakı,,2.500 TL,https://www.hepsiemlak.com/istanbul-beylikduzu-adnan-kahveci-satilik/daire/144780-316
84310-2326,Atakent,Küçükçekmece,İstanbul,31.000.000 TL,198,170,3 + 1,2,4 Katlı,3. Kat,2 Yaşında,Merkezi (Pay Öl...,Eşyalı Değil,Mülk Sahibi,Yabancıdan,"Güney, Doğu",8.000 TL,https://www.hepsiemlak.com/istanbul-kucukcekmece-atakent-satilik/daire/84310-2326
3676-7285,Nisbetiye,Beşiktaş,İstanbul,28.000.000 TL,200,180,5 + 1,2,7 Katlı,7. Kat,31 Yaşında,Merkezi,Eşyalı Değil,Boş,Kat Mülkiyeti,"Doğu, Batı",,https://www.hepsiemlak.com/istanbul-besiktas-nisbetiye-satilik/daire/3676-7285
169547-54,Barış,Beylikdüzü,İstanbul,5.850.000 TL,145,130,3 + 1,2,7 Katlı,4. Kat,21 Yaşında,Kombi,Eşyalı Değil,Boş,Kat İrtifakı,"Güney, Batı",1.500 TL,https://www.hepsiemlak.com/istanbul-beylikduzu-baris-satilik/daire/169547-54
158869-76,Yeşilkent,Esenyurt,İstanbul,2.250.000 TL,72,65,1 + 1,1,30 Katlı,5. Kat,11 Yaşında,Kombi,Eşyalı,Boş,Kat İrtifakı,"Güney, Doğu",,https://www.hepsiemlak.com/istanbul-esenyurt-yesilkent-satilik/daire/158869-76
163640-150,Mithatpaşa,Eyüpsultan,İstanbul,22.500.000 TL,162,123,2 + 1,2,5 Katlı,1. Kat,Sıfır Bina,Merkezi (Pay Öl...,Eşyalı Değil,Boş,Tapu Yok,Doğu,,https://www.hepsiemlak.com/istanbul-eyupsultan-mithatpasa-satilik/daire/163640-150
169999-29,15 Temmuz,Esenler,İstanbul,7.500.000 TL,82,70,2 + 1,1,5 Katlı,Zemin,Sıfır Bina,Merkezi (Pay Öl...,Eşyalı Değil,Boş,Tapu Yok,Doğu,,https://www.hepsiemlak.com/istanbul-esenler-15-temmuz-satilik/daire/169999-29
42720-6391,İcadiye,Üsküdar,İstanbul,5.300.000 TL,90,85,2 + 1,1,4 Katlı,Kot 2,45 Yaşında,Kombi,Eşyalı Değil,Boş,Kat İrtifakı,"Doğu, Batı",250 TL,https://www.hepsiemlak.com/istanbul-uskudar-icadiye-satilik/daire/42720-6391
167506-265,Tahtakale,Avcılar,İstanbul,7.100.000 TL,150,129,4 + 2,2,4 Katlı,4. Kat,2 Yaşında,Kombi,Eşyalı Değil,Boş,Kat İrtifakı,"Güney, Batı",1.000 TL,https://www.hepsiemlak.com/istanbul-avcilar-tahtakale-satilik/daire/167506-265
130177-250,Çırçır,Eyüpsultan,İstanbul,5.500.000 TL,60,50,1 + 1,1,6 Katlı,4. Kat,Sıfır Bina,Kombi,Eşyalı Değil,Boş,Kat İrtifakı,"Güney, Doğu, Batı",,https://www.hepsiemlak.com/istanbul-eyupsultan-circir-satilik/daire/130177-250
162786-95,Yahya Kemal,Kağıthane,İstanbul,6.900.000 TL,85,80,2 + 1,1,7 Katlı,4. Kat,Sıfır Bina,Yerden Isıtma,Eşyalı Değil,Boş,Kat Mülkiyeti,Güney,,https://www.hepsiemlak.com/istanbul-kagithane-yahya-kemal-satilik/daire/162786-95
155531-127,Pınartepe,Büyükçekmece,İstanbul,7.900.000 TL,130,115,3 + 1,2,12 Katlı,11. Kat,6 Yaşında,Kombi,Eşyalı Değil,Boş,Yabancıdan,"Güney, Doğu",3.000 TL,https://www.hepsiemlak.com/istanbul-buyukcekmece-pinartepe-satilik/daire/155531-127
168071-77,Fatih,Sancaktepe,İstanbul,3.000.000 TL,80,65,2 + 1,2,3 Katlı,Yüksek Giriş,6 Yaşında,Kombi,Eşyalı Değil,Boş,Kat İrtifakı,"Kuzey, Güney, Doğu, Batı",,https://www.hepsiemlak.com/istanbul-sancaktepe-fatih-satilik/daire/168071-77
120587-862,Bostancı,Kadıköy,İstanbul,15.350.000 TL,110,85,2 + 1,2,13 Katlı,6. Kat,Sıfır Bina,Kombi,Eşyalı Değil,Boş,Kat Mülkiyeti,"Güney, Doğu",,https://www.hepsiemlak.com/istanbul-kadikoy-bostanci-satilik/daire/120587-862
151234-316,Yenibosna Merkez,Bahçelievler,İstanbul,6.700.000 TL,90,75,2 + 1,1,5 Katlı,Bahçe Katı,6 Yaşında,Kombi,Eşyalı Değil,Kiracılı,Kat Mülkiyeti,,3.800 TL,https://www.hepsiemlak.com/istanbul-bahcelievler-yenibosna-merkez-satilik/daire/151234-316
109630-1232,Talatpaşa,Kağıthane,İstanbul,3.950.000 TL,70,50,1 + 1,1,8 Katlı,5. Kat,5 Yaşında,Merkezi (Pay Öl...,Eşyalı,Boş,Kat İrtifakı,"Kuzey, Güney, Doğu, Batı",1.150 TL,https://www.hepsiemlak.com/istanbul-kagithane-talatpasa-satilik/daire/109630-1232
166704-25,Karlıtepe,Gaziosmanpaşa,İstanbul,7.950.000 TL,219,200,4 + 2,2,3 Katlı,3. Kat,26 Yaşında,Kombi,Eşyalı Değil,,Kat Mülkiyeti,"Kuzey, Güney, Batı",300 TL,https://www.hepsiemlak.com/istanbul-gaziosmanpasa-karlitepe-satilik/daire/166704-25
161043-247,Yenişehir,Pendik,İstanbul,5.850.000 TL,66,50,1 + 1,1,4 Katlı,Giriş Katı,11 Yaşında,Kombi,Eşyalı Değil,Kiracılı,Kat Mülkiyeti,"Doğu, Batı",,https://www.hepsiemlak.com/istanbul-pendik-yenisehir-satilik/daire/161043-247
40658-22797,Kayabaşı,Başakşehir,İstanbul,7.500.000 TL,130,110,2 + 1,2,4 Katlı,Yüksek Giriş,1 Yaşında,Merkezi (Pay Öl...,Eşyalı Değil,Boş,Tapu Yok,"Güney, Doğu",,https://www.hepsiemlak.com/istanbul-basaksehir-kayabasi-satilik/daire/40658-22797
138815-159,Yakuplu,Beylikdüzü,İstanbul,2.429.000 TL,85,75,2 + 1,1,5 Katlı,1. Kat,Sıfır Bina,Kombi,Eşyalı Değil,Boş,Kat Mülkiyeti,"Güney, Doğu",,https://www.hepsiemlak.com/istanbul-beylikduzu-yakuplu-satilik/daire/138815-159
165076-225,Zübeyde Hanım,Sultangazi,İstanbul,4.650.000 TL,110,100,2 + 1,1,5 Katlı,1. Kat,11 Yaşında,Kombi,Eşyalı Değil,Mülk Sahibi,Kat İrtifakı,"Kuzey, Güney",,https://www.hepsiemlak.com/istanbul-sultangazi-zubeyde-hanim-satilik/daire/165076-225
129044-174,Yakacık Çarşı,Kartal,İstanbul,7.430.000 TL,92,70,3 + 1,1,10 Katlı,10. Kat,2 Yaşında,Kombi,Eşyalı Değil,Kiracılı,Kat Mülkiyeti,"Güney, Doğu, Batı",,https://www.hepsiemlak.com/istanbul-kartal-yakacik-carsi-satilik/daire/129044-174
132160-874,Barış,Beylikdüzü,İstanbul,6.350.000 TL,165,135,3 + 1,2,14 Katlı,12. Kat,16 Yaşında,Kombi,Eşyalı Değil,Boş,Kat Mülkiyeti,"Güney, Doğu",,https://www.hepsiemlak.com/istanbul-beylikduzu-baris-satilik/daire/132160-874
54389-3070,İnönü,Sancaktepe,İstanbul,9.350.000 TL,125,100,3 + 1,1,4 Katlı,1. Kat,Sıfır Bina,Kombi,Eşyalı Değil,Boş,Kat Mülkiyeti,,,https://www.hepsiemlak.com/istanbul-sancaktepe-inonu-satilik/daire/54389-3070
77929-3443,Meşrutiyet,Şişli,İstanbul,26.000.000 TL,200,165,3 + 1,2,5 Katlı,3. Kat,29 Yaşında,Kombi,Eşyalı Değil,Boş,Kat Mülkiyeti,"Kuzey, Güney",,https://www.hepsiemlak.com/istanbul-sisli-mesrutiyet-satilik/daire/77929-3443
70127-2224,Güzelyalı,Pendik,İstanbul,1.800.000 TL,70,65,1 + 1,1,5 Katlı,5. Kat,30 Yaşında,Kombi,Eşyalı Değil,Boş,Arsa,"Güney, Doğu, Batı",300 TL,https://www.hepsiemlak.com/istanbul-pendik-guzelyali-satilik/daire/70127-2224
34400-5351,Bostancı,Kadıköy,İstanbul,18.750.000 TL,110,90,3 + 1,1,7 Katlı,2. Kat,4 Yaşında,Kombi,Eşyalı Değil,Boş,Kat Mülkiyeti,"Kuzey, Güney",,https://www.hepsiemlak.com/istanbul-kadikoy-bostanci-satilik/daire/34400-5351
159866-625,Mehmet Akif,Ümraniye,İstanbul,5.250.000 TL,110,78,2 + 1,1,4 Katlı,Yüksek Giriş,16 Yaşında,Kombi,Eşyalı Değil,Mülk Sahibi,Kat İrtifakı,"Güney, Doğu, Batı",,https://www.hepsiemlak.com/istanbul-umraniye-mehmet-akif-satilik/daire/159866-625
168845-30,Adnan Kahveci,Beylikdüzü,İstanbul,11.850.000 TL,300,250,4 + 1,3,7 Katlı,6. Kat,11 Yaşında,Kombi,Eşyalı Değil,Boş,Kat Mülkiyeti,Doğu,2.200 TL,https://www.hepsiemlak.com/istanbul-beylikduzu-adnan-kahveci-satilik/daire/168845-30
62823-8383,Fenerbahçe,Kadıköy,İstanbul,29.950.000 TL,135,100,3 + 1,2,9 Katlı,2. Kat,8 Yaşında,Kombi,Eşyalı Değil,Boş,Kat Mülkiyeti,"Güney, Doğu, Batı",,https://www.hepsiemlak.com/istanbul-kadikoy-fenerbahce-satilik/daire/62823-8383
145691-148,Güzelyurt,Esenyurt,İstanbul,2.500.000 TL,110,100,2 + 1,2,5 Katlı,Giriş Katı,5 Yaşında,Kombi,Eşyalı Değil,Boş,Kat Mülkiyeti,"Güney, Batı",100 TL,https://www.hepsiemlak.com/istanbul-esenyurt-guzelyurt-satilik/daire/145691-148
169030-37,Yeşilpınar,Eyüpsultan,İstanbul,6.500.000 TL,100,90,2 + 1,1,5 Katlı,3. Kat,11 Yaşında,Kombi,Eşyalı Değil,Kiracılı,Kat Mülkiyeti,"Kuzey, Güney, Doğu, Batı",,https://www.hepsiemlak.com/istanbul-eyupsultan-yesilpinar-satilik/daire/169030-37
165589-37,Safa,Sancaktepe,İstanbul,6.470.000 TL,87,68,2 + 1,2,14 Katlı,8. Kat,Sıfır Bina,Merkezi (Pay Öl...,Eşyalı Değil,Boş,Kat Mülkiyeti,"Güney, Doğu, Batı",3.600 TL,https://www.hepsiemlak.com/istanbul-sancaktepe-safa-satilik/daire/165589-37
131017-296,Erenköy,Kadıköy,İstanbul,25.500.000 TL,125,95,3 + 1,1,20 Katlı,10. Kat,8 Yaşında,Merkezi (Pay Öl...,Eşyalı Değil,Mülk Sahibi,Kat Mülkiyeti,"Güney, Batı",,https://www.hepsiemlak.com/istanbul-kadikoy-erenkoy-satilik/daire/131017-296
42096-5813,Erenköy,Kadıköy,İstanbul,28.950.000 TL,135,100,3 + 1,1,8 Katlı,4. Kat,Sıfır Bina,Kombi,Eşyalı Değil,Boş,Kat Mülkiyeti,Güney,,https://www.hepsiemlak.com/istanbul-kadikoy-erenkoy-satilik/daire/42096-5813
3424-341,Erenköy,Kadıköy,İstanbul,34.000.000 TL,170,150,4 + 1,2,11 Katlı,6. Kat,6 Yaşında,Kombi,Eşyalı Değil,Boş,Kat İrtifakı,"Güney, Doğu, Batı",,https://www.hepsiemlak.com/istanbul-kadikoy-erenkoy-satilik/daire/3424-341
123272-392,Cennet,Küçükçekmece,İstanbul,18.500.000 TL,240,200,5 + 1,2,6 Katlı,5. Kat,6 Yaşında,Kombi,Eşyalı Değil,Kiracılı,Kat Mülkiyeti,"Güney, Batı",1.650 TL,https://www.hepsiemlak.com/istanbul-kucukcekmece-cennet-satilik/daire/123272-392
153488-23,Armağanevler,Ümraniye,İstanbul,8.200.000 TL,138,120,3 + 1,1,5 Katlı,2. Kat,21 Yaşında,Kombi,Eşyalı,Mülk Sahibi,Kat İrtifakı,"Kuzey, Güney, Doğu",550 TL,https://www.hepsiemlak.com/istanbul-umraniye-armaganevler-satilik/daire/153488-23
166812-54,Güngören,Çekmeköy,İstanbul,12.500.000 TL,240,190,4 + 2,3,9 Katlı,9. Kat,7 Yaşında,Kombi,Eşyalı Değil,Kiracılı,Kat Mülkiyeti,"Güney, Doğu",600 TL,https://www.hepsiemlak.com/istanbul-cekmekoy-gungoren-satilik/daire/166812-54
165186-364,Gazi,Sultangazi,İstanbul,3.290.000 TL,90,85,2 + 1,1,5 Katlı,Yüksek Giriş,21 Yaşında,Kombi,Eşyalı Değil,Boş,Kat Mülkiyeti,Güney,,https://www.hepsiemlak.com/istanbul-sultangazi-gazi-satilik/daire/165186-364
58182-3558,Altıntepe,Maltepe,İstanbul,11.650.000 TL,150,130,3 + 1,2,4 Katlı,1. Kat,28 Yaşında,Kombi,Eşyalı Değil,Boş,Kat Mülkiyeti,Güney,,https://www.hepsiemlak.com/istanbul-maltepe-altintepe-satilik/daire/58182-3558
129150-566,Çağlayan,Kağıthane,İstanbul,6.500.000 TL,85,65,2 + 1,1,7 Katlı,3. Kat,6 Yaşında,Merkezi (Pay Öl...,Eşyalı Değil,Kiracılı,Kat Mülkiyeti,"Güney, Doğu",1.000 TL,https://www.hepsiemlak.com/istanbul-kagithane-caglayan-satilik/daire/129150-566
139746-717,Suadiye,Kadıköy,İstanbul,33.666.000 TL,125,100,3 + 1,2,9 Katlı,2. Kat,6 Yaşında,Kombi,Eşyalı Değil,Boş,Kat Mülkiyeti,"Güney, Batı",,https://www.hepsiemlak.com/istanbul-kadikoy-suadiye-satilik/daire/139746-717
160213-101,Atatürk,Ümraniye,İstanbul,12.750.000 TL,130,115,3 + 1,2,9 Katlı,9. Kat,7 Yaşında,Kombi,Eşyalı Değil,Boş,Kat Mülkiyeti,"Güney, Doğu, Batı",1.650 TL,https://www.hepsiemlak.com/istanbul-umraniye-ataturk-satilik/daire/160213-101
168539-41,Kemal Türkler,Sancaktepe,İstanbul,7.950.000 TL,140,120,3 + 1,2,4 Katlı,4. Kat,Sıfır Bina,Kombi,Eşyalı Değil,Boş,Kat İrtifakı,"Kuzey, Güney, Doğu, Batı",350 TL,https://www.hepsiemlak.com/istanbul-sancaktepe-kemal-turkler-satilik/daire/168539-41
162184-97,Merdivenköy,Kadıköy,İstanbul,8.750.000 TL,100,90,3 + 1,1,9 Katlı,1. Kat,31 Yaşında,Merkezi,Eşyalı Değil,Boş,Kat Mülkiyeti,"Güney, Doğu",,https://www.hepsiemlak.com/istanbul-kadikoy-merdivenkoy-satilik/daire/162184-97
142540-443,Aydınlı,Tuzla,İstanbul,7.300.000 TL,105,85,2 + 1,2,12 Katlı,4. Kat,Sıfır Bina,Yerden Isıtma,Eşyalı Değil,Boş,Yabancıdan,Güney,4.500 TL,https://www.hepsiemlak.com/istanbul-tuzla-aydinli-satilik/daire/142540-443
140491-273,Kazım Karabekir,Bağcılar,İstanbul,4.200.000 TL,85,80,2 + 1,1,4 Katlı,Yüksek Giriş,24 Yaşında,Kombi,Eşyalı Değil,Kiracılı,Kat İrtifakı,"Güney, Doğu",,https://www.hepsiemlak.com/istanbul-bagcilar-kazim-karabekir-satilik/daire/140491-273
3990-3686,Çınar,Maltepe,İstanbul,12.750.000 TL,154,134,3 + 1,1,5 Katlı,1. Kat,25 Yaşında,Kombi,Eşyalı Değil,Mülk Sahibi,Kat Mülkiyeti,"Güney, Doğu, Batı",,https://www.hepsiemlak.com/istanbul-maltepe-cinar-satilik/daire/3990-3686
163670-234,Fevzi Çakmak,Bağcılar,İstanbul,4.150.000 TL,90,60,1 + 1,1,5 Katlı,Yüksek Giriş,6 Yaşında,Kombi,Eşyalı Değil,Kiracılı,Kat İrtifakı,"Güney, Doğu, Batı",,https://www.hepsiemlak.com/istanbul-bagcilar-fevzi-cakmak-satilik/daire/163670-234
37516-1029,Sinanoba,Büyükçekmece,İstanbul,36.000.000 TL,450,390,8 + 3,3,3 Katlı,Bahçe Katı,21 Yaşında,Kombi,Eşyalı Değil,Boş,Kat Mülkiyeti,"Güney, Doğu",1 TL,https://www.hepsiemlak.com/istanbul-buyukcekmece-sinanoba-satilik/villa/37516-1029
158863-165,Şifa,Tuzla,İstanbul,6.750.000 TL,126,105,3 + 1,1,11 Katlı,Yüksek Giriş,16 Yaşında,Kombi,Eşyalı Değil,Kiracılı,Kat Mülkiyeti,"Kuzey, Batı",2.305 TL,https://www.hepsiemlak.com/istanbul-tuzla-sifa-satilik/daire/158863-165
129657-621,Cihangir,Avcılar,İstanbul,9.425.000 TL,185,170,4 + 2,2,4 Katlı,4. Kat,Sıfır Bina,Kombi,Eşyalı Değil,Boş,Kat İrtifakı,,1 TL,https://www.hepsiemlak.com/istanbul-avcilar-cihangir-satilik/daire/129657-621
169766-28,Sümer,Zeytinburnu,İstanbul,4.160.000 TL,90,85,2 + 1,1,5 Katlı,Zemin,26 Yaşında,Kombi,Eşyalı Değil,Boş,Kat İrtifakı,"Kuzey, Güney, Doğu",,https://www.hepsiemlak.com/istanbul-zeytinburnu-sumer-satilik/daire/169766-28
165215-18,Osmangazi,Sancaktepe,İstanbul,7.500.000 TL,130,110,3 + 1,2,3 Katlı,1. Kat,Sıfır Bina,Kombi,Eşyalı Değil,Boş,Kat Mülkiyeti,,,https://www.hepsiemlak.com/istanbul-sancaktepe-osmangazi-satilik/daire/165215-18
57801-2909,Çamlık,Çekmeköy,İstanbul,4.850.000 TL,85,65,2 + 1,1,4 Katlı,Çatı Katı,11 Yaşında,Kombi,Eşyalı,Kiracılı,Kat Mülkiyeti,"Doğu, Batı",300 TL,https://www.hepsiemlak.com/istanbul-cekmekoy-camlik-satilik/daire/57801-2909
145839-192,Talatpaşa,Kağıthane,İstanbul,8.700.000 TL,126,80,3 + 1,2,14 Katlı,5. Kat,Sıfır Bina,Merkezi (Pay Öl...,Eşyalı Değil,Boş,Kat İrtifakı,"Güney, Doğu",,https://www.hepsiemlak.com/istanbul-kagithane-talatpasa-satilik/residence/145839-192
58568-8163,Kazım Karabekir,Bağcılar,İstanbul,6.875.000 TL,85,75,2 + 1,1,13 Katlı,13. Kat,8 Yaşında,Kombi,Eşyalı Değil,Kiracılı,Kat Mülkiyeti,Güney,2.300 TL,https://www.hepsiemlak.com/istanbul-bagcilar-kazim-karabekir-satilik/daire/58568-8163
165923-53,Bahçeşehir 2. Kısım,Başakşehir,İstanbul,15.800.000 TL,188,140,3 + 1,2,17 Katlı,6. Kat,4 Yaşında,Merkezi (Pay Öl...,Eşyalı,Boş,Yabancıdan,"Güney, Doğu",,https://www.hepsiemlak.com/istanbul-basaksehir-bahcesehir-2-kisim-satilik/daire/165923-53
161120-75,Hürriyet,Bahçelievler,İstanbul,5.500.000 TL,75,70,2 + 1,1,5 Katlı,4. Kat,9 Yaşında,Kombi,Eşyalı Değil,Boş,Kat Mülkiyeti,"Kuzey, Güney, Doğu",400 TL,https://www.hepsiemlak.com/istanbul-bahcelievler-hurriyet-satilik/daire/161120-75
4355-136902,Erenköy,Kadıköy,İstanbul,26.500.000 TL,100,75,2 + 1,2,9 Katlı,5. Kat,Sıfır Bina,Kombi,Eşyalı Değil,Boş,Kat İrtifakı,"Güney, Batı",1.500 TL,https://www.hepsiemlak.com/istanbul-kadikoy-erenkoy-satilik/daire/4355-136902
138055-71,İncirtepe,Esenyurt,İstanbul,4.120.000 TL,130,120,3 + 1,1,5 Katlı,1. Kat,7 Yaşında,Kombi,Eşyalı Değil,Mülk Sahibi,Kat İrtifakı,"Güney, Doğu",250 TL,https://www.hepsiemlak.com/istanbul-esenyurt-incirtepe-satilik/daire/138055-71
170061-14,Cennet,Küçükçekmece,İstanbul,7.200.000 TL,83,70,2 + 1,1,5 Katlı,3. Kat,Sıfır Bina,Kombi,Eşyalı Değil,Boş,Arsa,Güney,,https://www.hepsiemlak.com/istanbul-kucukcekmece-cennet-satilik/daire/170061-14
45748-7797,Kumköy,Sarıyer,İstanbul,45.000.000 TL,298,275,6 + 2,3,2 Katlı,,25 Yaşında,Kombi,Eşyalı Değil,Mülk Sahibi,Müstakil Tapulu,"Kuzey, Güney, Doğu, Batı",,https://www.hepsiemlak.com/istanbul-sariyer-kumkoy-satilik/villa/45748-7797
169660-7,Hacıahmet,Beyoğlu,İstanbul,8.050.000 TL,65,45,1 + 1,1,7 Katlı,7. Kat,5 Yaşında,Merkezi (Pay Öl...,Eşyalı,Boş,Yabancıdan,,8.000 TL,https://www.hepsiemlak.com/istanbul-beyoglu-haciahmet-satilik/daire/169660-7
132217-813,Yakuplu,Beylikdüzü,İstanbul,5.590.000 TL,150,140,3 + 1,2,5 Katlı,Ara Kat,Sıfır Bina,Kombi,Eşyalı Değil,Boş,Kat Mülkiyeti,"Kuzey, Güney, Doğu, Batı",,https://www.hepsiemlak.com/istanbul-beylikduzu-yakuplu-satilik/daire/132217-813
145404-853,Yunus Emre,Sancaktepe,İstanbul,3.648.000 TL,80,75,2 + 1,1,4 Katlı,Yüksek Giriş,6 Yaşında,Kombi,Eşyalı Değil,Mülk Sahibi,Kat Mülkiyeti,Güney,250 TL,https://www.hepsiemlak.com/istanbul-sancaktepe-yunus-emre-satilik/daire/145404-853
168151-11,Kocasinan Merkez,Bahçelievler,İstanbul,7.550.000 TL,120,110,3 + 1,1,5 Katlı,Ara Kat,Sıfır Bina,Kombi,Eşyalı Değil,Boş,Kat Mülkiyeti,Güney,,https://www.hepsiemlak.com/istanbul-bahcelievler-kocasinan-merkez-satilik/daire/168151-11
167496-9,Merkez,Gaziosmanpaşa,İstanbul,5.000.000 TL,135,125,3 + 1,1,3 Katlı,1. Kat,31 Yaşında,Kombi,Eşyalı Değil,Boş,Kat İrtifakı,"Güney, Doğu",100 TL,https://www.hepsiemlak.com/istanbul-gaziosmanpasa-merkez-satilik/daire/167496-9
169910-3,Cumhuriyet,Kartal,İstanbul,9.450.000 TL,110,75,2 + 1,2,26 Katlı,2. Kat,2 Yaşında,Merkezi,Eşyalı,Kiracılı,Yabancıdan,Güney,5.000 TL,https://www.hepsiemlak.com/istanbul-kartal-cumhuriyet-satilik/daire/169910-3
27600-3662,Fatih,Büyükçekmece,İstanbul,51.000.000 TL,700,600,6 + 2,7,4 Katlı,Bahçe Katı,11 Yaşında,Kombi,Eşyalı Değil,Boş,Kat Mülkiyeti,"Kuzey, Güney, Doğu, Batı",,https://www.hepsiemlak.com/istanbul-buyukcekmece-fatih-satilik/villa/27600-3662
169951-6,Güzeltepe,Üsküdar,İstanbul,21.000.000 TL,220,200,5 + 1,2,3 Katlı,3. Kat,21 Yaşında,Kombi,Eşyalı Değil,Mülk Sahibi,Kat İrtifakı,,2.250 TL,https://www.hepsiemlak.com/istanbul-uskudar-guzeltepe-satilik/daire/169951-6
169877-11,Esenevler,Ümraniye,İstanbul,5.200.000 TL,65,50,2 + 1,1,5 Katlı,Giriş Katı,3 Yaşında,Kombi,Eşyalı Değil,Kiracılı,Kat Mülkiyeti,,,https://www.hepsiemlak.com/istanbul-umraniye-esenevler-satilik/daire/169877-11
137450-719,Süleymaniye,Esenyurt,İstanbul,2.749.000 TL,80,75,1 + 1,1,6 Katlı,3. Kat,6 Yaşında,Kombi,Eşyalı Değil,Kiracılı,Kat Mülkiyeti,"Güney, Doğu",,https://www.hepsiemlak.com/istanbul-esenyurt-suleymaniye-satilik/daire/137450-719
54895-1181,Maden,Adalar,İstanbul,8.100.000 TL,87,66,2 + 1,1,3 Katlı,Zemin,27 Yaşında,Kombi,Eşyalı Değil,Boş,Yabancıdan,"Kuzey, Doğu, Batı",,https://www.hepsiemlak.com/istanbul-adalar-maden-satilik/daire/54895-1181
167844-37,Cumhuriyet,Esenyurt,İstanbul,1.670.000 TL,75,70,1 + 1,1,15 Katlı,5. Kat,5 Yaşında,Kombi,Eşyalı Değil,Boş,Yabancıdan,Güney,,https://www.hepsiemlak.com/istanbul-esenyurt-cumhuriyet-satilik/daire/167844-37
147900-42,Hastane,Arnavutköy,İstanbul,5.100.000 TL,200,180,5 + 2,3,5 Katlı,5. Kat,21 Yaşında,Kombi,Eşyalı Değil,Kiracılı,Kat Mülkiyeti,"Kuzey, Güney, Batı",,https://www.hepsiemlak.com/istanbul-arnavutkoy-hastane-satilik/daire/147900-42
60890-1036,Soğanlı,Bahçelievler,İstanbul,9.250.000 TL,160,150,4 + 2,2,4 Katlı,4. Kat,Sıfır Bina,Kombi,Eşyalı Değil,Boş,Kat İrtifakı,Güney,,https://www.hepsiemlak.com/istanbul-bahcelievler-soganli-satilik/daire/60890-1036
169892-4,İstasyon,Tuzla,İstanbul,6.100.000 TL,136,125,3 + 1,2,3 Katlı,1. Kat,26 Yaşında,Kombi,Eşyalı Değil,Mülk Sahibi,Kooperatiften H...,Batı,1.600 TL,https://www.hepsiemlak.com/istanbul-tuzla-istasyon-satilik/daire/169892-4
168411-120,Zafer,Esenyurt,İstanbul,1.630.000 TL,90,75,1 + 1,1,6 Katlı,3. Kat,Sıfır Bina,Kombi,Eşyalı Değil,Boş,Kat Mülkiyeti,Güney,200 TL,https://www.hepsiemlak.com/istanbul-esenyurt-zafer-satilik/daire/168411-120
138425-134,Soğanlı,Bahçelievler,İstanbul,11.850.000 TL,130,110,3 + 1,2,6 Katlı,6. Kat,Sıfır Bina,Kombi,Eşyalı Değil,Boş,Kat Mülkiyeti,"Kuzey, Güney, Doğu, Batı",,https://www.hepsiemlak.com/istanbul-bahcelievler-soganli-satilik/daire/138425-134
166972-10,Aydıntepe,Tuzla,İstanbul,9.450.000 TL,135,88,2 + 1,1,8 Katlı,2. Kat,11 Yaşında,Merkezi (Pay Öl...,Eşyalı Değil,Mülk Sahibi,Kat Mülkiyeti,"Güney, Doğu",5.000 TL,https://www.hepsiemlak.com/istanbul-tuzla-aydintepe-satilik/daire/166972-10
130678-486,Sultan Murat,Küçükçekmece,İstanbul,3.250.000 TL,60,55,2 + 1,1,3 Katlı,Giriş Katı,Sıfır Bina,Yerden Isıtma,Eşyalı Değil,Boş,Kat Mülkiyeti,,250 TL,https://www.hepsiemlak.com/istanbul-kucukcekmece-sultan-murat-satilik/daire/130678-486
164937-128,Esentepe,Kartal,İstanbul,21.499.000 TL,190,127,3 + 1,2,7 Katlı,6. Kat,5 Yaşında,Merkezi (Pay Öl...,Eşyalı Değil,Mülk Sahibi,Kat Mülkiyeti,"Kuzey, Güney, Doğu, Batı",,https://www.hepsiemlak.com/istanbul-kartal-esentepe-satilik/daire/164937-128
138800-477,İstasyon,Tuzla,İstanbul,15.500.000 TL,365,320,5 + 2,3,6 Katlı,5. Kat,Sıfır Bina,Kombi,Eşyalı Değil,Boş,Kat Mülkiyeti,Güney,,https://www.hepsiemlak.com/istanbul-tuzla-istasyon-satilik/daire/138800-477
32820-4644,Mithatpaşa,Eyüpsultan,İstanbul,24.250.000 TL,116,80,2 + 1,2,4 Katlı,Bahçe Katı,Sıfır Bina,Merkezi (Pay Öl...,Eşyalı Değil,Boş,Tapu Yok,Güney,,https://www.hepsiemlak.com/istanbul-eyupsultan-mithatpasa-satilik/daire/32820-4644
169722-2,Altıntepe,Maltepe,İstanbul,13.450.000 TL,130,105,3 + 1,1,6 Katlı,Giriş Katı,11 Yaşında,Kombi,Eşyalı Değil,Kiracılı,Kat Mülkiyeti,"Güney, Batı",1.550 TL,https://www.hepsiemlak.com/istanbul-maltepe-altintepe-satilik/daire/169722-2
62344-1368,Fatih,Sancaktepe,İstanbul,4.850.000 TL,80,73,2 + 1,1,4 Katlı,1. Kat,13 Yaşında,Kombi,Eşyalı Değil,Boş,Kat İrtifakı,"Güney, Batı",250 TL,https://www.hepsiemlak.com/istanbul-sancaktepe-fatih-satilik/daire/62344-1368
21144-10113,Çınar,Maltepe,İstanbul,23.500.000 TL,300,250,4 + 2,3,4 Katlı,En Üst Kat,12 Yaşında,Kombi,,Mülk Sahibi,Kat Mülkiyeti,,1.000 TL,https://www.hepsiemlak.com/istanbul-maltepe-cinar-satilik/daire/21144-10113
76905-524,Ambarlı,Avcılar,İstanbul,5.200.000 TL,100,90,2 + 1,1,4 Katlı,3. Kat,Sıfır Bina,Kombi,Eşyalı Değil,Boş,Kat İrtifakı,"Kuzey, Güney, Batı",,https://www.hepsiemlak.com/istanbul-avcilar-ambarli-satilik/daire/76905-524
139012-937,Kısıklı,Üsküdar,İstanbul,5.150.000 TL,74,72,2 + 1,1,5 Katlı,5. Kat,31 Yaşında,Kombi,Eşyalı Değil,Boş,Kat Mülkiyeti,"Güney, Doğu",,https://www.hepsiemlak.com/istanbul-uskudar-kisikli-satilik/daire/139012-937
133395-425,Sinanoba,Büyükçekmece,İstanbul,12.500.000 TL,150,120,2 + 1,2,2 Katlı,Bahçe Katı,31 Yaşında,Kombi,Eşyalı Değil,Boş,Kat Mülkiyeti,Güney,2.500 TL,https://www.hepsiemlak.com/istanbul-buyukcekmece-sinanoba-satilik/villa/133395-425
164618-20,Adnan Kahveci,Beylikdüzü,İstanbul,6.475.000 TL,180,160,3 + 1,2,14 Katlı,12. Kat,26 Yaşında,Kat Kaloriferi,Eşyalı Değil,Kiracılı,Kat İrtifakı,"Güney, Batı",,https://www.hepsiemlak.com/istanbul-beylikduzu-adnan-kahveci-satilik/daire/164618-20
151891-582,Zafer,Bahçelievler,İstanbul,8.750.000 TL,113,69,2 + 1,1,9 Katlı,2. Kat,Sıfır Bina,Yerden Isıtma,Eşyalı Değil,Boş,Tapu Yok,"Kuzey, Güney, Doğu, Batı",,https://www.hepsiemlak.com/istanbul-bahcelievler-zafer-satilik/daire/151891-582
168717-16,Yakuplu,Beylikdüzü,İstanbul,5.850.000 TL,129,75,3 + 2,2,5 Katlı,Çatı Katı,6 Yaşında,Kombi,Eşyalı,Mülk Sahibi,Kat İrtifakı,"Güney, Doğu, Batı",500 TL,https://www.hepsiemlak.com/istanbul-beylikduzu-yakuplu-satilik/daire/168717-16
1792-36284,Acarlar,Beykoz,İstanbul,285.000.000 TL,1000,830,10 + 0,6,4 Katlı,,26 Yaşında,Kombi,Eşyalı Değil,Mülk Sahibi,Kat Mülkiyeti,Batı,,https://www.hepsiemlak.com/istanbul-beykoz-acarlar-satilik/villa/1792-36284
146350-36,Şirinevler,Bahçelievler,İstanbul,6.950.000 TL,91,78,2 + 1,1,10 Katlı,9. Kat,Sıfır Bina,Yerden Isıtma,Eşyalı Değil,Boş,Kat İrtifakı,"Güney, Doğu",1.000 TL,https://www.hepsiemlak.com/istanbul-bahcelievler-sirinevler-satilik/daire/146350-36
1625-9800,Çengelköy,Üsküdar,İstanbul,31.000.000 TL,120,90,2 + 1,1,4 Katlı,1. Kat,14 Yaşında,Merkezi (Pay Öl...,Eşyalı Değil,Boş,Kat Mülkiyeti,"Kuzey, Doğu, Batı",18.000 TL,https://www.hepsiemlak.com/istanbul-uskudar-cengelkoy-satilik/daire/1625-9800
40554-920,Atatürk,Ataşehir,İstanbul,24.500.000 TL,135,105,3 + 1,2,30 Katlı,11. Kat,13 Yaşında,Kombi,Eşyalı Değil,Boş,Kat Mülkiyeti,"Güney, Doğu, Batı",10.500 TL,https://www.hepsiemlak.com/istanbul-atasehir-ataturk-satilik/residence/40554-920
114809-331,Hürriyet,Kağıthane,İstanbul,5.450.000 TL,105,96,3 + 1,,7 Katlı,4. Kat,4 Yaşında,Merkezi (Pay Öl...,Eşyalı Değil,Boş,Kat İrtifakı,"Güney, Doğu",1.000 TL,https://www.hepsiemlak.com/istanbul-kagithane-hurriyet-satilik/daire/114809-331
33208-6036,Zekeriyaköy,Sarıyer,İstanbul,40.000.000 TL,250,225,4 + 1,2,3 Katlı,Bahçe Katı,11 Yaşında,Kombi,Eşyalı Değil,Boş,Kat Mülkiyeti,"Güney, Doğu, Batı",15.000 TL,https://www.hepsiemlak.com/istanbul-sariyer-zekeriyakoy-satilik/daire/33208-6036
98253-1147,Sinanoba,Büyükçekmece,İstanbul,6.500.000 TL,160,150,3 + 1,1,10 Katlı,7. Kat,20 Yaşında,Kombi,Eşyalı Değil,Kiracılı,Kat Mülkiyeti,Güney,,https://www.hepsiemlak.com/istanbul-buyukcekmece-sinanoba-satilik/daire/98253-1147
167713-25,Merkez,Avcılar,İstanbul,4.500.000 TL,130,110,3 + 1,2,4 Katlı,Giriş Katı,11 Yaşında,Kombi,Eşyalı Değil,Kiracılı,Kat Mülkiyeti,"Doğu, Batı",,https://www.hepsiemlak.com/istanbul-avcilar-merkez-satilik/daire/167713-25
27431-11825,Erenköy,Kadıköy,İstanbul,33.600.000 TL,320,252,4 + 2,2,9 Katlı,9. Kat,12 Yaşında,Merkezi (Pay Öl...,Eşyalı Değil,Boş,Kat Mülkiyeti,"Güney, Doğu, Batı",,https://www.hepsiemlak.com/istanbul-kadikoy-erenkoy-satilik/daire/27431-11825
164651-46,Esenler,Pendik,İstanbul,6.350.000 TL,110,100,3 + 1,1,7 Katlı,1. Kat,6 Yaşında,Kombi,Eşyalı Değil,Boş,Kat İrtifakı,"Kuzey, Güney, Doğu, Batı",1.000 TL,https://www.hepsiemlak.com/istanbul-pendik-esenler-satilik/daire/164651-46
125785-678,Necip Fazıl Kısakürek,Esenyurt,İstanbul,3.425.000 TL,120,110,2 + 1,2,30 Katlı,21 ve üzeri,9 Yaşında,Kombi,Eşyalı Değil,Boş,Kat Mülkiyeti,"Güney, Doğu",,https://www.hepsiemlak.com/istanbul-esenyurt-necip-fazil-kisakurek-satilik/daire/125785-678
45840-3549,Uskumruköy,Sarıyer,İstanbul,54.000.000 TL,356,285,4 + 2,2,4 Katlı,,26 Yaşında,Yerden Isıtma,Eşyalı Değil,Mülk Sahibi,Kat İrtifakı,"Kuzey, Doğu, Batı",17.000 TL,https://www.hepsiemlak.com/istanbul-sariyer-uskumrukoy-satilik/villa/45840-3549
139833-298,Adnan Kahveci,Beylikdüzü,İstanbul,5.450.000 TL,85,75,2 + 1,1,5 Katlı,1. Kat,6 Yaşında,Kombi,Eşyalı Değil,Mülk Sahibi,Kat Mülkiyeti,"Doğu, Batı",2.500 TL,https://www.hepsiemlak.com/istanbul-beylikduzu-adnan-kahveci-satilik/daire/139833-298
6060-44313,Altıntepe,Maltepe,İstanbul,13.750.000 TL,120,100,3 + 1,2,4 Katlı,4. Kat,Sıfır Bina,Kombi,Eşyalı Değil,Boş,Tapu Yok,"Güney, Doğu",1.000 TL,https://www.hepsiemlak.com/istanbul-maltepe-altintepe-satilik/daire/6060-44313
147891-180,Mehterçeşme,Esenyurt,İstanbul,1.999.000 TL,100,90,2 + 1,1,4 Katlı,Yüksek Giriş,6 Yaşında,Kombi,,Boş,Kat Mülkiyeti,"Kuzey, Güney, Doğu, Batı",,https://www.hepsiemlak.com/istanbul-esenyurt-mehtercesme-satilik/daire/147891-180
141464-623,Suadiye,Kadıköy,İstanbul,38.950.000 TL,130,110,3 + 1,2,6 Katlı,4. Kat,6 Yaşında,Kombi,Eşyalı Değil,Boş,Kat Mülkiyeti,"Güney, Batı",,https://www.hepsiemlak.com/istanbul-kadikoy-suadiye-satilik/daire/141464-623
156818-53,Karlıktepe,Kartal,İstanbul,7.250.000 TL,75,57,2 + 1,1,11 Katlı,5. Kat,3 Yaşında,Merkezi (Pay Öl...,Eşyalı Değil,Boş,Kat Mülkiyeti,,,https://www.hepsiemlak.com/istanbul-kartal-karliktepe-satilik/daire/156818-53
157992-117,Merkez,Kağıthane,İstanbul,27.500.000 TL,240,200,5 + 1,3,6 Katlı,6. Kat,6 Yaşında,Merkezi,Eşyalı Değil,Boş,Kat Mülkiyeti,,9.000 TL,https://www.hepsiemlak.com/istanbul-kagithane-merkez-satilik/daire/157992-117
77582-2219,Mehmet Akif Ersoy,Üsküdar,İstanbul,8.640.000 TL,68,55,1 + 1,1,5 Katlı,Zemin,Sıfır Bina,Yerden Isıtma,Eşyalı Değil,Boş,Tapu Yok,,,https://www.hepsiemlak.com/istanbul-uskudar-mehmet-akif-ersoy-satilik/daire/77582-2219
33600-50156,Nisbetiye,Beşiktaş,İstanbul,44.500.000 TL,127,90,2 + 1,2,9 Katlı,3. Kat,11 Yaşında,Merkezi (Pay Öl...,Eşyalı Değil,Boş,Kat Mülkiyeti,Doğu,17.000 TL,https://www.hepsiemlak.com/istanbul-besiktas-nisbetiye-satilik/daire/33600-50156
155815-22,Yıldıztabya,Gaziosmanpaşa,İstanbul,8.800.000 TL,220,195,4 + 2,2,5 Katlı,Teras Katı,16 Yaşında,Kombi,Eşyalı Değil,Kiracılı,Kat İrtifakı,"Kuzey, Güney, Doğu, Batı",500 TL,https://www.hepsiemlak.com/istanbul-gaziosmanpasa-yildiztabya-satilik/daire/155815-22
17468-11021,Barbaros Hayrettin Paşa,Esenyurt,İstanbul,5.300.000 TL,88,83,2 + 1,1,22 Katlı,6. Kat,8 Yaşında,Merkezi (Pay Öl...,Eşyalı Değil,Boş,Kat Mülkiyeti,Güney,,https://www.hepsiemlak.com/istanbul-esenyurt-barbaros-hayrettin-pasa-satilik/daire/17468-11021
139520-261,Gürpınar,Beylikdüzü,İstanbul,6.250.000 TL,125,115,3 + 1,1,6 Katlı,2. Kat,15 Yaşında,Kombi,Eşyalı Değil,Boş,Kat İrtifakı,"Güney, Batı",1.000 TL,https://www.hepsiemlak.com/istanbul-beylikduzu-gurpinar-satilik/daire/139520-261
167955-31,Gürpınar,Beylikdüzü,İstanbul,9.000.000 TL,160,150,3 + 1,2,5 Katlı,2. Kat,6 Yaşında,Kombi,Eşyalı Değil,Mülk Sahibi,Yabancıdan,"Kuzey, Doğu",3.500 TL,https://www.hepsiemlak.com/istanbul-beylikduzu-gurpinar-satilik/daire/167955-31
8525-57345,Esentepe,Şişli,İstanbul,67.500.000 TL,300,250,4 + 1,3,30 Katlı,19. Kat,26 Yaşında,Merkezi (Pay Öl...,Eşyalı Değil,Boş,Yabancıdan,"Güney, Doğu, Batı",,https://www.hepsiemlak.com/istanbul-sisli-esentepe-satilik/residence/8525-57345
46589-3641,Zümrütevler,Maltepe,İstanbul,8.490.000 TL,120,95,2 + 1,1,15 Katlı,14. Kat,6 Yaşında,Kombi,Eşyalı Değil,Boş,Kat İrtifakı,"Güney, Doğu",,https://www.hepsiemlak.com/istanbul-maltepe-zumrutevler-satilik/daire/46589-3641
27231-4008,Göktürk Merkez,Eyüpsultan,İstanbul,4.850.000 TL,90,75,2 + 1,1,4 Katlı,Yarı Bodrum,11 Yaşında,Kombi,Eşyalı Değil,Boş,Kat Mülkiyeti,Batı,,https://www.hepsiemlak.com/istanbul-eyupsultan-gokturk-merkez-satilik/daire/27231-4008
7499-17302,Çengelköy,Üsküdar,İstanbul,28.000.000 TL,400,379,6 + 2,4,4 Katlı,,26 Yaşında,Kombi,Eşyalı Değil,Kiracılı,Kat Mülkiyeti,Güney,,https://www.hepsiemlak.com/istanbul-uskudar-cengelkoy-satilik/villa/7499-17302
138068-1169,Fenerbahçe,Kadıköy,İstanbul,38.500.000 TL,145,105,3 + 1,2,8 Katlı,9. Kat,Sıfır Bina,Kombi,Eşyalı Değil,Boş,Yabancıdan,Güney,,https://www.hepsiemlak.com/istanbul-kadikoy-fenerbahce-satilik/daire/138068-1169
161692-58,Adil,Sultanbeyli,İstanbul,7.600.000 TL,150,130,4 + 1,2,4 Katlı,4. Kat,Sıfır Bina,Kombi,Eşyalı Değil,Boş,Yabancıdan,"Kuzey, Güney, Doğu, Batı",,https://www.hepsiemlak.com/istanbul-sultanbeyli-adil-satilik/daire/161692-58
150119-122,Fatih,Pendik,İstanbul,4.080.000 TL,90,75,2 + 1,2,7 Katlı,7. Kat,11 Yaşında,Kombi,Eşyalı Değil,Mülk Sahibi,Kat İrtifakı,"Kuzey, Doğu",200 TL,https://www.hepsiemlak.com/istanbul-pendik-fatih-satilik/daire/150119-122
112667-282,Tozkoparan,Güngören,İstanbul,12.750.000 TL,122,95,2 + 1,2,7 Katlı,2. Kat,1 Yaşında,Merkezi (Pay Öl...,Eşyalı Değil,Boş,Tapu Yok,"Kuzey, Doğu, Batı",3.750 TL,https://www.hepsiemlak.com/istanbul-gungoren-tozkoparan-satilik/daire/112667-282
123934-138,Akşemsettin,Sultanbeyli,İstanbul,5.550.000 TL,130,110,3 + 1,2,4 Katlı,4. Kat,Sıfır Bina,Kombi,Eşyalı Değil,Boş,Kat İrtifakı,"Kuzey, Doğu",1 TL,https://www.hepsiemlak.com/istanbul-sultanbeyli-aksemsettin-satilik/daire/123934-138
165113-47,Hürriyet,Kartal,İstanbul,6.690.000 TL,110,90,3 + 1,1,5 Katlı,2. Kat,6 Yaşında,Kombi,Eşyalı Değil,Mülk Sahibi,Kat Mülkiyeti,"Kuzey, Güney, Doğu, Batı",500 TL,https://www.hepsiemlak.com/istanbul-kartal-hurriyet-satilik/daire/165113-47
148484-295,Adnan Kahveci,Beylikdüzü,İstanbul,9.950.000 TL,200,160,4 + 1,2,5 Katlı,1. Kat,16 Yaşında,Kombi,Eşyalı Değil,Kiracılı,Kat Mülkiyeti,"Doğu, Batı",4.000 TL,https://www.hepsiemlak.com/istanbul-beylikduzu-adnan-kahveci-satilik/daire/148484-295
71777-1739,Gümüşpala,Avcılar,İstanbul,3.950.000 TL,130,120,3 + 1,1,4 Katlı,Yüksek Giriş,34 Yaşında,Kombi,Eşyalı Değil,Mülk Sahibi,Kat İrtifakı,"Güney, Doğu",200 TL,https://www.hepsiemlak.com/istanbul-avcilar-gumuspala-satilik/daire/71777-1739
42003-7450,Yayalar,Pendik,İstanbul,4.225.000 TL,70,52,1 + 1,1,5 Katlı,4. Kat,6 Yaşında,Kombi,Eşyalı Değil,Boş,Kat Mülkiyeti,Kuzey,600 TL,https://www.hepsiemlak.com/istanbul-pendik-yayalar-satilik/daire/42003-7450
129688-1380,Petroliş,Kartal,İstanbul,5.100.000 TL,130,110,2 + 1,1,6 Katlı,6. Kat,30 Yaşında,Kombi,Eşyalı Değil,Mülk Sahibi,Kat İrtifakı,"Güney, Doğu, Batı",,https://www.hepsiemlak.com/istanbul-kartal-petrolis-satilik/daire/129688-1380
166126-120,Kamiloba,Büyükçekmece,İstanbul,3.300.000 TL,85,75,2 + 1,1,4 Katlı,Çatı Katı,31 Yaşında,Kombi,Eşyalı,Mülk Sahibi,Kat Mülkiyeti,Güney,,https://www.hepsiemlak.com/istanbul-buyukcekmece-kamiloba-satilik/daire/166126-120
25051-1015,Nizam,Adalar,İstanbul,20.000.000 TL,145,120,4 + 1,2,4 Katlı,3. Kat,30 Yaşında,Kombi,Eşyalı Değil,Boş,Kat Mülkiyeti,"Kuzey, Güney, Doğu, Batı",,https://www.hepsiemlak.com/istanbul-adalar-nizam-satilik/daire/25051-1015
127886-206,Kızılca,Şile,İstanbul,38.000.000 TL,250,215,5 + 1,5,3 Katlı,Bahçe Katı,Sıfır Bina,Kombi,Eşyalı Değil,Boş,Kat İrtifakı,"Kuzey, Güney, Doğu, Batı",,https://www.hepsiemlak.com/istanbul-sile-kizilca-satilik/villa/127886-206
30863-10094,Bahçelievler,Bahçelievler,İstanbul,22.500.000 TL,200,190,4 + 2,2,4 Katlı,4. Kat,Sıfır Bina,Kombi,Eşyalı Değil,Boş,Tapu Yok,"Güney, Batı",500 TL,https://www.hepsiemlak.com/istanbul-bahcelievler-bahcelievler-satilik/daire/30863-10094
129856-69,Halkalı Merkez,Küçükçekmece,İstanbul,4.600.000 TL,70,60,2 + 1,1,13 Katlı,Ara Kat,6 Yaşında,Merkezi (Pay Öl...,Eşyalı Değil,Kiracılı,Kat Mülkiyeti,,2.000 TL,https://www.hepsiemlak.com/istanbul-kucukcekmece-halkali-merkez-satilik/daire/129856-69
93181-6201,Sultantepe,Üsküdar,İstanbul,16.500.000 TL,164,139,4 + 1,2,4 Katlı,4. Kat,1 Yaşında,Kombi,Eşyalı Değil,Boş,Tapu Yok,"Güney, Doğu, Batı",,https://www.hepsiemlak.com/istanbul-uskudar-sultantepe-satilik/daire/93181-6201
161076-28,Sultançiftliği,Çekmeköy,İstanbul,4.100.000 TL,70,55,1 + 1,1,5 Katlı,Yüksek Giriş,14 Yaşında,Kombi,Eşyalı Değil,Boş,Kat Mülkiyeti,,400 TL,https://www.hepsiemlak.com/istanbul-cekmekoy-sultanciftligi-satilik/daire/161076-28
60561-1997,Cevizlik,Bakırköy,İstanbul,16.000.000 TL,110,100,3 + 1,2,4 Katlı,1. Kat,1 Yaşında,Kombi,Eşyalı Değil,Boş,Kat İrtifakı,"Güney, Batı",,https://www.hepsiemlak.com/istanbul-bakirkoy-cevizlik-satilik/daire/60561-1997
129391-461,Güzelyurt,Esenyurt,İstanbul,1.575.000 TL,98,75,2 + 1,1,4 Katlı,Bahçe Katı,6 Yaşında,Kombi,Eşyalı Değil,Boş,Kat Mülkiyeti,Güney,250 TL,https://www.hepsiemlak.com/istanbul-esenyurt-guzelyurt-satilik/daire/129391-461
5632-9409,Hürriyet,Kartal,İstanbul,10.900.000 TL,170,125,3 + 1,2,17 Katlı,7. Kat,9 Yaşında,Merkezi (Pay Öl...,Eşyalı Değil,Boş,Kat İrtifakı,"Kuzey, Güney, Doğu",3.750 TL,https://www.hepsiemlak.com/istanbul-kartal-hurriyet-satilik/daire/5632-9409
161682-68,Madenler,Ümraniye,İstanbul,6.357.000 TL,124,97,2 + 1,2,6 Katlı,Yüksek Giriş,16 Yaşında,Kombi,Eşyalı Değil,Mülk Sahibi,Kat Mülkiyeti,Güney,800 TL,https://www.hepsiemlak.com/istanbul-umraniye-madenler-satilik/daire/161682-68
129202-1017,Cumhuriyet,Beylikdüzü,İstanbul,2.250.000 TL,85,75,1 + 1,1,8 Katlı,3. Kat,3 Yaşında,Kombi,Eşyalı Değil,Boş,Yabancıdan,"Doğu, Batı",100 TL,https://www.hepsiemlak.com/istanbul-beylikduzu-cumhuriyet-satilik/daire/129202-1017
9083-4989,Cumhuriyet,Büyükçekmece,İstanbul,11.000.000 TL,240,220,5 + 1,3,4 Katlı,4. Kat,7 Yaşında,Kombi,Eşyalı Değil,Boş,Tapu Yok,Güney,2.000 TL,https://www.hepsiemlak.com/istanbul-buyukcekmece-cumhuriyet-satilik/daire/9083-4989
2608-6790,Şehremini,Fatih,İstanbul,46.500.000 TL,450,430,7 + 3,3,5 Katlı,,35 Yaşında,Kombi,Eşyalı Değil,Kiracılı,Kat İrtifakı,"Kuzey, Güney, Doğu, Batı",,https://www.hepsiemlak.com/istanbul-fatih-sehremini-satilik/bina/2608-6790
155248-41,Çamlık,Pendik,İstanbul,32.500.000 TL,290,250,5 + 1,3,2 Katlı,Bahçe Katı,21 Yaşında,Kombi,,Boş,Kat Mülkiyeti,Güney,5.000 TL,https://www.hepsiemlak.com/istanbul-pendik-camlik-satilik/villa/155248-41
18825-2813,Ortabayır,Kağıthane,İstanbul,8.000.000 TL,75,60,2 + 1,1,4 Katlı,2. Kat,Sıfır Bina,Kombi,Eşyalı Değil,Mülk Sahibi,Kat Mülkiyeti,Güney,150 TL,https://www.hepsiemlak.com/istanbul-kagithane-ortabayir-satilik/daire/18825-2813
77474-2563,İstasyon,Tuzla,İstanbul,6.750.000 TL,250,180,4 + 2,2,4 Katlı,En Üst Kat,27 Yaşında,Kombi,Eşyalı Değil,Kiracılı,Kooperatiften H...,"Güney, Doğu",1.600 TL,https://www.hepsiemlak.com/istanbul-tuzla-istasyon-satilik/daire/77474-2563
150797-38,Yeni Mahalle,Küçükçekmece,İstanbul,4.925.000 TL,130,120,3 + 1,1,6 Katlı,1. Kat,25 Yaşında,Kombi,Eşyalı Değil,Boş,Kat Mülkiyeti,"Güney, Batı",250 TL,https://www.hepsiemlak.com/istanbul-kucukcekmece-yeni-mahalle-satilik/daire/150797-38
61168-10149,Atatürk,Ümraniye,İstanbul,10.740.000 TL,80,70,3 + 1,1,11 Katlı,4. Kat,5 Yaşında,Kombi,Eşyalı Değil,Mülk Sahibi,Kat Mülkiyeti,"Kuzey, Güney, Doğu",,https://www.hepsiemlak.com/istanbul-umraniye-ataturk-satilik/daire/61168-10149
2431-7744,Merkez,Şişli,İstanbul,11.500.000 TL,135,120,3 + 1,2,6 Katlı,4. Kat,35 Yaşında,Kombi,Eşyalı,Boş,Kat Mülkiyeti,"Doğu, Batı",,https://www.hepsiemlak.com/istanbul-sisli-merkez-satilik/daire/2431-7744
13735-9390,Küçükbakkalköy,Ataşehir,İstanbul,10.000.000 TL,95,80,2 + 1,1,10 Katlı,8. Kat,15 Yaşında,Kombi,Eşyalı Değil,Mülk Sahibi,Kat İrtifakı,"Güney, Doğu",,https://www.hepsiemlak.com/istanbul-atasehir-kucukbakkalkoy-satilik/daire/13735-9390
60157-3805,Mimar Sinan,Çekmeköy,İstanbul,11.600.000 TL,175,140,3 + 2,1,3 Katlı,3. Kat,11 Yaşında,Kombi,Eşyalı Değil,Mülk Sahibi,Kat Mülkiyeti,"Güney, Doğu, Batı",,https://www.hepsiemlak.com/istanbul-cekmekoy-mimar-sinan-satilik/daire/60157-3805
73663-6037,Yeni Mahalle,Küçükçekmece,İstanbul,3.390.000 TL,80,75,2 + 1,1,3 Katlı,Bahçe Katı,9 Yaşında,Kombi,,Kiracılı,Kat Mülkiyeti,"Güney, Batı",300 TL,https://www.hepsiemlak.com/istanbul-kucukcekmece-yeni-mahalle-satilik/daire/73663-6037
61811-2234,Yeni Mahalle,Küçükçekmece,İstanbul,"11.300.000
TL",200,170,4 + 2,2,4 Katlı,4. Kat,3 Yaşında,Kombi,Eşyalı Değil,Kiracılı,Kat Mülkiyeti,"Kuzey, Batı",,https://www.hepsiemlak.com/istanbul-kucukcekmece-yeni-mahalle-satilik/daire/61811-2234
169255-15,Ziya Gökalp,Başakşehir,İstanbul,9.850.000 TL,105,75,2 + 1,1,24 Katlı,10. Kat,11 Yaşında,Merkezi (Pay Öl...,Eşyalı Değil,Boş,Yabancıdan,Kuzey,,https://www.hepsiemlak.com/istanbul-basaksehir-ziya-gokalp-satilik/residence/169255-15
80557-1261,Silivrikapı,Fatih,İstanbul,5.700.000 TL,90,85,2 + 1,1,4 Katlı,Ara Kat,40 Yaşında,Kombi,Eşyalı Değil,Kiracılı,Kat Mülkiyeti,"Kuzey, Güney",200 TL,https://www.hepsiemlak.com/istanbul-fatih-silivrikapi-satilik/daire/80557-1261
1739-6832,Bahçelievler,Bahçelievler,İstanbul,14.250.000 TL,98,85,2 + 1,1,4 Katlı,2. Kat,Sıfır Bina,Kombi,Eşyalı Değil,Boş,Kat İrtifakı,"Kuzey, Batı",,https://www.hepsiemlak.com/istanbul-bahcelievler-bahcelievler-satilik/daire/1739-6832
109158-3858,Esentepe,Sultangazi,İstanbul,7.800.000 TL,140,130,3 + 1,2,6 Katlı,2. Kat,Sıfır Bina,Kombi,Eşyalı Değil,Boş,Kat İrtifakı,"Güney, Doğu, Batı",,https://www.hepsiemlak.com/istanbul-sultangazi-esentepe-satilik/daire/109158-3858
60623-619,Güven,Güngören,İstanbul,8.200.000 TL,100,85,2 + 0,1,2 Katlı,Ara Kat,2 Yaşında,Kombi,Eşyalı Değil,Boş,Kat İrtifakı,"Doğu, Batı",,https://www.hepsiemlak.com/istanbul-gungoren-guven-satilik/daire/60623-619
73540-12065,İçerenköy,Ataşehir,İstanbul,7.500.000 TL,85,70,2 + 1,2,4 Katlı,2. Kat,6 Yaşında,Kombi,Eşyalı Değil,Kiracılı,Kat Mülkiyeti,Güney,,https://www.hepsiemlak.com/istanbul-atasehir-icerenkoy-satilik/daire/73540-12065
32818-359,Atatürk,Sancaktepe,İstanbul,11.500.000 TL,142,115,3 + 1,2,5 Katlı,Bahçe Katı,16 Yaşında,Kombi,Eşyalı Değil,Boş,Kat Mülkiyeti,,4.212 TL,https://www.hepsiemlak.com/istanbul-sancaktepe-ataturk-satilik/daire/32818-359
63848-3615,Mecidiyeköy,Şişli,İstanbul,8.000.000 TL,125,115,3 + 1,1,4 Katlı,2. Kat,32 Yaşında,Merkezi (Pay Öl...,Eşyalı Değil,Kiracılı,Kat İrtifakı,"Güney, Batı",500 TL,https://www.hepsiemlak.com/istanbul-sisli-mecidiyekoy-satilik/daire/63848-3615
1077-67482,Göztepe,Kadıköy,İstanbul,26.500.000 TL,135,100,3 + 1,2,13 Katlı,6. Kat,11 Yaşında,Kombi,Eşyalı Değil,Mülk Sahibi,Kat Mülkiyeti,,,https://www.hepsiemlak.com/istanbul-kadikoy-goztepe-satilik/daire/1077-67482
114218-3307,Yenibosna Merkez,Bahçelievler,İstanbul,18.500.000 TL,205,155,2 + 1,3,12 Katlı,Bahçe Katı,6 Yaşında,Merkezi (Pay Öl...,Eşyalı Değil,Boş,Yabancıdan,Kuzey,10.000 TL,https://www.hepsiemlak.com/istanbul-bahcelievler-yenibosna-merkez-satilik/daire/114218-3307
101422-449,Çamçeşme,Pendik,İstanbul,6.050.000 TL,90,85,2 + 1,1,6 Katlı,3. Kat,Sıfır Bina,Kombi,Eşyalı Değil,Boş,Yabancıdan,"Güney, Doğu, Batı",750 TL,https://www.hepsiemlak.com/istanbul-pendik-camcesme-satilik/daire/101422-449
6299-6056,Kozyatağı,Kadıköy,İstanbul,14.450.000 TL,105,76,2 + 1,1,8 Katlı,8. Kat,8 Yaşında,Kombi,Eşyalı Değil,Mülk Sahibi,Kat Mülkiyeti,"Güney, Doğu",2.400 TL,https://www.hepsiemlak.com/istanbul-kadikoy-kozyatagi-satilik/daire/6299-6056
86673-5023,Hürriyet,Bahçelievler,İstanbul,8.500.000 TL,150,145,4 + 1,2,5 Katlı,5. Kat,Sıfır Bina,Kombi,Eşyalı Değil,Boş,Kat Mülkiyeti,Güney,,https://www.hepsiemlak.com/istanbul-bahcelievler-hurriyet-satilik/daire/86673-5023
101119-323,Fındıklı,Maltepe,İstanbul,6.350.000 TL,110,90,3 + 1,2,5 Katlı,Bahçe Katı,6 Yaşında,Kombi,Eşyalı Değil,Boş,Kat İrtifakı,Güney,700 TL,https://www.hepsiemlak.com/istanbul-maltepe-findikli-satilik/daire/101119-323
140403-88,Taşoluk,Arnavutköy,İstanbul,5.350.000 TL,90,85,2 + 1,1,4 Katlı,3. Kat,Sıfır Bina,Kombi,Eşyalı Değil,Boş,Kat İrtifakı,"Güney, Doğu",,https://www.hepsiemlak.com/istanbul-arnavutkoy-tasoluk-satilik/daire/140403-88
6680-23928,Merkez,Avcılar,İstanbul,11.600.000 TL,250,240,6 + 2,2,5 Katlı,5. Kat,Sıfır Bina,Kombi,Eşyalı Değil,Boş,Kat Mülkiyeti,"Güney, Doğu",,https://www.hepsiemlak.com/istanbul-avcilar-merkez-satilik/daire/6680-23928
118437-331,Halil Rıfat Paşa,Şişli,İstanbul,19.500.000 TL,122,107,3 + 1,1,5 Katlı,Bahçe Katı,11 Yaşında,Kombi,Eşyalı Değil,Mülk Sahibi,Kat Mülkiyeti,"Güney, Doğu",500 TL,https://www.hepsiemlak.com/istanbul-sisli-halil-rifat-pasa-satilik/daire/118437-331
22784-6187,Aziz Mahmut Hüdayi,Üsküdar,İstanbul,7.850.000 TL,100,80,3 + 1,2,5 Katlı,Bodrum ve Zemin,Sıfır Bina,Yerden Isıtma,Eşyalı Değil,Boş,Kat İrtifakı,Batı,,https://www.hepsiemlak.com/istanbul-uskudar-aziz-mahmut-hudayi-satilik/daire/22784-6187
104328-709,Aşık Veysel,Esenyurt,İstanbul,8.250.000 TL,156,144,4 + 1,2,7 Katlı,Giriş Katı,21 Yaşında,Merkezi (Pay Öl...,Eşyalı Değil,Mülk Sahibi,Kat Mülkiyeti,"Güney, Batı",,https://www.hepsiemlak.com/istanbul-esenyurt-asik-veysel-satilik/daire/104328-709
65181-4884,Suadiye,Kadıköy,İstanbul,44.825.000 TL,270,210,4 + 1,2,8 Katlı,Ara Kat,35 Yaşında,Merkezi (Pay Öl...,Eşyalı Değil,Boş,Kat Mülkiyeti,"Kuzey, Güney, Doğu, Batı",18.000 TL,https://www.hepsiemlak.com/istanbul-kadikoy-suadiye-satilik/daire/65181-4884
19404-5724,Cami,Tuzla,İstanbul,15.500.000 TL,200,160,3 + 2,2,3 Katlı,Bahçe Katı,31 Yaşında,Kombi,Eşyalı Değil,Boş,Tapu Yok,Güney,,https://www.hepsiemlak.com/istanbul-tuzla-cami-satilik/villa/19404-5724
169573-16,Yenidoğan,Sancaktepe,İstanbul,3.300.000 TL,125,110,2 + 1,1,4 Katlı,Yüksek Giriş,5 Yaşında,Kombi,Eşyalı Değil,Boş,Yabancıdan,Güney,,https://www.hepsiemlak.com/istanbul-sancaktepe-yenidogan-satilik/daire/169573-16
91887-4897,Bahçelievler,Bahçelievler,İstanbul,28.500.000 TL,360,320,7 + 1,3,3 Katlı,3. Kat,5 Yaşında,Kombi,Eşyalı Değil,Boş,Kat Mülkiyeti,"Kuzey, Güney, Doğu, Batı",2.000 TL,https://www.hepsiemlak.com/istanbul-bahcelievler-bahcelievler-satilik/daire/91887-4897
62640-1406,Güzelyurt,Esenyurt,İstanbul,6.250.000 TL,120,100,2 + 1,1,5 Katlı,2. Kat,Sıfır Bina,Kombi,Eşyalı Değil,Boş,Kat Mülkiyeti,"Güney, Doğu",,https://www.hepsiemlak.com/istanbul-esenyurt-guzelyurt-satilik/daire/62640-1406
10557-4021,Bahçeşehir 2. Kısım,Başakşehir,İstanbul,6.250.000 TL,155,145,3 + 1,1,7 Katlı,4. Kat,20 Yaşında,Kombi,Eşyalı Değil,Kiracılı,Kat İrtifakı,"Güney, Doğu, Batı",400 TL,https://www.hepsiemlak.com/istanbul-basaksehir-bahcesehir-2-kisim-satilik/daire/10557-4021
43593-440,Ortaköy,Beşiktaş,İstanbul,55.000.000 TL,245,210,5 + 1,2,5 Katlı,2. Kat,16 Yaşında,Merkezi (Pay Öl...,Eşyalı Değil,Kiracılı,Kat Mülkiyeti,"Güney, Batı",9.000 TL,https://www.hepsiemlak.com/istanbul-besiktas-ortakoy-satilik/daire/43593-440
24435-4651,Talatpaşa,Kağıthane,İstanbul,5.900.000 TL,90,60,2 + 1,1,14 Katlı,1. Kat,Sıfır Bina,Merkezi (Pay Öl...,Eşyalı Değil,Boş,Kat İrtifakı,,6.190 TL,https://www.hepsiemlak.com/istanbul-kagithane-talatpasa-satilik/residence/24435-4651
5700-2631,Caferağa,Kadıköy,İstanbul,8.650.000 TL,99,82,2 + 1,1,5 Katlı,3. Kat,31 Yaşında,Kombi,Eşyalı Değil,Boş,Kat Mülkiyeti,"Doğu, Batı",,https://www.hepsiemlak.com/istanbul-kadikoy-caferaga-satilik/daire/5700-2631
35033-4865,19 Mayıs,Kadıköy,İstanbul,14.800.000 TL,80,70,2 + 0,1,6 Katlı,2. Kat,11 Yaşında,Kombi,Eşyalı Değil,Mülk Sahibi,Kat Mülkiyeti,"Güney, Batı",,https://www.hepsiemlak.com/istanbul-kadikoy-19-mayis-satilik/daire/35033-4865
42804-1798,Merkez,Kağıthane,İstanbul,6.500.000 TL,85,70,1 + 1,,5 Katlı,Ara Kat,18 Yaşında,Kombi,Eşyalı,Mülk Sahibi,Kat İrtifakı,"Kuzey, Güney, Doğu, Batı",,https://www.hepsiemlak.com/istanbul-kagithane-merkez-satilik/daire/42804-1798
16076-539,Mevlana,Gaziosmanpaşa,İstanbul,17.000.000 TL,136,110,3 + 1,2,21 Katlı,Ara Kat,5 Yaşında,Kombi,Eşyalı,Mülk Sahibi,Kat Mülkiyeti,Güney,4.500 TL,https://www.hepsiemlak.com/istanbul-gaziosmanpasa-mevlana-satilik/daire/16076-539
123349-186,Osmanağa,Kadıköy,İstanbul,13.500.000 TL,104,76,2 + 1,1,6 Katlı,Yüksek Giriş,1 Yaşında,Kombi,Eşyalı Değil,Boş,Kat Mülkiyeti,"Güney, Doğu",150 TL,https://www.hepsiemlak.com/istanbul-kadikoy-osmanaga-satilik/daire/123349-186
160760-240,Ambarlı,Avcılar,İstanbul,6.200.000 TL,95,85,2 + 1,1,5 Katlı,1. Kat,Sıfır Bina,Kombi,Eşyalı Değil,Boş,Kat İrtifakı,"Güney, Doğu",,https://www.hepsiemlak.com/istanbul-avcilar-ambarli-satilik/daire/160760-240
7628-4183,Bostancı,Kadıköy,İstanbul,15.350.000 TL,95,75,2 + 1,1,12 Katlı,6. Kat,Sıfır Bina,Merkezi (Pay Öl...,Eşyalı Değil,Boş,Kat İrtifakı,"Güney, Doğu",,https://www.hepsiemlak.com/istanbul-kadikoy-bostanci-satilik/daire/7628-4183
107582-4705,Karadolap,Eyüpsultan,İstanbul,6.450.000 TL,160,130,3 + 1,1,5 Katlı,Bahçe Katı,11 Yaşında,Kombi,Eşyalı Değil,Mülk Sahibi,Kat İrtifakı,Batı,400 TL,https://www.hepsiemlak.com/istanbul-eyupsultan-karadolap-satilik/daire/107582-4705
123596-291,Taşoluk,Arnavutköy,İstanbul,5.620.000 TL,95,85,2 + 1,1,4 Katlı,Ara Kat,Sıfır Bina,Kombi,Eşyalı Değil,Boş,Kat İrtifakı,"Güney, Doğu, Batı",300 TL,https://www.hepsiemlak.com/istanbul-arnavutkoy-tasoluk-satilik/daire/123596-291
16521-1887,Ünalan,Üsküdar,İstanbul,14.900.000 TL,198,170,5 + 1,3,9 Katlı,9. Kat,33 Yaşında,Merkezi,Eşyalı Değil,Kiracılı,Kat Mülkiyeti,"Güney, Doğu, Batı",,https://www.hepsiemlak.com/istanbul-uskudar-unalan-satilik/daire/16521-1887
169563-100,Göztepe,Bağcılar,İstanbul,10.400.000 TL,152,120,2 + 1,2,21 Katlı,10. Kat,11 Yaşında,Merkezi (Pay Öl...,Eşyalı Değil,Boş,Yabancıdan,"Kuzey, Batı",7.500 TL,https://www.hepsiemlak.com/istanbul-bagcilar-goztepe-satilik/daire/169563-100
79202-1379,Örnek,Ataşehir,İstanbul,8.400.000 TL,95,75,2 + 1,1,2 Katlı,1. Kat,16 Yaşında,Kombi,Eşyalı Değil,Mülk Sahibi,Kat İrtifakı,"Kuzey, Batı",,https://www.hepsiemlak.com/istanbul-atasehir-ornek-satilik/daire/79202-1379
165223-135,Akevler,Esenyurt,İstanbul,6.200.000 TL,110,100,3 + 1,2,10 Katlı,3. Kat,5 Yaşında,Kombi,Eşyalı Değil,Boş,Kat Mülkiyeti,"Kuzey, Güney, Doğu, Batı",,https://www.hepsiemlak.com/istanbul-esenyurt-akevler-satilik/daire/165223-135
162786-94,Yahya Kemal,Kağıthane,İstanbul,12.100.000 TL,160,150,3 + 2,2,7 Katlı,6. Kat,Sıfır Bina,Yerden Isıtma,Eşyalı Değil,Boş,Kat Mülkiyeti,Güney,,https://www.hepsiemlak.com/istanbul-kagithane-yahya-kemal-satilik/daire/162786-94
142265-445,Çınar,Esenyurt,İstanbul,2.990.000 TL,120,95,2 + 1,1,5 Katlı,Ara Kat,9 Yaşında,Kombi,Eşyalı Değil,Boş,Kat Mülkiyeti,Güney,,https://www.hepsiemlak.com/istanbul-esenyurt-cinar-satilik/daire/142265-445
140643-652,Gültepe,Küçükçekmece,İstanbul,9.000.000 TL,150,140,3 + 1,2,3 Katlı,3. Kat,Sıfır Bina,Kombi,Eşyalı Değil,Boş,Kat Mülkiyeti,"Güney, Doğu",300 TL,https://www.hepsiemlak.com/istanbul-kucukcekmece-gultepe-satilik/daire/140643-652
87449-4048,Suadiye,Kadıköy,İstanbul,26.500.000 TL,140,105,3 + 1,2,10 Katlı,4. Kat,6 Yaşında,Merkezi (Pay Öl...,Eşyalı Değil,Boş,Yabancıdan,Güney,,https://www.hepsiemlak.com/istanbul-kadikoy-suadiye-satilik/daire/87449-4048
168150-490,Altıntepe,Maltepe,İstanbul,9.950.000 TL,90,80,2 + 1,1,4 Katlı,2. Kat,6 Yaşında,Kombi,Eşyalı Değil,Boş,Kat Mülkiyeti,"Güney, Doğu, Batı",,https://www.hepsiemlak.com/istanbul-maltepe-altintepe-satilik/daire/168150-490
40658-22793,Dikilitaş,Beşiktaş,İstanbul,17.500.000 TL,85,75,2 + 1,2,5 Katlı,4. Kat,3 Yaşında,Yerden Isıtma,Eşyalı Değil,Kiracılı,Kat Mülkiyeti,"Güney, Doğu",6.600 TL,https://www.hepsiemlak.com/istanbul-besiktas-dikilitas-satilik/daire/40658-22793
168845-29,Adnan Kahveci,Beylikdüzü,İstanbul,11.850.000 TL,300,250,5 + 2,3,7 Katlı,6. Kat,11 Yaşında,Kombi,Eşyalı Değil,Boş,Kat Mülkiyeti,Doğu,2.200 TL,https://www.hepsiemlak.com/istanbul-beylikduzu-adnan-kahveci-satilik/daire/168845-29
135253-941,Suadiye,Kadıköy,İstanbul,19.950.000 TL,110,80,2 + 1,1,3 Katlı,Bahçe Katı,50 Yaşında,Merkezi,Eşyalı Değil,Boş,Dernekten/Vakıf...,Güney,,https://www.hepsiemlak.com/istanbul-kadikoy-suadiye-satilik/daire/135253-941
165186-363,Yunus Emre,Sultangazi,İstanbul,3.950.000 TL,90,85,2 + 1,1,5 Katlı,Giriş Katı,5 Yaşında,Kombi,Eşyalı Değil,Mülk Sahibi,Kat İrtifakı,Güney,,https://www.hepsiemlak.com/istanbul-sultangazi-yunus-emre-satilik/daire/165186-363
25872-520,Merkez,Kağıthane,İstanbul,7.600.000 TL,95,90,2 + 1,1,7 Katlı,Yüksek Giriş,6 Yaşında,Kombi,Eşyalı Değil,Kiracılı,Kat İrtifakı,Güney,200 TL,https://www.hepsiemlak.com/istanbul-kagithane-merkez-satilik/daire/25872-520
164129-165,Tahtakale,Avcılar,İstanbul,11.850.000 TL,183,150,3 + 1,2,14 Katlı,3. Kat,11 Yaşında,Kombi,Eşyalı Değil,Mülk Sahibi,Kat Mülkiyeti,"Güney, Doğu, Batı",,https://www.hepsiemlak.com/istanbul-avcilar-tahtakale-satilik/daire/164129-165
139746-715,Caddebostan,Kadıköy,İstanbul,31.750.000 TL,130,105,3 + 1,2,8 Katlı,3. Kat,12 Yaşında,Kombi,Eşyalı Değil,Boş,Kat Mülkiyeti,"Güney, Doğu, Batı",,https://www.hepsiemlak.com/istanbul-kadikoy-caddebostan-satilik/daire/139746-715
102799-1508,Atakent,Küçükçekmece,İstanbul,16.500.000 TL,200,196,4 + 1,3,14 Katlı,12. Kat,18 Yaşında,Kombi,Eşyalı Değil,Boş,Yabancıdan,"Kuzey, Batı",5.800 TL,https://www.hepsiemlak.com/istanbul-kucukcekmece-atakent-satilik/daire/102799-1508
2150-4755,Altıntepe,Maltepe,İstanbul,8.750.000 TL,85,70,2 + 1,1,4 Katlı,Giriş Katı,8 Yaşında,Kombi,Eşyalı Değil,Mülk Sahibi,Kat Mülkiyeti,"Güney, Doğu, Batı",,https://www.hepsiemlak.com/istanbul-maltepe-altintepe-satilik/daire/2150-4755
3990-3680,Altıntepe,Maltepe,İstanbul,13.750.000 TL,125,102,3 + 1,2,4 Katlı,4. Kat,Sıfır Bina,Kombi,Eşyalı Değil,Boş,Kat İrtifakı,"Güney, Batı",,https://www.hepsiemlak.com/istanbul-maltepe-altintepe-satilik/daire/3990-3680
124190-569,Akevler,Esenyurt,İstanbul,6.150.000 TL,140,130,3 + 1,1,18 Katlı,3. Kat,10 Yaşında,Klima,Eşyalı Değil,Boş,Yabancıdan,"Güney, Doğu",,https://www.hepsiemlak.com/istanbul-esenyurt-akevler-satilik/daire/124190-569
142540-437,Mimar Sinan,Sultanbeyli,İstanbul,6.500.000 TL,90,80,2 + 1,1,7 Katlı,2. Kat,Sıfır Bina,Yerden Isıtma,Eşyalı Değil,Boş,Yabancıdan,Güney,500 TL,https://www.hepsiemlak.com/istanbul-sultanbeyli-mimar-sinan-satilik/daire/142540-437
139911-465,Bozkurt,Şişli,İstanbul,6.650.000 TL,130,110,3 + 1,2,5 Katlı,Bahçe Katı,20 Yaşında,Kombi,Eşyalı Değil,Mülk Sahibi,Kat Mülkiyeti,,400 TL,https://www.hepsiemlak.com/istanbul-sisli-bozkurt-satilik/daire/139911-465
70127-2179,Güzelyalı,Pendik,İstanbul,6.500.000 TL,190,180,4 + 5,2,4 Katlı,En Üst Kat,15 Yaşında,Kombi,Eşyalı Değil,Mülk Sahibi,Kat İrtifakı,"Güney, Doğu, Batı",300 TL,https://www.hepsiemlak.com/istanbul-pendik-guzelyali-satilik/daire/70127-2179
169481-29,Çamlık,Pendik,İstanbul,7.500.000 TL,130,120,3 + 1,1,6 Katlı,3. Kat,21 Yaşında,Kombi,Eşyalı Değil,Boş,Kat Mülkiyeti,"Güney, Doğu, Batı",,https://www.hepsiemlak.com/istanbul-pendik-camlik-satilik/daire/169481-29
163670-228,Havaalanı,Esenler,İstanbul,3.900.000 TL,90,75,2 + 1,1,5 Katlı,Bahçe Katı,6 Yaşında,Kombi,Eşyalı Değil,Boş,Kat Mülkiyeti,"Güney, Doğu, Batı",,https://www.hepsiemlak.com/istanbul-esenler-havaalani-satilik/daire/163670-228
158869-67,Bağlarçeşme,Esenyurt,İstanbul,5.200.000 TL,148,136,3 + 1,1,4 Katlı,2. Kat,16 Yaşında,Kombi,Eşyalı Değil,Boş,Kat İrtifakı,"Güney, Doğu",,https://www.hepsiemlak.com/istanbul-esenyurt-baglarcesme-satilik/daire/158869-67
112177-218,Adnan Kahveci,Beylikdüzü,İstanbul,6.900.000 TL,200,190,3 + 2,2,4 Katlı,4. Kat,Sıfır Bina,Kombi,Eşyalı Değil,Boş,Kat Mülkiyeti,Güney,,https://www.hepsiemlak.com/istanbul-beylikduzu-adnan-kahveci-satilik/daire/112177-218
168071-66,Çavuşoğlu,Kartal,İstanbul,4.450.000 TL,90,75,2 + 1,1,4 Katlı,4. Kat,26 Yaşında,Kombi,Eşyalı Değil,Kiracılı,Kat Mülkiyeti,"Kuzey, Güney, Doğu, Batı",,https://www.hepsiemlak.com/istanbul-kartal-cavusoglu-satilik/daire/168071-66
4355-136895,Armağanevler,Ümraniye,İstanbul,3.000.000 TL,60,45,1 + 1,1,3 Katlı,Kot 1,15 Yaşında,Kombi,Eşyalı Değil,Kiracılı,Kat İrtifakı,Güney,500 TL,https://www.hepsiemlak.com/istanbul-umraniye-armaganevler-satilik/daire/4355-136895
152700-1011,Mareşal Çakmak,Güngören,İstanbul,2.950.000 TL,100,80,2 + 1,1,6 Katlı,4. Kat,31 Yaşında,Kombi,Eşyalı Değil,Kiracılı,Arsa,"Kuzey, Doğu",100 TL,https://www.hepsiemlak.com/istanbul-gungoren-maresal-cakmak-satilik/daire/152700-1011
137450-717,Bahçeşehir 2. Kısım,Başakşehir,İstanbul,2.298.000 TL,80,75,1 + 1,1,6 Katlı,Yüksek Giriş,7 Yaşında,Kombi,Eşyalı Değil,Kiracılı,Yabancıdan,"Güney, Doğu",,https://www.hepsiemlak.com/istanbul-basaksehir-bahcesehir-2-kisim-satilik/daire/137450-717
3424-336,Şerifali,Ümraniye,İstanbul,16.750.000 TL,130,110,2 + 1,2,21 Katlı,4. Kat,16 Yaşında,Yerden Isıtma,Eşyalı Değil,Mülk Sahibi,Kat Mülkiyeti,,11.000 TL,https://www.hepsiemlak.com/istanbul-umraniye-serifali-satilik/daire/3424-336
34400-5341,19 Mayıs,Kadıköy,İstanbul,20.750.000 TL,135,96,3 + 1,2,9 Katlı,6. Kat,7 Yaşında,Merkezi (Pay Öl...,Eşyalı Değil,Kiracılı,Kat Mülkiyeti,,,https://www.hepsiemlak.com/istanbul-kadikoy-19-mayis-satilik/daire/34400-5341
138425-131,Akıncılar,Güngören,İstanbul,6.995.000 TL,200,180,4 + 1,2,4 Katlı,4. Kat,16 Yaşında,Kombi,Eşyalı Değil,Mülk Sahibi,Kat Mülkiyeti,"Kuzey, Güney, Doğu, Batı",,https://www.hepsiemlak.com/istanbul-gungoren-akincilar-satilik/daire/138425-131
132217-808,Güzelyurt,Esenyurt,İstanbul,4.850.000 TL,160,150,4 + 2,1,5 Katlı,Ara Kat,Sıfır Bina,Kombi,Eşyalı Değil,Boş,Kat Mülkiyeti,"Kuzey, Güney, Doğu, Batı",,https://www.hepsiemlak.com/istanbul-esenyurt-guzelyurt-satilik/daire/132217-808
58182-3552,Feyzullah,Maltepe,İstanbul,9.950.000 TL,135,120,3 + 1,2,9 Katlı,4. Kat,30 Yaşında,Kombi,Eşyalı Değil,Boş,Kat Mülkiyeti,Güney,2.000 TL,https://www.hepsiemlak.com/istanbul-maltepe-feyzullah-satilik/daire/58182-3552
75964-3230,Balıkyolu,Esenyurt,İstanbul,2.880.000 TL,100,85,2 + 1,2,5 Katlı,2. Kat,6 Yaşında,Kombi,Eşyalı Değil,Boş,Yabancıdan,"Güney, Doğu, Batı",,https://www.hepsiemlak.com/istanbul-esenyurt-balikyolu-satilik/daire/75964-3230
57801-2904,Mimar Sinan,Çekmeköy,İstanbul,11.635.000 TL,250,230,5 + 2,2,5 Katlı,Çatı Katı,4 Yaşında,Kombi,Eşyalı Değil,Mülk Sahibi,Kat Mülkiyeti,"Güney, Batı",400 TL,https://www.hepsiemlak.com/istanbul-cekmekoy-mimar-sinan-satilik/daire/57801-2904
161120-67,Sultançiftliği,Çekmeköy,İstanbul,3.350.000 TL,70,60,2 + 1,1,10 Katlı,Bahçe Katı,6 Yaşında,Kombi,Eşyalı Değil,Boş,Kat Mülkiyeti,"Kuzey, Güney, Doğu",500 TL,https://www.hepsiemlak.com/istanbul-cekmekoy-sultanciftligi-satilik/daire/161120-67
155700-1271,Adil,Sultanbeyli,İstanbul,5.000.000 TL,80,70,2 + 1,1,4 Katlı,1. Kat,6 Yaşında,Kombi,Eşyalı Değil,Mülk Sahibi,Kat Mülkiyeti,"Kuzey, Güney, Doğu, Batı",400 TL,https://www.hepsiemlak.com/istanbul-sultanbeyli-adil-satilik/daire/155700-1271
169766-5,Sümer,Zeytinburnu,İstanbul,12.300.000 TL,200,190,4 + 2,2,5 Katlı,4. Kat,6 Yaşında,Kombi,Eşyalı Değil,Mülk Sahibi,Kat Mülkiyeti,"Doğu, Batı",,https://www.hepsiemlak.com/istanbul-zeytinburnu-sumer-satilik/daire/169766-5
144252-10,Hürriyet,Bahçelievler,İstanbul,5.690.000 TL,85,80,2 + 1,1,5 Katlı,3. Kat,11 Yaşında,Kombi,Eşyalı Değil,Kiracılı,Kat Mülkiyeti,,,https://www.hepsiemlak.com/istanbul-bahcelievler-hurriyet-satilik/daire/144252-10
138800-475,Postane,Tuzla,İstanbul,23.500.000 TL,165,145,4 + 1,2,4 Katlı,1. Kat,4 Yaşında,Kombi,Eşyalı Değil,Mülk Sahibi,Kat Mülkiyeti,Güney,,https://www.hepsiemlak.com/istanbul-tuzla-postane-satilik/daire/138800-475
145691-129,Beylikdüzü OSB,Beylikdüzü,İstanbul,3.500.000 TL,100,95,2 + 1,2,5 Katlı,2. Kat,Sıfır Bina,Kombi,Eşyalı Değil,Boş,Kat Mülkiyeti,"Güney, Doğu, Batı",100 TL,https://www.hepsiemlak.com/istanbul-beylikduzu-beylikduzu-osb-satilik/daire/145691-129
130678-482,Gültepe,Küçükçekmece,İstanbul,8.490.000 TL,110,95,3 + 1,2,3 Katlı,2. Kat,Sıfır Bina,Kombi,Eşyalı Değil,Boş,Kat Mülkiyeti,,,https://www.hepsiemlak.com/istanbul-kucukcekmece-gultepe-satilik/daire/130678-482
164618-19,Kavaklı,Beylikdüzü,İstanbul,10.500.000 TL,130,118,3 + 1,1,5 Katlı,3. Kat,24 Yaşında,Kat Kaloriferi,Eşyalı Değil,Kiracılı,Kat Mülkiyeti,"Doğu, Batı",,https://www.hepsiemlak.com/istanbul-beylikduzu-kavakli-satilik/daire/164618-19
160213-88,Cumhuriyet,Üsküdar,İstanbul,5.400.000 TL,60,50,1 + 1,1,4 Katlı,Bahçe Katı,1 Yaşında,Kombi,Eşyalı Değil,Boş,Kat İrtifakı,"Güney, Doğu, Batı",,https://www.hepsiemlak.com/istanbul-uskudar-cumhuriyet-satilik/daire/160213-88
76905-520,Gençosman,Güngören,İstanbul,5.700.000 TL,145,139,2 + 2,1,4 Katlı,Bodrum ve Zemin,7 Yaşında,Kombi,Eşyalı Değil,Mülk Sahibi,Kat Mülkiyeti,Güney,,https://www.hepsiemlak.com/istanbul-gungoren-gencosman-satilik/daire/76905-520
162184-95,Göztepe,Kadıköy,İstanbul,21.500.000 TL,100,82,3 + 1,2,8 Katlı,4. Kat,Sıfır Bina,Kombi,Eşyalı Değil,Boş,Kat İrtifakı,"Güney, Doğu",,https://www.hepsiemlak.com/istanbul-kadikoy-goztepe-satilik/daire/162184-95
54389-3012,Kirazlıdere,Çekmeköy,İstanbul,7.350.000 TL,95,80,2 + 1,1,5 Katlı,2. Kat,11 Yaşında,Kombi,Eşyalı Değil,Mülk Sahibi,Kat Mülkiyeti,,500 TL,https://www.hepsiemlak.com/istanbul-cekmekoy-kirazlidere-satilik/daire/54389-3012
132160-820,Barış,Beylikdüzü,İstanbul,5.800.000 TL,175,145,3 + 1,2,7 Katlı,1. Kat,11 Yaşında,Kombi,Eşyalı Değil,Kiracılı,Kat Mülkiyeti,"Güney, Doğu",,https://www.hepsiemlak.com/istanbul-beylikduzu-baris-satilik/daire/132160-820
155531-112,Marmara,Beylikdüzü,İstanbul,4.595.000 TL,130,125,3 + 1,2,5 Katlı,1. Kat,Sıfır Bina,Kombi,Eşyalı Değil,Boş,Yabancıdan,"Güney, Doğu",,https://www.hepsiemlak.com/istanbul-beylikduzu-marmara-satilik/daire/155531-112
72542-4235,Atalar,Kartal,İstanbul,15.500.000 TL,138,103,3 + 1,1,22 Katlı,11. Kat,9 Yaşında,Merkezi (Pay Öl...,Eşyalı Değil,Kiracılı,Kat Mülkiyeti,"Güney, Doğu, Batı",3.250 TL,https://www.hepsiemlak.com/istanbul-kartal-atalar-satilik/daire/72542-4235
129044-169,Güzelyalı,Pendik,İstanbul,4.800.000 TL,100,80,2 + 1,1,5 Katlı,Giriş Katı,11 Yaşında,Kombi,Eşyalı Değil,Mülk Sahibi,Kat Mülkiyeti,"Güney, Batı",250 TL,https://www.hepsiemlak.com/istanbul-pendik-guzelyali-satilik/daire/129044-169
166297-190,Küçükbakkalköy,Ataşehir,İstanbul,8.950.000 TL,90,65,1 + 1,1,30 Katlı,20. Kat,11 Yaşında,Merkezi (Pay Öl...,Eşyalı Değil,Kiracılı,Kat Mülkiyeti,Doğu,,https://www.hepsiemlak.com/istanbul-atasehir-kucukbakkalkoy-satilik/daire/166297-190
60890-1011,Soğanlı,Bahçelievler,İstanbul,6.750.000 TL,80,70,2 + 1,1,4 Katlı,3. Kat,Sıfır Bina,Kombi,Eşyalı Değil,Boş,Kat İrtifakı,Güney,,https://www.hepsiemlak.com/istanbul-bahcelievler-soganli-satilik/daire/60890-1011
167844-21,Cumhuriyet,Beylikdüzü,İstanbul,2.750.000 TL,110,90,2 + 1,2,18 Katlı,6. Kat,5 Yaşında,Kombi,Eşyalı Değil,Boş,Yabancıdan,Güney,2.000 TL,https://www.hepsiemlak.com/istanbul-beylikduzu-cumhuriyet-satilik/daire/167844-21
6060-44310,Altıntepe,Maltepe,İstanbul,9.750.000 TL,85,75,2 + 1,1,4 Katlı,1. Kat,Sıfır Bina,Kombi,Eşyalı Değil,Boş,Tapu Yok,"Kuzey, Batı",500 TL,https://www.hepsiemlak.com/istanbul-maltepe-altintepe-satilik/daire/6060-44310
166270-18,Bahçelievler,Bahçelievler,İstanbul,18.000.000 TL,130,110,3 + 1,2,4 Katlı,3. Kat,Sıfır Bina,Yerden Isıtma,Eşyalı Değil,Boş,Yabancıdan,"Güney, Doğu, Batı",,https://www.hepsiemlak.com/istanbul-bahcelievler-bahcelievler-satilik/daire/166270-18
125785-676,Sultaniye,Esenyurt,İstanbul,3.099.000 TL,135,125,3 + 1,2,5 Katlı,Yüksek Giriş,7 Yaşında,Kombi,Eşyalı Değil,Kiracılı,Kat Mülkiyeti,"Güney, Doğu",,https://www.hepsiemlak.com/istanbul-esenyurt-sultaniye-satilik/daire/125785-676
54895-1174,Maden,Adalar,İstanbul,34.000.000 TL,660,341,9 + 5,5,2 Katlı,,59 Yaşında,Kombi,Eşyalı Değil,Kiracılı,Müstakil Tapulu,"Kuzey, Güney, Doğu, Batı",,https://www.hepsiemlak.com/istanbul-adalar-maden-satilik/mustakil-ev/54895-1174
1625-9793,Gülbahar,Şişli,İstanbul,5.500.000 TL,100,85,3 + 1,1,4 Katlı,4. Kat,34 Yaşında,Kombi,Eşyalı Değil,Boş,Kat İrtifakı,"Kuzey, Güney, Batı",500 TL,https://www.hepsiemlak.com/istanbul-sisli-gulbahar-satilik/daire/1625-9793
45840-3531,Zekeriyaköy,Sarıyer,İstanbul,98.000.000 TL,451,375,6 + 2,3,4 Katlı,Bahçe Katı,31 Yaşında,Kombi,Eşyalı Değil,Mülk Sahibi,Kat İrtifakı,"Kuzey, Güney, Doğu, Batı",,https://www.hepsiemlak.com/istanbul-sariyer-zekeriyakoy-satilik/villa/45840-3531
168411-73,Cumhuriyet,Esenyurt,İstanbul,3.685.000 TL,140,127,3 + 1,2,15 Katlı,8. Kat,Sıfır Bina,Kombi,Eşyalı Değil,Boş,Kat Mülkiyeti,Güney,,https://www.hepsiemlak.com/istanbul-esenyurt-cumhuriyet-satilik/daire/168411-73
158863-148,Hamidiye,Kağıthane,İstanbul,10.000.000 TL,120,93,2 + 1,1,8 Katlı,3. Kat,21 Yaşında,Kombi,Eşyalı Değil,Boş,Kat İrtifakı,"Doğu, Batı",250 TL,https://www.hepsiemlak.com/istanbul-kagithane-hamidiye-satilik/daire/158863-148
168539-21,Kemal Türkler,Sancaktepe,İstanbul,6.500.000 TL,130,110,3 + 1,1,4 Katlı,Yüksek Giriş,Sıfır Bina,Kombi,Eşyalı Değil,Boş,Kat İrtifakı,"Kuzey, Güney, Doğu, Batı",400 TL,https://www.hepsiemlak.com/istanbul-sancaktepe-kemal-turkler-satilik/daire/168539-21
17468-11018,Adnan Kahveci,Beylikdüzü,İstanbul,7.500.000 TL,183,150,3 + 1,2,15 Katlı,8. Kat,25 Yaşında,Kombi,Eşyalı Değil,Kiracılı,Kat Mülkiyeti,Güney,3.200 TL,https://www.hepsiemlak.com/istanbul-beylikduzu-adnan-kahveci-satilik/daire/17468-11018
138068-1168,Fenerbahçe,Kadıköy,İstanbul,55.500.000 TL,150,110,3 + 1,2,14 Katlı,8. Kat,8 Yaşında,Kombi,Eşyalı Değil,Boş,İntifa Hakkı Te...,Güney,,https://www.hepsiemlak.com/istanbul-kadikoy-fenerbahce-satilik/daire/138068-1168
161692-55,Veysel Karani,Sancaktepe,İstanbul,3.430.000 TL,110,100,2 + 1,1,3 Katlı,3. Kat,26 Yaşında,Kombi,Eşyalı Değil,Boş,Arsa,"Kuzey, Güney, Doğu, Batı",,https://www.hepsiemlak.com/istanbul-sancaktepe-veysel-karani-satilik/daire/161692-55
150119-105,Kaynarca,Pendik,İstanbul,3.000.000 TL,120,110,3 + 1,1,5 Katlı,5. Kat,31 Yaşında,Kombi,Eşyalı Değil,Mülk Sahibi,Arsa,"Kuzey, Güney",250 TL,https://www.hepsiemlak.com/istanbul-pendik-kaynarca-satilik/daire/150119-105
3413-3559,Girne,Maltepe,İstanbul,7.500.000 TL,120,105,3 + 1,1,9 Katlı,1. Kat,26 Yaşında,Kombi,Eşyalı Değil,Kiracılı,Kat Mülkiyeti,Doğu,1.500 TL,https://www.hepsiemlak.com/istanbul-maltepe-girne-satilik/daire/3413-3559
3447-22268,Orhantepe,Kartal,İstanbul,8.800.000 TL,88,78,2 + 1,2,5 Katlı,3. Kat,Sıfır Bina,Kombi,Eşyalı Değil,Boş,Kat Mülkiyeti,"Güney, Doğu, Batı",500 TL,https://www.hepsiemlak.com/istanbul-kartal-orhantepe-satilik/daire/3447-22268
27600-3639,Atatürk,Büyükçekmece,İstanbul,9.500.000 TL,215,195,3 + 1,2,5 Katlı,5. Kat,Sıfır Bina,Kombi,Eşyalı Değil,Boş,Kat Mülkiyeti,"Güney, Doğu, Batı",,https://www.hepsiemlak.com/istanbul-buyukcekmece-ataturk-satilik/daire/27600-3639
167955-5,Pınartepe,Büyükçekmece,İstanbul,15.000.000 TL,195,170,3 + 1,2,5 Katlı,Bahçe Katı,6 Yaşında,Merkezi (Pay Öl...,Eşyalı Değil,Mülk Sahibi,Kat Mülkiyeti,"Kuzey, Güney, Doğu, Batı",,https://www.hepsiemlak.com/istanbul-buyukcekmece-pinartepe-satilik/daire/167955-5
151853-414,Cennet,Küçükçekmece,İstanbul,6.500.000 TL,90,80,2 + 1,1,4 Katlı,Yüksek Giriş,3 Yaşında,Kombi,Eşyalı Değil,Kiracılı,Kat Mülkiyeti,"Güney, Batı",,https://www.hepsiemlak.com/istanbul-kucukcekmece-cennet-satilik/daire/151853-414
139833-255,Yakuplu,Beylikdüzü,İstanbul,5.200.000 TL,150,125,3 + 1,2,7 Katlı,1. Kat,11 Yaşında,Kombi,Eşyalı Değil,Kiracılı,Kat Mülkiyeti,"Güney, Batı",,https://www.hepsiemlak.com/istanbul-beylikduzu-yakuplu-satilik/daire/139833-255
10432-2681,Ünalan,Üsküdar,İstanbul,25.000.000 TL,130,110,2 + 1,2,12 Katlı,7. Kat,6 Yaşında,Merkezi (Pay Öl...,Eşyalı,Kiracılı,Kat Mülkiyeti,"Güney, Doğu, Batı",,https://www.hepsiemlak.com/istanbul-uskudar-unalan-satilik/daire/10432-2681
165589-14,Safa,Sancaktepe,İstanbul,6.250.000 TL,87,75,3 + 1,2,13 Katlı,10. Kat,Sıfır Bina,Merkezi (Pay Öl...,Eşyalı Değil,Boş,Kat Mülkiyeti,"Güney, Batı",4.500 TL,https://www.hepsiemlak.com/istanbul-sancaktepe-safa-satilik/daire/165589-14
151891-455,Yamanevler,Ümraniye,İstanbul,20.950.000 TL,137,92,2 + 1,2,7 Katlı,4. Kat,Sıfır Bina,Yerden Isıtma,Eşyalı Değil,Boş,Kat İrtifakı,"Kuzey, Güney, Doğu, Batı",,https://www.hepsiemlak.com/istanbul-umraniye-yamanevler-satilik/daire/151891-455
165215-14,Merkez,Çekmeköy,İstanbul,7.985.000 TL,340,320,5 + 2,2,4 Katlı,4. Kat,16 Yaşında,Kombi,Eşyalı Değil,Mülk Sahibi,Kat Mülkiyeti,,,https://www.hepsiemlak.com/istanbul-cekmekoy-merkez-satilik/daire/165215-14
129688-1320,Uğur Mumcu,Kartal,İstanbul,16.725.000 TL,186,165,3 + 1,3,5 Katlı,2. Kat,1 Yaşında,Kombi,Eşyalı Değil,Boş,Kat Mülkiyeti,"Güney, Doğu, Batı",500 TL,https://www.hepsiemlak.com/istanbul-kartal-ugur-mumcu-satilik/daire/129688-1320
5632-9389,Hürriyet,Kartal,İstanbul,11.000.000 TL,170,125,3 + 1,2,17 Katlı,8. Kat,9 Yaşında,Merkezi (Pay Öl...,Eşyalı Değil,Kiracılı,Kat İrtifakı,"Kuzey, Güney, Doğu",3.500 TL,https://www.hepsiemlak.com/istanbul-kartal-hurriyet-satilik/daire/5632-9389
40554-904,Etiler,Beşiktaş,İstanbul,28.000.000 TL,97,63,2 + 1,2,5 Katlı,3. Kat,Sıfır Bina,Merkezi (Pay Öl...,Eşyalı Değil,Boş,Kat İrtifakı,"Güney, Doğu",,https://www.hepsiemlak.com/istanbul-besiktas-etiler-satilik/daire/40554-904
153488-8,Erenköy,Kadıköy,İstanbul,14.250.000 TL,60,52,2 + 1,1,7 Katlı,En Üst Kat,Sıfır Bina,Yerden Isıtma,Eşyalı Değil,Boş,Kat İrtifakı,Doğu,,https://www.hepsiemlak.com/istanbul-kadikoy-erenkoy-satilik/daire/153488-8
127886-185,Ahmetli,Şile,İstanbul,16.900.000 TL,128,113,3 + 1,2,2 Katlı,Bahçe Katı,Sıfır Bina,Yerden Isıtma,Eşyalı Değil,Boş,Kat İrtifakı,"Kuzey, Güney, Doğu",,https://www.hepsiemlak.com/istanbul-sile-ahmetli-satilik/villa/127886-185
30863-9995,Şirinevler,Bahçelievler,İstanbul,9.500.000 TL,120,110,3 + 1,1,10 Katlı,8. Kat,Sıfır Bina,Kombi,Eşyalı Değil,Boş,Tapu Yok,"Güney, Batı",700 TL,https://www.hepsiemlak.com/istanbul-bahcelievler-sirinevler-satilik/daire/30863-9995
33208-5933,Maden,Sarıyer,İstanbul,68.000.000 TL,250,220,4 + 1,3,3 Katlı,Bahçe Katı,6 Yaşında,Kombi,Eşyalı Değil,Mülk Sahibi,Kat Mülkiyeti,"Güney, Doğu, Batı",18.000 TL,https://www.hepsiemlak.com/istanbul-sariyer-maden-satilik/daire/33208-5933
9083-4921,Fatih,Büyükçekmece,İstanbul,8.500.000 TL,150,140,3 + 1,2,4 Katlı,2. Kat,Sıfır Bina,Kombi,Eşyalı Değil,Boş,Tapu Yok,Güney,1.000 TL,https://www.hepsiemlak.com/istanbul-buyukcekmece-fatih-satilik/daire/9083-4921
21144-9916,Feyzullah,Maltepe,İstanbul,12.950.000 TL,220,180,3 + 2,2,4 Katlı,4. Kat,5 Yaşında,Kombi,Eşyalı Değil,Mülk Sahibi,Kat Mülkiyeti,"Kuzey, Güney",500 TL,https://www.hepsiemlak.com/istanbul-maltepe-feyzullah-satilik/daire/21144-9916
129202-875,Cumhuriyet,Beylikdüzü,İstanbul,3.650.000 TL,165,150,3 + 1,2,5 Katlı,Ara Kat,5 Yaşında,Kombi,Eşyalı,Boş,Yabancıdan,"Doğu, Batı",70 TL,https://www.hepsiemlak.com/istanbul-beylikduzu-cumhuriyet-satilik/daire/129202-875
62344-1151,Fatih,Sancaktepe,İstanbul,4.750.000 TL,105,90,2 + 2,2,4 Katlı,Yüksek Giriş,10 Yaşında,Kombi,Eşyalı Değil,Mülk Sahibi,Kat Mülkiyeti,"Güney, Doğu",450 TL,https://www.hepsiemlak.com/istanbul-sancaktepe-fatih-satilik/daire/62344-1151
1159-9945,Suadiye,Kadıköy,İstanbul,25.950.000 TL,120,90,3 + 1,1,12 Katlı,2. Kat,Sıfır Bina,Yerden Isıtma,Eşyalı Değil,Boş,Kat Mülkiyeti,"Güney, Batı",,https://www.hepsiemlak.com/istanbul-kadikoy-suadiye-satilik/daire/1159-9945
108051-2996,Rami Yeni,Eyüpsultan,İstanbul,3.150.000 TL,65,60,2 + 1,1,4 Katlı,1. Kat,31 Yaşında,Kombi,Eşyalı Değil,Mülk Sahibi,Kat Mülkiyeti,"Kuzey, Güney, Doğu, Batı",50 TL,https://www.hepsiemlak.com/istanbul-eyupsultan-rami-yeni-satilik/daire/108051-2996
8713-3700,Şenlikköy,Bakırköy,İstanbul,30.000.000 TL,280,260,4 + 0,3,4 Katlı,Ara Kat,16 Yaşında,Kombi,Eşyalı Değil,Boş,Kat İrtifakı,Güney,,https://www.hepsiemlak.com/istanbul-bakirkoy-senlikkoy-satilik/daire/8713-3700
26693-4943,Rumeli Hisarı,Sarıyer,İstanbul,19.900.000 TL,135,120,3 + 1,1,5 Katlı,Ara Kat,45 Yaşında,Merkezi (Pay Öl...,Eşyalı Değil,Kiracılı,Kat Mülkiyeti,,2.000 TL,https://www.hepsiemlak.com/istanbul-sariyer-rumeli-hisari-satilik/daire/26693-4943
32820-4649,Mithatpaşa,Eyüpsultan,İstanbul,30.000.000 TL,165,145,3 + 1,2,4 Katlı,Çatı Katı,6 Yaşında,Merkezi (Pay Öl...,Eşyalı Değil,Boş,Kat Mülkiyeti,Güney,,https://www.hepsiemlak.com/istanbul-eyupsultan-mithatpasa-satilik/daire/32820-4649
8525-57428,Şahkulu,Beyoğlu,İstanbul,29.000.000 TL,179,150,3 + 2,2,5 Katlı,3. Kat,40 Yaşında,Kombi,Eşyalı Değil,Boş,Kat Mülkiyeti,"Güney, Doğu, Batı",,https://www.hepsiemlak.com/istanbul-beyoglu-sahkulu-satilik/daire/8525-57428
37137-60,Selahaddin Eyyubi,Esenyurt,İstanbul,1.890.000 TL,94,85,2 + 1,1,6 Katlı,Bahçe Katı,12 Yaşında,Kombi,Eşyalı Değil,,Kat İrtifakı,Güney,,https://www.hepsiemlak.com/istanbul-esenyurt-selahaddin-eyyubi-satilik/daire/37137-60
118891-832,Hekimbaşı,Ümraniye,İstanbul,7.500.000 TL,85,75,2 + 1,1,6 Katlı,4. Kat,Sıfır Bina,Kombi,Eşyalı Değil,Boş,Tapu Yok,Güney,,https://www.hepsiemlak.com/istanbul-umraniye-hekimbasi-satilik/daire/118891-832
128768-228,5. Levent,Eyüpsultan,İstanbul,5.900.000 TL,110,90,2 + 1,2,4 Katlı,4. Kat,29 Yaşında,Kombi,Eşyalı Değil,Boş,Kat İrtifakı,"Kuzey, Güney, Batı",,https://www.hepsiemlak.com/istanbul-eyupsultan-5-levent-satilik/daire/128768-228
103274-1611,Bahçelievler,Bahçelievler,İstanbul,15.200.000 TL,160,145,3 + 1,1,8 Katlı,Giriş Katı,26 Yaşında,Kombi,Eşyalı Değil,Mülk Sahibi,Kat Mülkiyeti,Güney,,https://www.hepsiemlak.com/istanbul-bahcelievler-bahcelievler-satilik/daire/103274-1611
116955-5874,Küçükbakkalköy,Ataşehir,İstanbul,12.500.000 TL,151,110,3 + 1,1,7 Katlı,Ara Kat,22 Yaşında,Kombi,Eşyalı Değil,Mülk Sahibi,Kat İrtifakı,"Güney, Batı",1.300 TL,https://www.hepsiemlak.com/istanbul-atasehir-kucukbakkalkoy-satilik/daire/116955-5874
104389-438,Adnan Kahveci,Beylikdüzü,İstanbul,8.500.000 TL,170,150,3 + 1,2,13 Katlı,9. Kat,16 Yaşında,Kombi,Eşyalı Değil,Mülk Sahibi,Kat İrtifakı,"Güney, Batı",2.750 TL,https://www.hepsiemlak.com/istanbul-beylikduzu-adnan-kahveci-satilik/daire/104389-438
31316-10028,Kanarya,Küçükçekmece,İstanbul,7.150.000 TL,120,110,2 + 2,2,3 Katlı,3. Kat,2 Yaşında,Kombi,Eşyalı Değil,Kiracılı,Kat Mülkiyeti,"Kuzey, Batı",500 TL,https://www.hepsiemlak.com/istanbul-kucukcekmece-kanarya-satilik/daire/31316-10028
42003-7698,Şeyhli,Pendik,İstanbul,5.950.000 TL,98,82,2 + 1,1,7 Katlı,5. Kat,28 Yaşında,Merkezi,Eşyalı Değil,Mülk Sahibi,Kat Mülkiyeti,"Güney, Doğu",1.750 TL,https://www.hepsiemlak.com/istanbul-pendik-seyhli-satilik/daire/42003-7698
17993-45219,Güzeltepe,Eyüpsultan,İstanbul,4.675.000 TL,75,68,2 + 1,1,4 Katlı,Giriş Katı,6 Yaşında,Kombi,Eşyalı Değil,Mülk Sahibi,Kat Mülkiyeti,"Güney, Doğu, Batı",350 TL,https://www.hepsiemlak.com/istanbul-eyupsultan-guzeltepe-satilik/daire/17993-45219
43372-3494,Hürriyet,Bahçelievler,İstanbul,5.850.000 TL,100,90,2 + 1,1,5 Katlı,1. Kat,11 Yaşında,Kombi,Eşyalı Değil,Mülk Sahibi,Kat Mülkiyeti,Güney,,https://www.hepsiemlak.com/istanbul-bahcelievler-hurriyet-satilik/daire/43372-3494
27431-11959,Sahrayı Cedit,Kadıköy,İstanbul,19.500.000 TL,110,88,3 + 1,1,14 Katlı,En Üst Kat,1 Yaşında,Merkezi,Eşyalı Değil,Boş,Kat Mülkiyeti,"Güney, Doğu, Batı",,https://www.hepsiemlak.com/istanbul-kadikoy-sahrayi-cedit-satilik/daire/27431-11959
1739-6785,Kavaklı,Beylikdüzü,İstanbul,6.000.000 TL,125,115,3 + 1,1,5 Katlı,1. Kat,5 Yaşında,Kombi,Eşyalı Değil,Kiracılı,Kat İrtifakı,"Güney, Batı",,https://www.hepsiemlak.com/istanbul-beylikduzu-kavakli-satilik/daire/1739-6785
129862-506,Fatih,Beykoz,İstanbul,8.000.000 TL,120,110,2 + 1,1,3 Katlı,Ara Kat,30 Yaşında,Kombi,Eşyalı,Mülk Sahibi,Müstakil Tapulu,"Kuzey, Güney, Doğu, Batı",400 TL,https://www.hepsiemlak.com/istanbul-beykoz-fatih-satilik/daire/129862-506
109079-1488,Yeşiltepe,Zeytinburnu,İstanbul,11.500.000 TL,135,120,3 + 1,2,4 Katlı,3. Kat,Sıfır Bina,Yerden Isıtma,Eşyalı Değil,Boş,Tapu Yok,"Kuzey, Güney, Doğu",100 TL,https://www.hepsiemlak.com/istanbul-zeytinburnu-yesiltepe-satilik/daire/109079-1488
93181-6415,Örnek,Ataşehir,İstanbul,8.500.000 TL,110,80,3 + 1,2,3 Katlı,3. Kat,Sıfır Bina,Kombi,Eşyalı Değil,Boş,Tapu Yok,"Kuzey, Güney",300 TL,https://www.hepsiemlak.com/istanbul-atasehir-ornek-satilik/daire/93181-6415
45748-7743,Seyrantepe,Kağıthane,İstanbul,13.500.000 TL,65,54,1 + 1,1,21 Katlı,7. Kat,Sıfır Bina,Merkezi,Eşyalı Değil,Boş,Arsa,,,https://www.hepsiemlak.com/istanbul-kagithane-seyrantepe-satilik/residence/45748-7743
7499-17261,Bahçelievler,Üsküdar,İstanbul,12.500.000 TL,110,95,3 + 1,2,6 Katlı,2. Kat,7 Yaşında,Kombi,Eşyalı Değil,Boş,Kat Mülkiyeti,Güney,,https://www.hepsiemlak.com/istanbul-uskudar-bahcelievler-satilik/daire/7499-17261
109158-3475,Mithatpaşa,Eyüpsultan,İstanbul,6.990.000 TL,120,85,2 + 1,1,5 Katlı,Giriş Katı,Sıfır Bina,Kombi,Eşyalı Değil,Boş,Kat Mülkiyeti,"Güney, Doğu",1 TL,https://www.hepsiemlak.com/istanbul-eyupsultan-mithatpasa-satilik/daire/109158-3475
140403-81,Anadolu,Arnavutköy,İstanbul,4.550.000 TL,150,130,3 + 1,2,4 Katlı,Yüksek Giriş,6 Yaşında,Kombi,Eşyalı Değil,Mülk Sahibi,Kat İrtifakı,"Kuzey, Güney, Doğu, Batı",,https://www.hepsiemlak.com/istanbul-arnavutkoy-anadolu-satilik/daire/140403-81
3351-2301,Bulgurlu,Üsküdar,İstanbul,9.400.000 TL,85,77,2 + 1,1,4 Katlı,3. Kat,Sıfır Bina,Kombi,Eşyalı Değil,Boş,Tapu Yok,"Kuzey, Güney, Batı",,https://www.hepsiemlak.com/istanbul-uskudar-bulgurlu-satilik/daire/3351-2301
2078-8356,Emek,Sancaktepe,İstanbul,7.100.000 TL,72,60,1 + 1,1,10 Katlı,5. Kat,12 Yaşında,Merkezi (Pay Öl...,Eşyalı Değil,Kiracılı,Kat Mülkiyeti,Güney,5.391 TL,https://www.hepsiemlak.com/istanbul-sancaktepe-emek-satilik/daire/2078-8356
2369-41166,Suadiye,Kadıköy,İstanbul,25.000.000 TL,180,136,4 + 1,2,13 Katlı,10. Kat,38 Yaşında,Merkezi,,Kiracılı,Kat Mülkiyeti,Doğu,5.000 TL,https://www.hepsiemlak.com/istanbul-kadikoy-suadiye-satilik/daire/2369-41166
42096-5817,Erenköy,Kadıköy,İstanbul,21.750.000 TL,135,94,3 + 1,1,8 Katlı,5. Kat,8 Yaşında,Kombi,Eşyalı Değil,Boş,Kat Mülkiyeti,Güney,,https://www.hepsiemlak.com/istanbul-kadikoy-erenkoy-satilik/daire/42096-5817
129391-510,Yakuplu,Beylikdüzü,İstanbul,5.370.000 TL,115,105,2 + 1,1,5 Katlı,2. Kat,5 Yaşında,Kombi,Eşyalı Değil,Mülk Sahibi,Kat Mülkiyeti,"Güney, Doğu, Batı",,https://www.hepsiemlak.com/istanbul-beylikduzu-yakuplu-satilik/daire/129391-510
61168-9956,Merdivenköy,Kadıköy,İstanbul,7.400.000 TL,100,85,3 + 1,1,5 Katlı,1. Kat,30 Yaşında,Kombi,Eşyalı Değil,Kiracılı,Kat İrtifakı,"Kuzey, Doğu, Batı",1.100 TL,https://www.hepsiemlak.com/istanbul-kadikoy-merdivenkoy-satilik/daire/61168-9956
70897-3571,Feriköy,Şişli,İstanbul,8.250.000 TL,140,130,3 + 1,1,5 Katlı,3. Kat,9 Yaşında,Kombi,,Mülk Sahibi,Kat İrtifakı,,,https://www.hepsiemlak.com/istanbul-sisli-ferikoy-satilik/daire/70897-3571
46932-6523,Aydınevler,Maltepe,İstanbul,7.250.000 TL,90,80,2 + 1,1,4 Katlı,Bahçe Katı,11 Yaşında,Kombi,Eşyalı Değil,Mülk Sahibi,Kat Mülkiyeti,"Güney, Doğu, Batı",500 TL,https://www.hepsiemlak.com/istanbul-maltepe-aydinevler-satilik/daire/46932-6523
46205-1750,Fatih,Arnavutköy,İstanbul,3.350.000 TL,115,105,2 + 1,2,5 Katlı,3. Kat,6 Yaşında,Kombi,Eşyalı Değil,Boş,Kat İrtifakı,Kuzey,,https://www.hepsiemlak.com/istanbul-arnavutkoy-fatih-satilik/daire/46205-1750
77582-2331,Mehmet Akif Ersoy,Üsküdar,İstanbul,15.750.000 TL,98,85,2 + 1,1,5 Katlı,Zemin,Sıfır Bina,Yerden Isıtma,Eşyalı Değil,Boş,Tapu Yok,,,https://www.hepsiemlak.com/istanbul-uskudar-mehmet-akif-ersoy-satilik/daire/77582-2331
6299-6051,Yeşilbağlar,Pendik,İstanbul,6.200.000 TL,65,55,2 + 1,1,5 Katlı,1. Kat,Sıfır Bina,Kombi,Eşyalı Değil,Boş,Kat Mülkiyeti,Güney,1.000 TL,https://www.hepsiemlak.com/istanbul-pendik-yesilbaglar-satilik/daire/6299-6051
108822-474,Atatürk,Büyükçekmece,İstanbul,6.000.000 TL,70,65,2 + 1,1,5 Katlı,3. Kat,Sıfır Bina,Kombi,Eşyalı Değil,Boş,Kat İrtifakı,,,https://www.hepsiemlak.com/istanbul-buyukcekmece-ataturk-satilik/daire/108822-474
125767-214,Necip Fazıl Kısakürek,Esenyurt,İstanbul,2.760.000 TL,118,110,2 + 1,2,30 Katlı,20. Kat,11 Yaşında,Merkezi (Pay Öl...,Eşyalı Değil,Kiracılı,Yabancıdan,"Güney, Batı",5.200 TL,https://www.hepsiemlak.com/istanbul-esenyurt-necip-fazil-kisakurek-satilik/daire/125767-214
3676-7286,Merkez,Kağıthane,İstanbul,14.500.000 TL,88,77,2 + 1,2,6 Katlı,6. Kat,Sıfır Bina,Kombi,Eşyalı Değil,Boş,Tapu Yok,"Güney, Batı",,https://www.hepsiemlak.com/istanbul-kagithane-merkez-satilik/daire/3676-7286
87282-2156,Cumhuriyet,Bahçelievler,İstanbul,6.500.000 TL,95,90,2 + 1,2,4 Katlı,3. Kat,10 Yaşında,Kombi,Eşyalı Değil,Boş,Kat İrtifakı,Doğu,,https://www.hepsiemlak.com/istanbul-bahcelievler-cumhuriyet-satilik/daire/87282-2156
6056-14096,Bahçelievler,Bahçelievler,İstanbul,16.700.000 TL,200,147,3 + 2,2,4 Katlı,4. Kat,Sıfır Bina,Kombi,Eşyalı Değil,Boş,Kat Mülkiyeti,"Kuzey, Güney, Doğu",,https://www.hepsiemlak.com/istanbul-bahcelievler-bahcelievler-satilik/daire/6056-14096
1077-67298,Fenerbahçe,Kadıköy,İstanbul,38.200.000 TL,120,100,3 + 1,2,9 Katlı,Bahçe Katı,Sıfır Bina,Merkezi (Pay Öl...,Eşyalı Değil,Boş,Kat Mülkiyeti,"Güney, Doğu, Batı",,https://www.hepsiemlak.com/istanbul-kadikoy-fenerbahce-satilik/daire/1077-67298
3982-2354,Zühtüpaşa,Kadıköy,İstanbul,13.300.000 TL,115,85,2 + 1,1,5 Katlı,1. Kat,26 Yaşında,Kombi,Eşyalı Değil,Kiracılı,Kat Mülkiyeti,"Kuzey, Güney, Doğu, Batı",,https://www.hepsiemlak.com/istanbul-kadikoy-zuhtupasa-satilik/daire/3982-2354
13735-9389,Küçükbakkalköy,Ataşehir,İstanbul,9.875.000 TL,125,110,3 + 1,2,6 Katlı,Yüksek Giriş,15 Yaşında,Kombi,Eşyalı Değil,Kiracılı,Kat İrtifakı,"Kuzey, Batı",,https://www.hepsiemlak.com/istanbul-atasehir-kucukbakkalkoy-satilik/daire/13735-9389
85783-3485,Telsizler,Kağıthane,İstanbul,5.200.000 TL,56,40,1 + 1,1,14 Katlı,1. Kat,6 Yaşında,Merkezi (Pay Öl...,Eşyalı Değil,Kiracılı,Kat Mülkiyeti,,,https://www.hepsiemlak.com/istanbul-kagithane-telsizler-satilik/daire/85783-3485
91714-755,Harmantepe,Kağıthane,İstanbul,7.500.000 TL,150,130,3 + 1,2,6 Katlı,3. Kat,10 Yaşında,Kombi,Eşyalı Değil,,Kat Mülkiyeti,"Güney, Doğu",,https://www.hepsiemlak.com/istanbul-kagithane-harmantepe-satilik/daire/91714-755
29305-11645,Bostancı,Kadıköy,İstanbul,28.500.000 TL,74,67,2 + 1,1,6 Katlı,6. Kat,Sıfır Bina,Kombi,Eşyalı Değil,Boş,Kat İrtifakı,"Güney, Doğu, Batı",,https://www.hepsiemlak.com/istanbul-kadikoy-bostanci-satilik/daire/29305-11645
69864-1844,Kayabaşı,Başakşehir,İstanbul,6.390.000 TL,85,75,2 + 1,1,12 Katlı,8. Kat,6 Yaşında,Merkezi (Pay Öl...,Eşyalı Değil,Mülk Sahibi,Kat Mülkiyeti,"Güney, Doğu",,https://www.hepsiemlak.com/istanbul-basaksehir-kayabasi-satilik/daire/69864-1844
3995-27621,Merkez,Çekmeköy,İstanbul,4.383.000 TL,55,50,2 + 1,1,4 Katlı,Giriş Katı,6 Yaşında,Kombi,Eşyalı Değil,Boş,Kat Mülkiyeti,Doğu,2.000 TL,https://www.hepsiemlak.com/istanbul-cekmekoy-merkez-satilik/daire/3995-27621
127833-349,Gökevler,Esenyurt,İstanbul,4.695.000 TL,85,50,1 + 1,1,9 Katlı,6. Kat,Sıfır Bina,Kat Kaloriferi,Eşyalı Değil,Boş,Kat İrtifakı,Batı,,https://www.hepsiemlak.com/istanbul-esenyurt-gokevler-satilik/daire/127833-349
113569-12998,Cumhuriyet,Esenyurt,İstanbul,2.550.000 TL,100,90,2 + 1,1,10 Katlı,4. Kat,5 Yaşında,Kombi,Eşyalı Değil,Boş,Kat İrtifakı,"Güney, Doğu",,https://www.hepsiemlak.com/istanbul-esenyurt-cumhuriyet-satilik/daire/113569-12998
6680-24154,Denizköşkler,Avcılar,İstanbul,6.200.000 TL,130,120,3 + 1,1,5 Katlı,Ara Kat,4 Yaşında,Kombi,Eşyalı,Kiracılı,Kat Mülkiyeti,Güney,500 TL,https://www.hepsiemlak.com/istanbul-avcilar-denizkoskler-satilik/daire/6680-24154
86673-5066,Bahçelievler,Bahçelievler,İstanbul,27.500.000 TL,135,110,3 + 1,1,4 Katlı,3. Kat,10 Yaşında,Kombi,Eşyalı Değil,Mülk Sahibi,Kat Mülkiyeti,Güney,,https://www.hepsiemlak.com/istanbul-bahcelievler-bahcelievler-satilik/daire/86673-5066
123596-289,Taşoluk,Arnavutköy,İstanbul,4.325.000 TL,80,70,2 + 1,1,4 Katlı,Yüksek Giriş,Sıfır Bina,Kombi,Eşyalı Değil,Boş,Kat İrtifakı,"Güney, Doğu, Batı",300 TL,https://www.hepsiemlak.com/istanbul-arnavutkoy-tasoluk-satilik/daire/123596-289
19404-5766,Evliya Çelebi,Tuzla,İstanbul,7.100.000 TL,115,100,3 + 1,1,5 Katlı,4. Kat,6 Yaşında,Kombi,Eşyalı Değil,Boş,Kat Mülkiyeti,Güney,,https://www.hepsiemlak.com/istanbul-tuzla-evliya-celebi-satilik/daire/19404-5766
123272-385,Gültepe,Küçükçekmece,İstanbul,7.250.000 TL,200,175,4 + 1,2,4 Katlı,4. Kat,11 Yaşında,Kombi,Eşyalı Değil,Boş,Kat Mülkiyeti,Güney,300 TL,https://www.hepsiemlak.com/istanbul-kucukcekmece-gultepe-satilik/daire/123272-385
149042-137,Mahmutbey,Bağcılar,İstanbul,15.900.000 TL,191,135,3 + 2,3,15 Katlı,15. Kat,Sıfır Bina,Kombi,Eşyalı Değil,Kiracılı,Yabancıdan,"Kuzey, Batı",4.500 TL,https://www.hepsiemlak.com/istanbul-bagcilar-mahmutbey-satilik/daire/149042-137
142265-444,Talatpaşa,Esenyurt,İstanbul,2.790.000 TL,100,90,2 + 1,1,5 Katlı,Yüksek Giriş,5 Yaşında,Kombi,Eşyalı Değil,Boş,Kat Mülkiyeti,Güney,,https://www.hepsiemlak.com/istanbul-esenyurt-talatpasa-satilik/daire/142265-444
87449-4043,Feneryolu,Kadıköy,İstanbul,23.950.000 TL,120,95,3 + 1,2,10 Katlı,2. Kat,Sıfır Bina,Kombi,Eşyalı Değil,Boş,Yabancıdan,Güney,,https://www.hepsiemlak.com/istanbul-kadikoy-feneryolu-satilik/daire/87449-4043
168150-486,Bostancı,Kadıköy,İstanbul,8.950.000 TL,95,80,2 + 1,1,3 Katlı,3. Kat,25 Yaşında,Kombi,Eşyalı Değil,Boş,Kat Mülkiyeti,"Güney, Doğu, Batı",,https://www.hepsiemlak.com/istanbul-kadikoy-bostanci-satilik/daire/168150-486
122463-2558,Erenköy,Kadıköy,İstanbul,22.900.000 TL,135,95,3 + 1,1,9 Katlı,6. Kat,6 Yaşında,Kombi,Eşyalı Değil,Boş,Kat Mülkiyeti,"Güney, Doğu, Batı",,https://www.hepsiemlak.com/istanbul-kadikoy-erenkoy-satilik/daire/122463-2558
164129-163,Uskumruköy,Sarıyer,İstanbul,35.000.000 TL,480,330,7 + 1,2,3 Katlı,Bahçe Katı,21 Yaşında,Kombi,Eşyalı Değil,Mülk Sahibi,Kat Mülkiyeti,"Güney, Doğu, Batı",,https://www.hepsiemlak.com/istanbul-sariyer-uskumrukoy-satilik/villa/164129-163
135253-933,Göztepe,Kadıköy,İstanbul,22.850.000 TL,115,85,2 + 1,2,7 Katlı,5. Kat,10 Yaşında,Kombi,Eşyalı Değil,Boş,Yabancıdan,Güney,,https://www.hepsiemlak.com/istanbul-kadikoy-goztepe-satilik/daire/135253-933
165186-347,Yunus Emre,Sultangazi,İstanbul,4.500.000 TL,90,85,2 + 1,1,5 Katlı,2. Kat,16 Yaşında,Kombi,Eşyalı Değil,Boş,Kat İrtifakı,Güney,,https://www.hepsiemlak.com/istanbul-sultangazi-yunus-emre-satilik/daire/165186-347
169030-29,5. Levent,Eyüpsultan,İstanbul,11.100.000 TL,75,52,1 + 1,1,24 Katlı,10. Kat,6 Yaşında,Merkezi (Pay Öl...,Eşyalı Değil,Kiracılı,Kat Mülkiyeti,"Kuzey, Doğu",,https://www.hepsiemlak.com/istanbul-eyupsultan-5-levent-satilik/daire/169030-29
165076-207,Zübeyde Hanım,Sultangazi,İstanbul,5.100.000 TL,120,110,2 + 1,1,5 Katlı,1. Kat,16 Yaşında,Kombi,Eşyalı Değil,Mülk Sahibi,Kat İrtifakı,"Kuzey, Güney",,https://www.hepsiemlak.com/istanbul-sultangazi-zubeyde-hanim-satilik/daire/165076-207
167496-5,Kayabaşı,Başakşehir,İstanbul,5.200.000 TL,62,50,1 + 1,1,4 Katlı,Yarı Bodrum,2 Yaşında,Kombi,Eşyalı Değil,Mülk Sahibi,Tapu Yok,"Kuzey, Batı",1.850 TL,https://www.hepsiemlak.com/istanbul-basaksehir-kayabasi-satilik/daire/167496-5
4355-136894,Erenköy,Kadıköy,İstanbul,19.900.000 TL,115,85,3 + 1,1,11 Katlı,4. Kat,6 Yaşında,Kombi,Eşyalı Değil,Mülk Sahibi,Kat Mülkiyeti,Güney,2.000 TL,https://www.hepsiemlak.com/istanbul-kadikoy-erenkoy-satilik/daire/4355-136894
2150-4741,Altıntepe,Maltepe,İstanbul,6.690.000 TL,65,60,2 + 1,1,4 Katlı,Yüksek Giriş,30 Yaşında,Kombi,Eşyalı Değil,Boş,Kat Mülkiyeti,"Güney, Doğu",,https://www.hepsiemlak.com/istanbul-maltepe-altintepe-satilik/daire/2150-4741
137450-710,Bahçeşehir 2. Kısım,Başakşehir,İstanbul,1.869.000 TL,105,90,2 + 1,1,6 Katlı,Bahçe Katı,5 Yaşında,Kombi,Eşyalı Değil,Boş,Yabancıdan,"Güney, Doğu",75 TL,https://www.hepsiemlak.com/istanbul-basaksehir-bahcesehir-2-kisim-satilik/daire/137450-710
142540-414,Battalgazi,Sultanbeyli,İstanbul,5.445.000 TL,90,80,2 + 1,2,5 Katlı,1. Kat,Sıfır Bina,Yerden Isıtma,Eşyalı Değil,Boş,Yabancıdan,Güney,500 TL,https://www.hepsiemlak.com/istanbul-sultanbeyli-battalgazi-satilik/daire/142540-414
75964-3229,Üçevler,Esenyurt,İstanbul,3.900.000 TL,150,135,3 + 1,1,5 Katlı,3. Kat,6 Yaşında,Kombi,Eşyalı Değil,Kiracılı,Kat Mülkiyeti,"Kuzey, Güney",,https://www.hepsiemlak.com/istanbul-esenyurt-ucevler-satilik/daire/75964-3229
158869-60,Sinanoba,Büyükçekmece,İstanbul,15.150.000 TL,250,220,4 + 2,2,3 Katlı,Bahçe Katı,21 Yaşında,Kombi,Eşyalı Değil,Boş,Kat Mülkiyeti,"Güney, Doğu, Batı",,https://www.hepsiemlak.com/istanbul-buyukcekmece-sinanoba-satilik/villa/158869-60
58182-3550,Çınar,Maltepe,İstanbul,21.000.000 TL,240,210,3 + 2,2,4 Katlı,4. Kat,16 Yaşında,Kombi,Eşyalı Değil,Mülk Sahibi,Kat Mülkiyeti,Güney,,https://www.hepsiemlak.com/istanbul-maltepe-cinar-satilik/daire/58182-3550
168845-19,Marmara,Beylikdüzü,İstanbul,19.850.000 TL,209,149,3 + 1,2,5 Katlı,1. Kat,5 Yaşında,Kombi,Eşyalı Değil,Kiracılı,Kat Mülkiyeti,Güney,11.000 TL,https://www.hepsiemlak.com/istanbul-beylikduzu-marmara-satilik/daire/168845-19
124190-563,Cumhuriyet,Esenyurt,İstanbul,1.795.000 TL,85,75,1 + 1,1,20 Katlı,8. Kat,Sıfır Bina,Kombi,Eşyalı Değil,Boş,Kat İrtifakı,"Güney, Doğu",,https://www.hepsiemlak.com/istanbul-esenyurt-cumhuriyet-satilik/daire/124190-563
3990-3650,Çınar,Maltepe,İstanbul,10.000.000 TL,95,85,2 + 1,1,5 Katlı,4. Kat,9 Yaşında,Merkezi (Pay Öl...,Eşyalı Değil,Kiracılı,Kat Mülkiyeti,"Kuzey, Batı",,https://www.hepsiemlak.com/istanbul-maltepe-cinar-satilik/daire/3990-3650
62823-8346,Fenerbahçe,Kadıköy,İstanbul,45.000.000 TL,175,140,3 + 1,2,4 Katlı,3. Kat,7 Yaşında,Kombi,Eşyalı Değil,Kiracılı,Kat Mülkiyeti,"Kuzey, Güney, Doğu",,https://www.hepsiemlak.com/istanbul-kadikoy-fenerbahce-satilik/daire/62823-8346
152700-996,Cumhuriyet,Bahçelievler,İstanbul,4.400.000 TL,90,74,2 + 1,1,3 Katlı,Bahçe Katı,17 Yaşında,Kombi,Eşyalı Değil,Mülk Sahibi,Kat Mülkiyeti,Kuzey,100 TL,https://www.hepsiemlak.com/istanbul-bahcelievler-cumhuriyet-satilik/daire/152700-996
139746-714,Suadiye,Kadıköy,İstanbul,15.950.000 TL,72,58,2 + 1,1,9 Katlı,Yüksek Giriş,1 Yaşında,Kombi,Eşyalı Değil,Boş,Kat Mülkiyeti,"Güney, Doğu",,https://www.hepsiemlak.com/istanbul-kadikoy-suadiye-satilik/daire/139746-714
3424-335,Bostancı,Kadıköy,İstanbul,35.000.000 TL,200,154,4 + 1,2,10 Katlı,10. Kat,Sıfır Bina,Kombi,Eşyalı Değil,Boş,Kat İrtifakı,"Güney, Doğu, Batı",,https://www.hepsiemlak.com/istanbul-kadikoy-bostanci-satilik/daire/3424-335
169481-18,Çamlık,Pendik,İstanbul,7.790.000 TL,120,110,3 + 1,1,6 Katlı,3. Kat,21 Yaşında,Kombi,Eşyalı Değil,Kiracılı,Kat Mülkiyeti,"Kuzey, Güney, Doğu, Batı",1.850 TL,https://www.hepsiemlak.com/istanbul-pendik-camlik-satilik/daire/169481-18
155531-110,Kavaklı,Beylikdüzü,İstanbul,5.835.000 TL,115,100,2 + 1,2,4 Katlı,2. Kat,Sıfır Bina,Kombi,Eşyalı Değil,Boş,Kat Mülkiyeti,"Güney, Doğu",,https://www.hepsiemlak.com/istanbul-beylikduzu-kavakli-satilik/daire/155531-110
155700-1200,Osmangazi,Sancaktepe,İstanbul,3.149.000 TL,65,55,1 + 1,1,3 Katlı,Giriş Katı,6 Yaşında,Kombi,Eşyalı Değil,Kiracılı,Kat İrtifakı,"Kuzey, Güney, Doğu, Batı",,https://www.hepsiemlak.com/istanbul-sancaktepe-osmangazi-satilik/daire/155700-1200
132217-802,Cumhuriyet,Beylikdüzü,İstanbul,3.430.000 TL,120,110,2 + 1,2,5 Katlı,Ara Kat,9 Yaşında,Kombi,Eşyalı Değil,Boş,Kat Mülkiyeti,"Güney, Doğu, Batı",,https://www.hepsiemlak.com/istanbul-beylikduzu-cumhuriyet-satilik/daire/132217-802
6060-44303,Çınar,Maltepe,İstanbul,18.000.000 TL,151,118,3 + 1,2,4 Katlı,4. Kat,Sıfır Bina,Kombi,Eşyalı Değil,Boş,Tapu Yok,"Güney, Batı",,https://www.hepsiemlak.com/istanbul-maltepe-cinar-satilik/daire/6060-44303
70127-2149,Çınardere,Pendik,İstanbul,8.400.000 TL,125,120,3 + 1,2,9 Katlı,6. Kat,4 Yaşında,Merkezi (Pay Öl...,Eşyalı Değil,Boş,Kat Mülkiyeti,"Güney, Doğu, Batı",2.000 TL,https://www.hepsiemlak.com/istanbul-pendik-cinardere-satilik/daire/70127-2149
145691-107,Cumhuriyet,Esenyurt,İstanbul,2.650.000 TL,105,95,2 + 1,2,16 Katlı,11. Kat,6 Yaşında,Kombi,Eşyalı Değil,Boş,Kat Mülkiyeti,"Güney, Doğu, Batı",2.000 TL,https://www.hepsiemlak.com/istanbul-esenyurt-cumhuriyet-satilik/daire/145691-107
72542-4201,Mimar Sinan,Üsküdar,İstanbul,5.900.000 TL,77,55,1 + 1,1,4 Katlı,3. Kat,34 Yaşında,Klima,Eşyalı,Kiracılı,Kat Mülkiyeti,"Kuzey, Güney",750 TL,https://www.hepsiemlak.com/istanbul-uskudar-mimar-sinan-satilik/daire/72542-4201
168411-72,Çanta Sancaktepe,Silivri,İstanbul,2.255.000 TL,132,119,3 + 1,2,5 Katlı,Yüksek Giriş,11 Yaşında,Kombi,Eşyalı Değil,Kiracılı,Kat Mülkiyeti,Güney,600 TL,https://www.hepsiemlak.com/istanbul-silivri-canta-sancaktepe-satilik/daire/168411-72
133139-2001,Yavuz Selim,Sultanbeyli,İstanbul,5.975.999 TL,137,125,4 + 1,2,5 Katlı,5. Kat,Sıfır Bina,Yerden Isıtma,Eşyalı Değil,Boş,Kat İrtifakı,"Kuzey, Güney, Doğu, Batı",,https://www.hepsiemlak.com/istanbul-sultanbeyli-yavuz-selim-satilik/daire/133139-2001
168696-1,Barbaros Hayrettin Paşa,Esenyurt,İstanbul,7.550.000 TL,110,80,2 + 1,1,30 Katlı,13. Kat,2 Yaşında,Merkezi (Pay Öl...,Eşyalı Değil,Boş,Yabancıdan,Güney,,https://www.hepsiemlak.com/istanbul-esenyurt-barbaros-hayrettin-pasa-satilik/daire/168696-1
138068-1167,Göztepe,Kadıköy,İstanbul,22.500.000 TL,130,101,3 + 1,1,10 Katlı,10. Kat,Sıfır Bina,Kombi,Eşyalı Değil,Boş,Yabancıdan,Güney,,https://www.hepsiemlak.com/istanbul-kadikoy-goztepe-satilik/daire/138068-1167
168071-8,Karlıktepe,Kartal,İstanbul,3.490.000 TL,130,110,3 + 1,1,8 Katlı,1. Kat,26 Yaşında,Kombi,Eşyalı Değil,Mülk Sahibi,Arsa,"Kuzey, Güney, Doğu, Batı",,https://www.hepsiemlak.com/istanbul-kartal-karliktepe-satilik/daire/168071-8
54895-1171,Maden,Adalar,İstanbul,8.500.000 TL,81,58,3 + 1,1,4 Katlı,1. Kat,47 Yaşında,Isıtma Yok,Eşyalı Değil,Boş,Kat Mülkiyeti,"Kuzey, Güney, Batı",250 TL,https://www.hepsiemlak.com/istanbul-adalar-maden-satilik/daire/54895-1171
168539-15,Cumhuriyet,Çekmeköy,İstanbul,6.300.000 TL,95,80,2 + 1,1,6 Katlı,3. Kat,Sıfır Bina,Kombi,Eşyalı Değil,Boş,Kat İrtifakı,"Güney, Doğu, Batı",350 TL,https://www.hepsiemlak.com/istanbul-cekmekoy-cumhuriyet-satilik/daire/168539-15
34400-5298,Erenköy,Kadıköy,İstanbul,22.000.000 TL,125,95,3 + 1,2,11 Katlı,1. Kat,9 Yaşında,Merkezi (Pay Öl...,Eşyalı Değil,Boş,Kat Mülkiyeti,"Kuzey, Batı",2.500 TL,https://www.hepsiemlak.com/istanbul-kadikoy-erenkoy-satilik/daire/34400-5298
3447-22053,Esenkent,Maltepe,İstanbul,12.800.000 TL,153,131,3 + 1,2,4 Katlı,4. Kat,Sıfır Bina,Kombi,Eşyalı Değil,Boş,Kat İrtifakı,"Güney, Doğu, Batı",650 TL,https://www.hepsiemlak.com/istanbul-maltepe-esenkent-satilik/daire/3447-22053
1625-9642,İcadiye,Üsküdar,İstanbul,6.999.999 TL,108,88,2 + 1,1,4 Katlı,Yüksek Giriş,11 Yaşında,Kombi,Eşyalı Değil,Boş,Kat Mülkiyeti,"Doğu, Batı",150 TL,https://www.hepsiemlak.com/istanbul-uskudar-icadiye-satilik/daire/1625-9642
30863-9857,Soğanlı,Bahçelievler,İstanbul,7.500.000 TL,85,75,2 + 1,1,6 Katlı,2. Kat,Sıfır Bina,Merkezi (Pay Öl...,Eşyalı Değil,Boş,Tapu Yok,"Kuzey, Güney",,https://www.hepsiemlak.com/istanbul-bahcelievler-soganli-satilik/daire/30863-9857
9083-4718,Fatih,Büyükçekmece,İstanbul,7.150.000 TL,300,280,6 + 2,2,4 Katlı,En Üst Kat,21 Yaşında,Kombi,Eşyalı Değil,Mülk Sahibi,Kat İrtifakı,"Güney, Batı",200 TL,https://www.hepsiemlak.com/istanbul-buyukcekmece-fatih-satilik/daire/9083-4718
53653-2819,Yayalar,Pendik,İstanbul,5.100.000 TL,75,74,1 + 1,1,7 Katlı,2. Kat,7 Yaşında,Kombi,Eşyalı Değil,Boş,Kat Mülkiyeti,"Güney, Doğu, Batı",500 TL,https://www.hepsiemlak.com/istanbul-pendik-yayalar-satilik/daire/53653-2819
35090-734,Dikilitaş,Beşiktaş,İstanbul,4.700.000 TL,110,100,3 + 1,2,6 Katlı,Zemin,28 Yaşında,Kombi,,Boş,Kat İrtifakı,"Güney, Doğu, Batı",300 TL,https://www.hepsiemlak.com/istanbul-besiktas-dikilitas-satilik/daire/35090-734
32039-8729,Halide Edip Adıvar,Şişli,İstanbul,8.800.000 TL,95,70,2 + 1,1,9 Katlı,5. Kat,5 Yaşında,Merkezi,Eşyalı Değil,Boş,Kat Mülkiyeti,,4.790 TL,https://www.hepsiemlak.com/istanbul-sisli-halide-edip-adivar-satilik/daire/32039-8729
169660-3,Fatih,Küçükçekmece,İstanbul,19.000.000 TL,103,87,3 + 1,2,14 Katlı,12. Kat,3 Yaşında,Kombi,Eşyalı,Mülk Sahibi,Kat İrtifakı,"Güney, Batı",2.000 TL,https://www.hepsiemlak.com/istanbul-kucukcekmece-fatih-satilik/daire/169660-3
2312-25871,Salacak,Üsküdar,İstanbul,17.990.000 TL,90,75,2 + 1,2,5 Katlı,1. Kat,Sıfır Bina,Yerden Isıtma,Eşyalı Değil,Boş,Kat İrtifakı,"Kuzey, Doğu",2.000 TL,https://www.hepsiemlak.com/istanbul-uskudar-salacak-satilik/daire/2312-25871
7374-3990,Muradiye,Beşiktaş,İstanbul,6.750.000 TL,85,75,2 + 1,1,4 Katlı,En Üst Kat,35 Yaşında,Kombi,Eşyalı Değil,Boş,Kat Mülkiyeti,,,https://www.hepsiemlak.com/istanbul-besiktas-muradiye-satilik/daire/7374-3990
16521-1910,Ünalan,Üsküdar,İstanbul,9.950.000 TL,108,94,3 + 1,2,7 Katlı,Yüksek Giriş,34 Yaşında,Merkezi,Eşyalı Değil,Kiracılı,Kat Mülkiyeti,"Doğu, Batı",,https://www.hepsiemlak.com/istanbul-uskudar-unalan-satilik/daire/16521-1910
1202-97226,Maslak,Sarıyer,İstanbul,15.800.000 TL,128,110,3 + 1,1,33 Katlı,18. Kat,10 Yaşında,Merkezi (Pay Öl...,,Kiracılı,Kat Mülkiyeti,,,https://www.hepsiemlak.com/istanbul-sariyer-maslak-satilik/daire/1202-97226
6946-1338,Kavaklı,Beylikdüzü,İstanbul,9.000.000 TL,130,108,3 + 1,1,8 Katlı,6. Kat,25 Yaşında,Kombi,Eşyalı Değil,Kiracılı,Kat Mülkiyeti,"Doğu, Batı",1.750 TL,https://www.hepsiemlak.com/istanbul-beylikduzu-kavakli-satilik/daire/6946-1338
125785-681,Cumhuriyet,Esenyurt,İstanbul,1.875.000 TL,95,94,2 + 1,1,5 Katlı,Bahçe Katı,5 Yaşında,Kombi,Eşyalı Değil,Boş,Kat Mülkiyeti,"Güney, Doğu",,https://www.hepsiemlak.com/istanbul-esenyurt-cumhuriyet-satilik/daire/125785-681
1791-1739,Etiler,Beşiktaş,İstanbul,42.000.000 TL,450,400,6 + 2,4,5 Katlı,Çatı Katı,40 Yaşında,Merkezi,Eşyalı Değil,Boş,Kat Mülkiyeti,Doğu,,https://www.hepsiemlak.com/istanbul-besiktas-etiler-satilik/daire/1791-1739
42003-6622,Ortabayır,Kağıthane,İstanbul,7.250.000 TL,130,105,2 + 2,1,3 Katlı,3. Kat,6 Yaşında,Kombi,Eşyalı Değil,Kiracılı,Kat İrtifakı,Batı,200 TL,https://www.hepsiemlak.com/istanbul-kagithane-ortabayir-satilik/daire/42003-6622
29114-1132,Pürtelaş Hasan Efendi,Beyoğlu,İstanbul,13.000.000 TL,60,55,2 + 1,1,5 Katlı,3. Kat,4 Yaşında,Kombi,Eşyalı Değil,Boş,Kat Mülkiyeti,,,https://www.hepsiemlak.com/istanbul-beyoglu-purtelas-hasan-efendi-satilik/daire/29114-1132
27431-11838,İçerenköy,Ataşehir,İstanbul,8.550.000 TL,125,87,3 + 1,1,5 Katlı,6. Kat,30 Yaşında,Kombi,Eşyalı Değil,Boş,Kat İrtifakı,"Güney, Doğu, Batı",500 TL,https://www.hepsiemlak.com/istanbul-atasehir-icerenkoy-satilik/daire/27431-11838
129202-1141,Yakuplu,Beylikdüzü,İstanbul,3.320.000 TL,115,105,2 + 1,2,4 Katlı,2. Kat,3 Yaşında,Kombi,Eşyalı Değil,Boş,Yabancıdan,Güney,250 TL,https://www.hepsiemlak.com/istanbul-beylikduzu-yakuplu-satilik/daire/129202-1141
33208-5648,Ferahevler,Sarıyer,İstanbul,37.500.000 TL,160,140,3 + 1,2,5 Katlı,1. Kat,1 Yaşında,Kombi,Eşyalı Değil,Boş,Kat Mülkiyeti,"Güney, Doğu",,https://www.hepsiemlak.com/istanbul-sariyer-ferahevler-satilik/daire/33208-5648
17993-45223,Gültepe,Kağıthane,İstanbul,4.650.000 TL,45,40,1 + 1,1,14 Katlı,2. Kat,6 Yaşında,Merkezi (Pay Öl...,Eşyalı Değil,Kiracılı,Kat Mülkiyeti,"Kuzey, Batı",4.626 TL,https://www.hepsiemlak.com/istanbul-kagithane-gultepe-satilik/residence/17993-45223
16076-538,Hamidiye,Kağıthane,İstanbul,8.500.000 TL,160,140,2 + 1,1,6 Katlı,3. Kat,Sıfır Bina,Kombi,Eşyalı Değil,Boş,Kat İrtifakı,Güney,,https://www.hepsiemlak.com/istanbul-kagithane-hamidiye-satilik/daire/16076-538
42096-5816,Erenköy,Kadıköy,İstanbul,25.500.000 TL,135,95,3 + 1,2,20 Katlı,10. Kat,8 Yaşında,Merkezi (Pay Öl...,Eşyalı Değil,Mülk Sahibi,Kat Mülkiyeti,Güney,,https://www.hepsiemlak.com/istanbul-kadikoy-erenkoy-satilik/daire/42096-5816
62640-1359,Akevler,Esenyurt,İstanbul,3.350.000 TL,130,100,2 + 1,1,9 Katlı,2. Kat,Sıfır Bina,Kombi,Eşyalı Değil,Boş,Kat Mülkiyeti,"Güney, Doğu",300 TL,https://www.hepsiemlak.com/istanbul-esenyurt-akevler-satilik/daire/62640-1359
112667-265,Tozkoparan,Güngören,İstanbul,9.100.000 TL,122,87,2 + 1,1,7 Katlı,Bahçe Katı,Sıfır Bina,Merkezi (Pay Öl...,Eşyalı Değil,Kiracılı,Tapu Yok,"Kuzey, Güney, Batı",3.750 TL,https://www.hepsiemlak.com/istanbul-gungoren-tozkoparan-satilik/daire/112667-265
43372-2154,Zafer,Bahçelievler,İstanbul,4.600.000 TL,80,70,2 + 1,1,4 Katlı,3. Kat,19 Yaşında,Kombi,Eşyalı Değil,Boş,Kat İrtifakı,"Güney, Doğu",,https://www.hepsiemlak.com/istanbul-bahcelievler-zafer-satilik/daire/43372-2154
129391-509,Mehmet Akif Ersoy,Esenyurt,İstanbul,4.370.000 TL,115,100,2 + 1,1,5 Katlı,2. Kat,6 Yaşında,Kombi,Eşyalı Değil,Mülk Sahibi,Kat Mülkiyeti,"Güney, Doğu, Batı",,https://www.hepsiemlak.com/istanbul-esenyurt-mehmet-akif-ersoy-satilik/daire/129391-509
8525-57269,Vişnezade,Beşiktaş,İstanbul,46.000.000 TL,135,100,1 + 1,2,14 Katlı,3. Kat,5 Yaşında,Merkezi (Pay Öl...,Eşyalı Değil,Boş,Kat Mülkiyeti,"Güney, Doğu, Batı",,https://www.hepsiemlak.com/istanbul-besiktas-visnezade-satilik/residence/8525-57269
40658-22510,Dursunköy,Arnavutköy,İstanbul,7.000.000 TL,118,82,3 + 1,1,4 Katlı,3. Kat,Sıfır Bina,Merkezi (Pay Öl...,Eşyalı Değil,Belirtilmemiş,Tapu Yok,"Kuzey, Güney, Doğu, Batı",,https://www.hepsiemlak.com/istanbul-arnavutkoy-dursunkoy-satilik/daire/40658-22510
57801-2919,Cumhuriyet,Çekmeköy,İstanbul,3.395.000 TL,60,50,1 + 1,1,5 Katlı,Giriş Katı,6 Yaşında,Kombi,Eşyalı Değil,Boş,Kat Mülkiyeti,Batı,300 TL,https://www.hepsiemlak.com/istanbul-cekmekoy-cumhuriyet-satilik/daire/57801-2919
2986-17602,Yamanevler,Ümraniye,İstanbul,7.900.000 TL,75,60,2 + 1,1,4 Katlı,4. Kat,Sıfır Bina,Kombi,Eşyalı Değil,Belirtilmemiş,Tapu Yok,"Güney, Doğu",,https://www.hepsiemlak.com/istanbul-umraniye-yamanevler-satilik/daire/2986-17602
93181-6334,Bulgurlu,Üsküdar,İstanbul,5.400.000 TL,50,40,1 + 1,1,4 Katlı,1. Kat,5 Yaşında,Kombi,Eşyalı Değil,Kiracılı,Kat İrtifakı,"Kuzey, Batı",300 TL,https://www.hepsiemlak.com/istanbul-uskudar-bulgurlu-satilik/daire/93181-6334
21218-5040,Şirinevler,Bahçelievler,İstanbul,6.150.000 TL,80,75,2 + 1,1,6 Katlı,3. Kat,Sıfır Bina,Kombi,Eşyalı,Boş,Kat İrtifakı,,,https://www.hepsiemlak.com/istanbul-bahcelievler-sirinevler-satilik/daire/21218-5040
109158-3832,Güzeltepe,Eyüpsultan,İstanbul,7.500.000 TL,85,78,2 + 1,1,7 Katlı,2. Kat,Sıfır Bina,Merkezi (Pay Öl...,Eşyalı Değil,Boş,Kat İrtifakı,"Güney, Batı",,https://www.hepsiemlak.com/istanbul-eyupsultan-guzeltepe-satilik/daire/109158-3832
140643-649,Yeşilova,Küçükçekmece,İstanbul,7.500.000 TL,125,120,3 + 1,1,2 Katlı,2. Kat,6 Yaşında,Kombi,Eşyalı Değil,Mülk Sahibi,Kat Mülkiyeti,"Güney, Doğu",250 TL,https://www.hepsiemlak.com/istanbul-kucukcekmece-yesilova-satilik/daire/140643-649
142265-433,Selahaddin Eyyubi,Esenyurt,İstanbul,2.390.000 TL,100,90,2 + 1,1,6 Katlı,4. Kat,6 Yaşında,Kombi,Eşyalı Değil,Boş,Kat İrtifakı,Güney,300 TL,https://www.hepsiemlak.com/istanbul-esenyurt-selahaddin-eyyubi-satilik/daire/142265-433
135253-932,Suadiye,Kadıköy,İstanbul,13.950.000 TL,55,40,1 + 1,1,8 Katlı,Yüksek Giriş,Sıfır Bina,Kombi,Eşyalı Değil,Boş,Dernekten/Vakıf...,Güney,,https://www.hepsiemlak.com/istanbul-kadikoy-suadiye-satilik/daire/135253-932
122463-2543,Erenköy,Kadıköy,İstanbul,26.950.000 TL,230,180,4 + 1,3,9 Katlı,9. Kat,11 Yaşında,Kombi,Eşyalı Değil,Mülk Sahibi,Kat Mülkiyeti,"Güney, Batı",,https://www.hepsiemlak.com/istanbul-kadikoy-erenkoy-satilik/daire/122463-2543
4355-136893,Orhantepe,Kartal,İstanbul,9.750.000 TL,90,75,3 + 1,1,5 Katlı,4. Kat,Sıfır Bina,Kombi,Eşyalı Değil,Boş,Kat İrtifakı,"Güney, Doğu",1.000 TL,https://www.hepsiemlak.com/istanbul-kartal-orhantepe-satilik/daire/4355-136893
137450-704,İnönü,Esenyurt,İstanbul,5.749.000 TL,250,225,5 + 2,2,6 Katlı,5. Kat,9 Yaşında,Kombi,Eşyalı Değil,Kiracılı,Kat Mülkiyeti,"Güney, Doğu",,https://www.hepsiemlak.com/istanbul-esenyurt-inonu-satilik/daire/137450-704
165186-335,Yunus Emre,Sultangazi,İstanbul,5.190.000 TL,95,90,2 + 1,1,5 Katlı,2. Kat,11 Yaşında,Kombi,Eşyalı Değil,Boş,Kat İrtifakı,"Kuzey, Güney",,https://www.hepsiemlak.com/istanbul-sultangazi-yunus-emre-satilik/daire/165186-335
75964-3225,Süleymaniye,Esenyurt,İstanbul,3.530.000 TL,90,70,2 + 1,1,5 Katlı,2. Kat,Sıfır Bina,Kombi,Eşyalı Değil,Boş,Yabancıdan,"Güney, Doğu, Batı",,https://www.hepsiemlak.com/istanbul-esenyurt-suleymaniye-satilik/daire/75964-3225
124190-561,Yeşilkent,Esenyurt,İstanbul,2.149.000 TL,80,70,1 + 1,1,16 Katlı,3. Kat,9 Yaşında,Kombi,Eşyalı Değil,Boş,Kat Mülkiyeti,"Güney, Doğu",,https://www.hepsiemlak.com/istanbul-esenyurt-yesilkent-satilik/daire/124190-561
139746-713,Suadiye,Kadıköy,İstanbul,20.290.000 TL,135,95,3 + 1,2,9 Katlı,5. Kat,8 Yaşında,Kombi,Eşyalı Değil,Boş,Kat Mülkiyeti,"Güney, Doğu",,https://www.hepsiemlak.com/istanbul-kadikoy-suadiye-satilik/daire/139746-713
164129-150,Bahçeşehir 1. Kısım,Başakşehir,İstanbul,12.500.000 TL,175,136,3 + 1,2,4 Katlı,4. Kat,6 Yaşında,Merkezi (Pay Öl...,Eşyalı Değil,Mülk Sahibi,Kat Mülkiyeti,Batı,,https://www.hepsiemlak.com/istanbul-basaksehir-bahcesehir-1-kisim-satilik/daire/164129-150
87449-4019,Göztepe,Kadıköy,İstanbul,20.900.000 TL,130,95,3 + 1,1,9 Katlı,1. Kat,9 Yaşında,Kombi,Eşyalı Değil,Mülk Sahibi,Kat Mülkiyeti,"Güney, Doğu, Batı",,https://www.hepsiemlak.com/istanbul-kadikoy-goztepe-satilik/daire/87449-4019
2150-4717,Yalı,Maltepe,İstanbul,7.200.000 TL,65,55,1 + 1,1,4 Katlı,Giriş Katı,5 Yaşında,Kombi,Eşyalı Değil,Mülk Sahibi,Kat Mülkiyeti,"Kuzey, Güney, Doğu, Batı",,https://www.hepsiemlak.com/istanbul-maltepe-yali-satilik/daire/2150-4717
155700-1195,Mimar Sinan,Sultanbeyli,İstanbul,5.525.000 TL,140,100,3 + 1,1,3 Katlı,2. Kat,4 Yaşında,Kombi,Eşyalı Değil,Mülk Sahibi,Kat Mülkiyeti,"Kuzey, Güney, Doğu, Batı",,https://www.hepsiemlak.com/istanbul-sultanbeyli-mimar-sinan-satilik/daire/155700-1195
3990-3629,Altıntepe,Maltepe,İstanbul,12.900.000 TL,100,80,3 + 1,1,5 Katlı,4. Kat,Sıfır Bina,Kombi,Eşyalı Değil,Boş,Kat İrtifakı,"Güney, Batı",,https://www.hepsiemlak.com/istanbul-maltepe-altintepe-satilik/daire/3990-3629
152700-869,Bahçelievler,Bahçelievler,İstanbul,20.000.000 TL,105,94,3 + 1,2,4 Katlı,3. Kat,Sıfır Bina,Kombi,Eşyalı Değil,Boş,Kat İrtifakı,"Kuzey, Güney, Doğu",400 TL,https://www.hepsiemlak.com/istanbul-bahcelievler-bahcelievler-satilik/daire/152700-869
168150-46,Altıntepe,Maltepe,İstanbul,8.250.000 TL,100,95,3 + 1,1,7 Katlı,1. Kat,26 Yaşında,Kombi,Eşyalı Değil,Boş,Kat Mülkiyeti,"Güney, Doğu, Batı",,https://www.hepsiemlak.com/istanbul-maltepe-altintepe-satilik/daire/168150-46
142540-332,Osmangazi,Sancaktepe,İstanbul,8.500.000 TL,130,120,3 + 1,2,5 Katlı,1. Kat,1 Yaşında,Yerden Isıtma,Eşyalı Değil,Kiracılı,Kat Mülkiyeti,Güney,1.200 TL,https://www.hepsiemlak.com/istanbul-sancaktepe-osmangazi-satilik/daire/142540-332
133139-1996,Mevlana,Sancaktepe,İstanbul,3.949.999 TL,81,73,2 + 1,1,4 Katlı,3. Kat,Sıfır Bina,Kombi,Eşyalı Değil,Boş,Kat İrtifakı,"Kuzey, Güney, Doğu, Batı",,https://www.hepsiemlak.com/istanbul-sancaktepe-mevlana-satilik/daire/133139-1996
168071-2,Hürriyet,Kartal,İstanbul,6.950.000 TL,150,130,3 + 1,1,10 Katlı,9. Kat,21 Yaşında,Kombi,Eşyalı Değil,Mülk Sahibi,Kat Mülkiyeti,"Kuzey, Güney, Doğu, Batı",,https://www.hepsiemlak.com/istanbul-kartal-hurriyet-satilik/daire/168071-2
6060-44281,Çınar,Maltepe,İstanbul,10.500.000 TL,90,75,2 + 1,1,4 Katlı,Giriş Katı,12 Yaşında,Yerden Isıtma,Eşyalı Değil,Kiracılı,Kat Mülkiyeti,"Güney, Doğu",2.000 TL,https://www.hepsiemlak.com/istanbul-maltepe-cinar-satilik/daire/6060-44281
54895-1170,Maden,Adalar,İstanbul,35.000.000 TL,278,241,6 + 3,3,3 Katlı,,143 Yaşında,Isıtma Yok,Eşyalı Değil,Boş,Müstakil Tapulu,"Kuzey, Güney, Doğu, Batı",,https://www.hepsiemlak.com/istanbul-adalar-maden-satilik/kosk/54895-1170
165076-118,Gazi,Sultangazi,İstanbul,3.600.000 TL,95,90,2 + 1,1,5 Katlı,Yüksek Giriş,21 Yaşında,Kombi,Eşyalı Değil,Kiracılı,Kat İrtifakı,Güney,,https://www.hepsiemlak.com/istanbul-sultangazi-gazi-satilik/daire/165076-118
34400-5275,Erenköy,Kadıköy,İstanbul,32.750.000 TL,150,124,4 + 1,2,11 Katlı,5. Kat,12 Yaşında,Kombi,Eşyalı Değil,Boş,Kat Mülkiyeti,"Kuzey, Doğu, Batı",2.500 TL,https://www.hepsiemlak.com/istanbul-kadikoy-erenkoy-satilik/daire/34400-5275
132217-753,Cumhuriyet,Beylikdüzü,İstanbul,3.350.000 TL,140,130,3 + 1,1,15 Katlı,Ara Kat,5 Yaşında,Kombi,Eşyalı Değil,Boş,Kat Mülkiyeti,"Kuzey, Güney",,https://www.hepsiemlak.com/istanbul-beylikduzu-cumhuriyet-satilik/daire/132217-753
6056-14195,Siyavuşpaşa,Bahçelievler,İstanbul,11.900.000 TL,110,95,3 + 1,1,5 Katlı,3. Kat,2 Yaşında,Kombi,Eşyalı Değil,Boş,Kat Mülkiyeti,"Kuzey, Güney",,https://www.hepsiemlak.com/istanbul-bahcelievler-siyavuspasa-satilik/daire/6056-14195
1792-36296,Dereağzı,Beylikdüzü,İstanbul,45.000.000 TL,350,300,5 + 1,3,3 Katlı,Bahçe Katı,Sıfır Bina,Merkezi,Eşyalı Değil,Boş,Yabancıdan,Güney,10.000 TL,https://www.hepsiemlak.com/istanbul-beylikduzu-dereagzi-satilik/villa/1792-36296
32039-8696,Mecidiyeköy,Şişli,İstanbul,10.500.000 TL,140,120,2 + 1,1,13 Katlı,1. Kat,30 Yaşında,Merkezi (Pay Öl...,Eşyalı Değil,Boş,Kat Mülkiyeti,,4.000 TL,https://www.hepsiemlak.com/istanbul-sisli-mecidiyekoy-satilik/daire/32039-8696
1077-67469,Erenköy,Kadıköy,İstanbul,13.500.000 TL,50,40,1 + 1,1,8 Katlı,8. Kat,1 Yaşında,Kombi,Eşyalı Değil,Boş,Kat Mülkiyeti,,,https://www.hepsiemlak.com/istanbul-kadikoy-erenkoy-satilik/daire/1077-67469
61168-10009,Aydınevler,Maltepe,İstanbul,14.850.000 TL,240,200,4 + 2,2,5 Katlı,5. Kat,15 Yaşında,Kombi,Eşyalı Değil,Mülk Sahibi,Kat Mülkiyeti,"Kuzey, Batı",600 TL,https://www.hepsiemlak.com/istanbul-maltepe-aydinevler-satilik/daire/61168-10009
166547-112,Bahçeşehir 1. Kısım,Başakşehir,İstanbul,18.000.000 TL,240,200,4 + 1,3,3 Katlı,3. Kat,16 Yaşında,Kombi,Eşyalı Değil,Boş,Kat Mülkiyeti,"Kuzey, Doğu, Batı",,https://www.hepsiemlak.com/istanbul-basaksehir-bahcesehir-1-kisim-satilik/daire/166547-112
118623-722,Şirintepe,Kağıthane,İstanbul,11.000.000 TL,165,155,4 + 2,2,4 Katlı,4. Kat,6 Yaşında,Kombi,Eşyalı Değil,Mülk Sahibi,Kat Mülkiyeti,,250 TL,https://www.hepsiemlak.com/istanbul-kagithane-sirintepe-satilik/daire/118623-722
164895-100,İmrenli,Şile,İstanbul,10.700.000 TL,190,150,4 + 2,3,3 Katlı,Bahçe Katı,26 Yaşında,Kombi,Eşyalı Değil,Boş,Kat Mülkiyeti,"Kuzey, Güney, Doğu, Batı",,https://www.hepsiemlak.com/istanbul-sile-imrenli-satilik/villa/164895-100
165974-81,Hürriyet,Bahçelievler,İstanbul,5.000.000 TL,90,85,2 + 1,1,5 Katlı,1. Kat,16 Yaşında,Kombi,Eşyalı Değil,Boş,Kat İrtifakı,,,https://www.hepsiemlak.com/istanbul-bahcelievler-hurriyet-satilik/daire/165974-81
133334-676,Seyrantepe,Kağıthane,İstanbul,5.900.000 TL,110,100,2 + 1,1,5 Katlı,3. Kat,21 Yaşında,Yerden Isıtma,Eşyalı Değil,Mülk Sahibi,Arsa,"Kuzey, Güney",,https://www.hepsiemlak.com/istanbul-kagithane-seyrantepe-satilik/daire/133334-676
1114-5667,Bahçelievler,Bahçelievler,İstanbul,21.000.000 TL,320,300,4 + 2,2,4 Katlı,4. Kat,30 Yaşında,Kombi,,,Kat Mülkiyeti,,,https://www.hepsiemlak.com/istanbul-bahcelievler-bahcelievler-satilik/daire/1114-5667
131185-1078,Ahmediye,Üsküdar,İstanbul,4.350.000 TL,65,50,2 + 1,1,4 Katlı,4. Kat,31 Yaşında,Kombi,Eşyalı Değil,Kiracılı,Kat Mülkiyeti,"Güney, Batı",,https://www.hepsiemlak.com/istanbul-uskudar-ahmediye-satilik/daire/131185-1078
169739-21,Feyzullah,Maltepe,İstanbul,12.500.000 TL,155,140,4 + 1,1,4 Katlı,1. Kat,35 Yaşında,Kombi,Eşyalı Değil,Kiracılı,Kat İrtifakı,"Kuzey, Güney, Batı",,https://www.hepsiemlak.com/istanbul-maltepe-feyzullah-satilik/daire/169739-21
149007-178,Kavacık,Beykoz,İstanbul,10.000.000 TL,120,115,2 + 1,1,8 Katlı,Yüksek Giriş,18 Yaşında,Kombi,Eşyalı Değil,Kiracılı,Kat Mülkiyeti,"Kuzey, Batı",,https://www.hepsiemlak.com/istanbul-beykoz-kavacik-satilik/daire/149007-178
168920-163,Karadeniz,Gaziosmanpaşa,İstanbul,4.999.000 TL,100,90,2 + 1,1,5 Katlı,4. Kat,21 Yaşında,Kombi,Eşyalı Değil,Mülk Sahibi,Kat İrtifakı,Kuzey,,https://www.hepsiemlak.com/istanbul-gaziosmanpasa-karadeniz-satilik/daire/168920-163
0-46951494,Esentepe,Eyüpsultan,İstanbul,6.250.000 TL,90,65,2 + 1,1,5 Katlı,1. Kat,17 Yaşında,Kombi,Eşyalı Değil,Mülk Sahibi,Kat Mülkiyeti,"Kuzey, Doğu, Batı",200 TL,https://www.hepsiemlak.com/istanbul-eyupsultan-esentepe-satilik/daire/0-46951494
156328-362,Aydınevler,Maltepe,İstanbul,15.250.000 TL,235,200,5 + 2,3,4 Katlı,4. Kat,11 Yaşında,Kombi,Eşyalı Değil,Boş,Kat İrtifakı,"Güney, Doğu",,https://www.hepsiemlak.com/istanbul-maltepe-aydinevler-satilik/daire/156328-362
81240-12529,Gültepe,Kağıthane,İstanbul,7.450.000 TL,135,120,3 + 1,2,4 Katlı,4. Kat,6 Yaşında,Kombi,Eşyalı Değil,Mülk Sahibi,Kat Mülkiyeti,Güney,,https://www.hepsiemlak.com/istanbul-kagithane-gultepe-satilik/daire/81240-12529
104922-198,Mehmet Akif,Küçükçekmece,İstanbul,8.800.000 TL,230,210,5 + 2,2,5 Katlı,4. Kat,6 Yaşında,Kombi,Eşyalı Değil,Mülk Sahibi,Kat Mülkiyeti,Güney,100 TL,https://www.hepsiemlak.com/istanbul-kucukcekmece-mehmet-akif-satilik/daire/104922-198
169825-56,Malkoçoğlu,Sultangazi,İstanbul,7.500.000 TL,120,115,3 + 1,1,4 Katlı,2. Kat,Sıfır Bina,Kombi,Eşyalı Değil,Boş,Yabancıdan,"Güney, Doğu",,https://www.hepsiemlak.com/istanbul-sultangazi-malkocoglu-satilik/daire/169825-56
168865-30,Yunus Emre,Esenyurt,İstanbul,3.395.000 TL,125,115,2 + 1,2,3 Katlı,3. Kat,6 Yaşında,Kombi,Eşyalı Değil,Kiracılı,Yabancıdan,Güney,,https://www.hepsiemlak.com/istanbul-esenyurt-yunus-emre-satilik/daire/168865-30
124094-3048,İsmetpaşa,Sultangazi,İstanbul,3.749.000 TL,120,110,2 + 1,1,4 Katlı,1. Kat,26 Yaşında,Kombi,Eşyalı Değil,Kiracılı,Arsa,Güney,,https://www.hepsiemlak.com/istanbul-sultangazi-ismetpasa-satilik/daire/124094-3048
169061-17,Güven,Güngören,İstanbul,7.450.000 TL,100,83,2 + 1,1,4 Katlı,1. Kat,5 Yaşında,Kombi,Eşyalı Değil,Mülk Sahibi,Kat Mülkiyeti,Güney,300 TL,https://www.hepsiemlak.com/istanbul-gungoren-guven-satilik/daire/169061-17
159750-50,Yunus Emre,Sancaktepe,İstanbul,6.000.000 TL,155,140,3 + 1,2,6 Katlı,4. Kat,11 Yaşında,Kombi,Eşyalı Değil,Kiracılı,Kat İrtifakı,Batı,400 TL,https://www.hepsiemlak.com/istanbul-sancaktepe-yunus-emre-satilik/daire/159750-50
147709-94,Birlik,Esenler,İstanbul,4.700.000 TL,85,75,2 + 1,1,5 Katlı,Yüksek Giriş,11 Yaşında,Kombi,Eşyalı Değil,Kiracılı,Kat İrtifakı,Güney,,https://www.hepsiemlak.com/istanbul-esenler-birlik-satilik/daire/147709-94
142466-169,Hürriyet,Bağcılar,İstanbul,3.650.000 TL,85,75,2 + 1,1,5 Katlı,1. Kat,31 Yaşında,Kombi,Eşyalı Değil,Mülk Sahibi,Hisseli Tapu,"Kuzey, Güney, Doğu, Batı",,https://www.hepsiemlak.com/istanbul-bagcilar-hurriyet-satilik/daire/142466-169
41676-78,Yunus Emre,Sancaktepe,İstanbul,4.575.000 TL,90,75,2 + 1,1,3 Katlı,2. Kat,6 Yaşında,Kombi,Eşyalı Değil,Boş,Kat Mülkiyeti,"Kuzey, Doğu",300 TL,https://www.hepsiemlak.com/istanbul-sancaktepe-yunus-emre-satilik/daire/41676-78
3377-3779,Ulus,Beşiktaş,İstanbul,58.750.000 TL,220,180,4 + 1,2,5 Katlı,3. Kat,30 Yaşında,Merkezi (Pay Öl...,,Boş,Kat İrtifakı,,,https://www.hepsiemlak.com/istanbul-besiktas-ulus-satilik/daire/3377-3779
144925-465,Mareşal Çakmak,Güngören,İstanbul,3.710.000 TL,110,100,2 + 1,1,4 Katlı,4. Kat,31 Yaşında,Kombi,Eşyalı Değil,Kiracılı,Kat İrtifakı,"Kuzey, Güney, Doğu",50 TL,https://www.hepsiemlak.com/istanbul-gungoren-maresal-cakmak-satilik/daire/144925-465
169702-4,Fevzi Çakmak,Bağcılar,İstanbul,2.780.000 TL,120,110,2 + 1,1,4 Katlı,2. Kat,26 Yaşında,Kombi,Eşyalı Değil,Mülk Sahibi,Hisseli Tapu,"Güney, Doğu",50 TL,https://www.hepsiemlak.com/istanbul-bagcilar-fevzi-cakmak-satilik/daire/169702-4
35850-3740,Şehremini,Fatih,İstanbul,4.600.000 TL,85,78,2 + 1,1,5 Katlı,2. Kat,45 Yaşında,Kombi,Eşyalı Değil,Mülk Sahibi,Kat Mülkiyeti,"Kuzey, Güney",150 TL,https://www.hepsiemlak.com/istanbul-fatih-sehremini-satilik/daire/35850-3740
100355-168,Altınşehir,Ümraniye,İstanbul,5.150.000 TL,90,80,2 + 1,1,4 Katlı,2. Kat,21 Yaşında,Kombi,Eşyalı Değil,Boş,Kat Mülkiyeti,Güney,250 TL,https://www.hepsiemlak.com/istanbul-umraniye-altinsehir-satilik/daire/100355-168
163730-74,Silivrikapı,Fatih,İstanbul,11.900.000 TL,130,120,3 + 1,1,5 Katlı,2. Kat,40 Yaşında,Kombi,Eşyalı Değil,Mülk Sahibi,Kat Mülkiyeti,"Kuzey, Güney",1.000 TL,https://www.hepsiemlak.com/istanbul-fatih-silivrikapi-satilik/daire/163730-74
162312-48,Fatih,Sultanbeyli,İstanbul,4.275.000 TL,150,135,3 + 1,1,3 Katlı,1. Kat,15 Yaşında,Kombi,Eşyalı Değil,,Arsa,"Güney, Doğu",,https://www.hepsiemlak.com/istanbul-sultanbeyli-fatih-satilik/daire/162312-48
145847-343,Koca Mustafapaşa,Fatih,İstanbul,5.100.000 TL,110,100,2 + 1,1,4 Katlı,4. Kat,39 Yaşında,Kombi,Eşyalı Değil,Kiracılı,Kat Mülkiyeti,"Kuzey, Güney",100 TL,https://www.hepsiemlak.com/istanbul-fatih-koca-mustafapasa-satilik/daire/145847-343
34250-2811,Kuloğlu,Beyoğlu,İstanbul,18.950.000 TL,200,160,4 + 2,2,4 Katlı,4. Kat,109 Yaşında,Merkezi (Pay Öl...,Eşyalı Değil,Boş,Kat Mülkiyeti,"Güney, Doğu, Batı",4.000 TL,https://www.hepsiemlak.com/istanbul-beyoglu-kuloglu-satilik/daire/34250-2811
162480-4,Çavuş,Şile,İstanbul,42.000.000 TL,426,377,7 + 1,5,3 Katlı,,Sıfır Bina,Yerden Isıtma,Eşyalı Değil,Boş,Kat Mülkiyeti,Güney,,https://www.hepsiemlak.com/istanbul-sile-cavus-satilik/villa/162480-4
150966-58,Sümbül Efendi,Fatih,İstanbul,1.450.000 TL,65,60,1 + 1,1,3 Katlı,Yarı Bodrum,32 Yaşında,Isıtma Yok,Eşyalı,Kiracılı,Kat Mülkiyeti,Doğu,50 TL,https://www.hepsiemlak.com/istanbul-fatih-sumbul-efendi-satilik/daire/150966-58
109079-1509,Seyitnizam,Zeytinburnu,İstanbul,4.500.000 TL,95,80,2 + 1,1,4 Katlı,Ara Kat,30 Yaşında,Kombi,Eşyalı Değil,Boş,Tapu Yok,"Kuzey, Güney, Doğu, Batı",10 TL,https://www.hepsiemlak.com/istanbul-zeytinburnu-seyitnizam-satilik/daire/109079-1509
73540-12064,İçerenköy,Ataşehir,İstanbul,8.500.000 TL,85,70,2 + 1,1,4 Katlı,1. Kat,Sıfır Bina,Kombi,Eşyalı Değil,Boş,Kat Mülkiyeti,"Güney, Doğu, Batı",,https://www.hepsiemlak.com/istanbul-atasehir-icerenkoy-satilik/daire/73540-12064
31234-79860,Zeynep Kamil,Üsküdar,İstanbul,6.400.000 TL,80,75,2 + 1,1,4 Katlı,Yüksek Giriş,11 Yaşında,Kombi,Eşyalı Değil,Kiracılı,Kat Mülkiyeti,Doğu,,https://www.hepsiemlak.com/istanbul-uskudar-zeynep-kamil-satilik/daire/31234-79860
47521-2530,Abbasağa,Beşiktaş,İstanbul,8.700.000 TL,100,80,3 + 1,1,5 Katlı,4. Kat,31 Yaşında,Kombi,Eşyalı Değil,Mülk Sahibi,Kat İrtifakı,"Kuzey, Güney, Doğu, Batı",250 TL,https://www.hepsiemlak.com/istanbul-besiktas-abbasaga-satilik/daire/47521-2530
85989-1570,İnönü,Bağcılar,İstanbul,12.000.000 TL,159,96,3 + 1,2,12 Katlı,7. Kat,1 Yaşında,Kombi,Eşyalı Değil,Boş,Kat Mülkiyeti,"Kuzey, Güney, Doğu, Batı",750 TL,https://www.hepsiemlak.com/istanbul-bagcilar-inonu-satilik/daire/85989-1570
1999-4772,Armağanevler,Ümraniye,İstanbul,7.650.000 TL,90,75,2 + 1,2,8 Katlı,2. Kat,6 Yaşında,Kombi,Eşyalı Değil,Boş,Kat Mülkiyeti,"Kuzey, Güney, Doğu",2.250 TL,https://www.hepsiemlak.com/istanbul-umraniye-armaganevler-satilik/daire/1999-4772
135843-120,İnönü,Bağcılar,İstanbul,4.900.000 TL,80,75,2 + 1,1,4 Katlı,3. Kat,11 Yaşında,Kombi,,Mülk Sahibi,Kat İrtifakı,"Kuzey, Doğu",,https://www.hepsiemlak.com/istanbul-bagcilar-inonu-satilik/daire/135843-120
170391-9,Haznedar,Güngören,İstanbul,9.100.000 TL,90,85,2 + 1,1,5 Katlı,4. Kat,Sıfır Bina,Kombi,Eşyalı Değil,Boş,Kat İrtifakı,"Doğu, Batı",,https://www.hepsiemlak.com/istanbul-gungoren-haznedar-satilik/daire/170391-9
166585-92,Karadeniz,Gaziosmanpaşa,İstanbul,3.250.000 TL,87,80,2 + 1,1,5 Katlı,2. Kat,26 Yaşında,Kombi,Eşyalı Değil,Boş,Kat İrtifakı,Güney,,https://www.hepsiemlak.com/istanbul-gaziosmanpasa-karadeniz-satilik/daire/166585-92
34291-130,Kordonboyu,Kartal,İstanbul,7.300.000 TL,100,88,2 + 1,1,5 Katlı,3. Kat,50 Yaşında,Merkezi,Eşyalı Değil,Kiracılı,Kat İrtifakı,,1.200 TL,https://www.hepsiemlak.com/istanbul-kartal-kordonboyu-satilik/daire/34291-130
125767-211,Necip Fazıl Kısakürek,Esenyurt,İstanbul,2.780.000 TL,125,118,2 + 1,2,30 Katlı,21 ve üzeri,11 Yaşında,Merkezi (Pay Öl...,Eşyalı Değil,Kiracılı,Yabancıdan,"Güney, Batı",5.200 TL,https://www.hepsiemlak.com/istanbul-esenyurt-necip-fazil-kisakurek-satilik/daire/125767-211
2312-25869,Göztepe,Kadıköy,İstanbul,23.900.000 TL,130,102,3 + 1,1,10 Katlı,10. Kat,Sıfır Bina,Kombi,Eşyalı Değil,Boş,Kat İrtifakı,"Güney, Doğu, Batı",,https://www.hepsiemlak.com/istanbul-kadikoy-goztepe-satilik/daire/2312-25869
1625-9796,Fulya,Şişli,İstanbul,5.200.000 TL,90,80,2 + 1,1,6 Katlı,6. Kat,30 Yaşında,Kombi,Eşyalı Değil,Kiracılı,Kat Mülkiyeti,"Doğu, Batı",450 TL,https://www.hepsiemlak.com/istanbul-sisli-fulya-satilik/daire/1625-9796
117217-393,Sultaniye,Esenyurt,İstanbul,2.500.000 TL,120,110,3 + 1,2,4 Katlı,Yüksek Giriş,6 Yaşında,Kombi,Eşyalı Değil,Boş,Kat Mülkiyeti,,,https://www.hepsiemlak.com/istanbul-esenyurt-sultaniye-satilik/daire/117217-393
2369-41155,Suadiye,Kadıköy,İstanbul,67.500.000 TL,180,136,4 + 1,2,13 Katlı,10. Kat,38 Yaşında,Merkezi,,Kiracılı,Kat Mülkiyeti,Doğu,5.000 TL,https://www.hepsiemlak.com/istanbul-kadikoy-suadiye-satilik/daire/2369-41155
7499-17319,Bahçelievler,Üsküdar,İstanbul,9.350.000 TL,110,100,3 + 1,1,5 Katlı,3. Kat,27 Yaşında,Merkezi,Eşyalı Değil,,Kat Mülkiyeti,Güney,,https://www.hepsiemlak.com/istanbul-uskudar-bahcelievler-satilik/daire/7499-17319
9083-5069,Atatürk,Büyükçekmece,İstanbul,4.200.000 TL,75,65,2 + 1,1,4 Katlı,Bahçe Katı,7 Yaşında,Kombi,Eşyalı Değil,Kiracılı,Kat Mülkiyeti,Güney,500 TL,https://www.hepsiemlak.com/istanbul-buyukcekmece-ataturk-satilik/daire/9083-5069
54389-3076,Çatalmeşe,Çekmeköy,İstanbul,6.500.000 TL,85,70,2 + 1,1,5 Katlı,2. Kat,Sıfır Bina,Kombi,Eşyalı Değil,Boş,Kat Mülkiyeti,"Güney, Batı",,https://www.hepsiemlak.com/istanbul-cekmekoy-catalmese-satilik/daire/54389-3076
73025-6097,Şahkulu,Beyoğlu,İstanbul,22.000.000 TL,110,90,3 + 1,1,5 Katlı,4. Kat,31 Yaşında,Kombi,Eşyalı Değil,Boş,Kat Mülkiyeti,"Kuzey, Batı",,https://www.hepsiemlak.com/istanbul-beyoglu-sahkulu-satilik/daire/73025-6097
123272-390,Yeni Mahalle,Küçükçekmece,İstanbul,12.750.000 TL,240,200,5 + 2,2,5 Katlı,4. Kat,2 Yaşında,Kombi,Eşyalı Değil,Mülk Sahibi,Kat Mülkiyeti,"Güney, Batı",500 TL,https://www.hepsiemlak.com/istanbul-kucukcekmece-yeni-mahalle-satilik/daire/123272-390
77929-3289,Teşvikiye,Şişli,İstanbul,25.000.000 TL,110,90,2 + 1,1,16 Katlı,14. Kat,11 Yaşında,Merkezi,Eşyalı Değil,Boş,Kat Mülkiyeti,"Kuzey, Güney",,https://www.hepsiemlak.com/istanbul-sisli-tesvikiye-satilik/residence/77929-3289
62640-1403,Fatih,Esenyurt,İstanbul,1.695.000 TL,120,100,2 + 1,1,5 Katlı,1. Kat,5 Yaşında,Kombi,Eşyalı Değil,Mülk Sahibi,Kat Mülkiyeti,"Güney, Doğu",,https://www.hepsiemlak.com/istanbul-esenyurt-fatih-satilik/daire/62640-1403
8521-2480,19 Mayıs,Şişli,İstanbul,9.000.000 TL,100,85,3 + 1,2,4 Katlı,2. Kat,26 Yaşında,Kombi,Eşyalı Değil,Boş,Kat Mülkiyeti,"Güney, Doğu, Batı",,https://www.hepsiemlak.com/istanbul-sisli-19-mayis-satilik/daire/8521-2480
152212-60,Hamidiye,Çekmeköy,İstanbul,5.850.000 TL,85,75,2 + 1,1,5 Katlı,2. Kat,11 Yaşında,Kombi,Eşyalı Değil,Boş,Kat Mülkiyeti,"Güney, Doğu",,https://www.hepsiemlak.com/istanbul-cekmekoy-hamidiye-satilik/daire/152212-60
3424-334,Bostancı,Kadıköy,İstanbul,15.350.000 TL,95,75,2 + 1,2,13 Katlı,6. Kat,Sıfır Bina,Merkezi (Pay Öl...,Eşyalı Değil,Boş,Kat İrtifakı,"Güney, Doğu",,https://www.hepsiemlak.com/istanbul-kadikoy-bostanci-satilik/daire/3424-334
72229-1027,Cihangir,Beyoğlu,İstanbul,16.500.000 TL,120,100,2 + 1,1,4 Katlı,4. Kat,45 Yaşında,Kombi,,Mülk Sahibi,Kat Mülkiyeti,"Güney, Doğu",,https://www.hepsiemlak.com/istanbul-beyoglu-cihangir-satilik/daire/72229-1027
105836-594,Gülbahar,Şişli,İstanbul,4.150.000 TL,80,70,2 + 1,1,7 Katlı,7. Kat,26 Yaşında,Kombi,Eşyalı Değil,Kiracılı,Arsa,,300 TL,https://www.hepsiemlak.com/istanbul-sisli-gulbahar-satilik/daire/105836-594
8525-57292,Nisbetiye,Beşiktaş,İstanbul,127.500.000 TL,320,290,5 + 1,3,30 Katlı,20. Kat,3 Yaşında,Merkezi (Pay Öl...,Eşyalı Değil,Boş,Yabancıdan,"Güney, Doğu, Batı",,https://www.hepsiemlak.com/istanbul-besiktas-nisbetiye-satilik/residence/8525-57292
142265-430,Mehterçeşme,Esenyurt,İstanbul,2.950.000 TL,100,90,2 + 1,1,6 Katlı,1. Kat,10 Yaşında,Kombi,Eşyalı Değil,Boş,Kat İrtifakı,Güney,250 TL,https://www.hepsiemlak.com/istanbul-esenyurt-mehtercesme-satilik/daire/142265-430
122463-2539,Erenköy,Kadıköy,İstanbul,29.950.000 TL,150,115,3 + 1,2,12 Katlı,9. Kat,Sıfır Bina,Kombi,Eşyalı Değil,Boş,Kat Mülkiyeti,Güney,,https://www.hepsiemlak.com/istanbul-kadikoy-erenkoy-satilik/daire/122463-2539
139746-712,Bostancı,Kadıköy,İstanbul,15.500.000 TL,95,75,2 + 1,2,13 Katlı,6. Kat,Sıfır Bina,Merkezi (Pay Öl...,Eşyalı Değil,Boş,Kat İrtifakı,"Güney, Doğu",,https://www.hepsiemlak.com/istanbul-kadikoy-bostanci-satilik/daire/139746-712
87449-4007,Erenköy,Kadıköy,İstanbul,23.950.000 TL,130,100,2 + 1,1,14 Katlı,9. Kat,6 Yaşında,Merkezi (Pay Öl...,Eşyalı Değil,Boş,Kat Mülkiyeti,Güney,,https://www.hepsiemlak.com/istanbul-kadikoy-erenkoy-satilik/daire/87449-4007
2150-4704,Çınar,Maltepe,İstanbul,6.500.000 TL,90,80,2 + 1,1,4 Katlı,1. Kat,30 Yaşında,Kombi,Eşyalı Değil,Mülk Sahibi,Kat Mülkiyeti,"Kuzey, Güney, Doğu, Batı",,https://www.hepsiemlak.com/istanbul-maltepe-cinar-satilik/daire/2150-4704
158869-42,Barbaros Hayrettin Paşa,Esenyurt,İstanbul,4.500.000 TL,120,105,2 + 1,2,8 Katlı,Yüksek Giriş,16 Yaşında,Kombi,Eşyalı Değil,Mülk Sahibi,Kat Mülkiyeti,"Güney, Doğu",,https://www.hepsiemlak.com/istanbul-esenyurt-barbaros-hayrettin-pasa-satilik/daire/158869-42
142540-322,Mimar Sinan,Sultanbeyli,İstanbul,7.699.000 TL,130,120,3 + 1,2,7 Katlı,5. Kat,Sıfır Bina,Kombi,Eşyalı Değil,Boş,Yabancıdan,Güney,500 TL,https://www.hepsiemlak.com/istanbul-sultanbeyli-mimar-sinan-satilik/daire/142540-322
164129-132,Çamçeşme,Pendik,İstanbul,9.800.000 TL,119,92,2 + 1,2,10 Katlı,3. Kat,1 Yaşında,Merkezi (Pay Öl...,Eşyalı Değil,Boş,Tapu Yok,"Güney, Batı",,https://www.hepsiemlak.com/istanbul-pendik-camcesme-satilik/daire/164129-132
6060-44269,Altıntepe,Maltepe,İstanbul,20.500.000 TL,175,148,3 + 2,2,5 Katlı,5. Kat,Sıfır Bina,Merkezi,Eşyalı Değil,Boş,Tapu Yok,Güney,1.500 TL,https://www.hepsiemlak.com/istanbul-maltepe-altintepe-satilik/daire/6060-44269
155700-1086,Abdurrahmangazi,Sultanbeyli,İstanbul,5.675.000 TL,155,135,3 + 1,2,4 Katlı,4. Kat,Sıfır Bina,Kombi,Eşyalı Değil,Boş,Kat İrtifakı,"Kuzey, Güney, Doğu, Batı",400 TL,https://www.hepsiemlak.com/istanbul-sultanbeyli-abdurrahmangazi-satilik/daire/155700-1086
54895-1149,Nizam,Adalar,İstanbul,15.500.000 TL,143,126,5 + 1,3,3 Katlı,3. Kat,38 Yaşında,Klima,Eşyalı Değil,Boş,Kat Mülkiyeti,"Kuzey, Güney, Doğu, Batı",7.500 TL,https://www.hepsiemlak.com/istanbul-adalar-nizam-satilik/daire/54895-1149
69330-149,Cumhuriyet,Bahçelievler,İstanbul,6.500.000 TL,135,120,3 + 1,2,5 Katlı,1. Kat,21 Yaşında,Kombi,Eşyalı Değil,Mülk Sahibi,Kat İrtifakı,Güney,,https://www.hepsiemlak.com/istanbul-bahcelievler-cumhuriyet-satilik/daire/69330-149
129391-505,Adnan Kahveci,Beylikdüzü,İstanbul,4.800.000 TL,105,95,2 + 1,2,8 Katlı,4. Kat,Sıfır Bina,Kombi,Eşyalı Değil,Boş,Tapu Yok,"Güney, Doğu, Batı",,https://www.hepsiemlak.com/istanbul-beylikduzu-adnan-kahveci-satilik/daire/129391-505
129202-972,Yakuplu,Beylikdüzü,İstanbul,2.465.000 TL,120,110,2 + 1,1,6 Katlı,2. Kat,2 Yaşında,Kombi,Eşyalı Değil,Boş,Yabancıdan,"Güney, Doğu",80 TL,https://www.hepsiemlak.com/istanbul-beylikduzu-yakuplu-satilik/daire/129202-972
136915-1969,Merkez,Gaziosmanpaşa,İstanbul,4.600.000 TL,90,80,2 + 1,1,3 Katlı,1. Kat,6 Yaşında,Kombi,Eşyalı Değil,Mülk Sahibi,Kat Mülkiyeti,"Kuzey, Güney, Doğu, Batı",,https://www.hepsiemlak.com/istanbul-gaziosmanpasa-merkez-satilik/daire/136915-1969
140021-531,Cumhuriyet,Esenyurt,İstanbul,3.600.000 TL,115,105,2 + 1,1,4 Katlı,2. Kat,Sıfır Bina,Kombi,Eşyalı Değil,Boş,Yabancıdan,"Güney, Doğu",,https://www.hepsiemlak.com/istanbul-esenyurt-cumhuriyet-satilik/daire/140021-531
129150-576,Şirintepe,Kağıthane,İstanbul,5.000.000 TL,70,60,2 + 1,1,6 Katlı,Kot 1,9 Yaşında,Kombi,Eşyalı Değil,Kiracılı,Kat Mülkiyeti,"Kuzey, Doğu",,https://www.hepsiemlak.com/istanbul-kagithane-sirintepe-satilik/daire/129150-576
168920-162,Karadeniz,Gaziosmanpaşa,İstanbul,4.900.000 TL,100,90,2 + 1,1,5 Katlı,4. Kat,21 Yaşında,Kombi,Eşyalı Değil,Mülk Sahibi,Kat İrtifakı,Güney,,https://www.hepsiemlak.com/istanbul-gaziosmanpasa-karadeniz-satilik/daire/168920-162
104922-197,Mehmet Akif,Küçükçekmece,İstanbul,1.925.000 TL,90,80,2 + 1,1,6 Katlı,1. Kat,26 Yaşında,Kombi,Eşyalı Değil,Mülk Sahibi,Hisseli Tapu,"Güney, Doğu",100 TL,https://www.hepsiemlak.com/istanbul-kucukcekmece-mehmet-akif-satilik/daire/104922-197
118623-708,Bahçeköy Yeni,Sarıyer,İstanbul,16.900.000 TL,190,180,4 + 2,2,5 Katlı,2. Kat,3 Yaşında,Kombi,Eşyalı Değil,Kiracılı,Hisseli Tapu,"Güney, Batı",1.550 TL,https://www.hepsiemlak.com/istanbul-sariyer-bahcekoy-yeni-satilik/daire/118623-708
145404-876,Mimar Sinan,Sultanbeyli,İstanbul,5.950.000 TL,130,95,3 + 1,2,5 Katlı,2. Kat,Sıfır Bina,Kombi,Eşyalı Değil,Boş,Kat Mülkiyeti,Güney,200 TL,https://www.hepsiemlak.com/istanbul-sultanbeyli-mimar-sinan-satilik/daire/145404-876
147891-188,Süleymaniye,Esenyurt,İstanbul,1.389.000 TL,90,80,2 + 1,1,4 Katlı,Bahçe Katı,9 Yaşında,Kombi,Eşyalı Değil,Boş,Kat Mülkiyeti,"Kuzey, Güney, Doğu, Batı",,https://www.hepsiemlak.com/istanbul-esenyurt-suleymaniye-satilik/daire/147891-188
166704-24,Karlıtepe,Gaziosmanpaşa,İstanbul,5.500.000 TL,90,80,2 + 1,1,4 Katlı,1. Kat,6 Yaşında,Merkezi (Pay Öl...,Eşyalı Değil,Boş,Kat Mülkiyeti,Güney,300 TL,https://www.hepsiemlak.com/istanbul-gaziosmanpasa-karlitepe-satilik/daire/166704-24
169892-22,Göztepe,Kadıköy,İstanbul,20.900.000 TL,130,95,3 + 1,1,9 Katlı,1. Kat,6 Yaşında,Kombi,Eşyalı Değil,Mülk Sahibi,Yabancıdan,,,https://www.hepsiemlak.com/istanbul-kadikoy-goztepe-satilik/daire/169892-22
169877-1,Esenevler,Ümraniye,İstanbul,9.350.000 TL,160,140,3 + 2,2,5 Katlı,5. Kat,16 Yaşında,Kombi,Eşyalı Değil,Mülk Sahibi,Kat İrtifakı,,,https://www.hepsiemlak.com/istanbul-umraniye-esenevler-satilik/daire/169877-1
168151-10,Kocasinan Merkez,Bahçelievler,İstanbul,4.650.000 TL,80,70,2 + 1,1,4 Katlı,Yüksek Giriş,13 Yaşında,Kombi,,,Kat İrtifakı,Güney,,https://www.hepsiemlak.com/istanbul-bahcelievler-kocasinan-merkez-satilik/daire/168151-10
160760-236,Merkez,Avcılar,İstanbul,2.400.000 TL,80,70,2 + 1,1,5 Katlı,Yüksek Giriş,26 Yaşında,Kombi,Eşyalı Değil,Mülk Sahibi,Arsa,"Güney, Doğu",,https://www.hepsiemlak.com/istanbul-avcilar-merkez-satilik/daire/160760-236
98253-1149,Fatih,Büyükçekmece,İstanbul,6.500.000 TL,160,150,3 + 1,2,4 Katlı,3. Kat,35 Yaşında,Kombi,,Boş,Kat Mülkiyeti,"Güney, Doğu",,https://www.hepsiemlak.com/istanbul-buyukcekmece-fatih-satilik/daire/98253-1149
164415-120,Barış,Beylikdüzü,İstanbul,5.900.000 TL,185,150,3 + 1,2,12 Katlı,9. Kat,21 Yaşında,Kombi,Eşyalı Değil,Mülk Sahibi,Kat Mülkiyeti,Güney,1.500 TL,https://www.hepsiemlak.com/istanbul-beylikduzu-baris-satilik/daire/164415-120
145839-178,Güzeltepe,Eyüpsultan,İstanbul,4.800.000 TL,120,95,2 + 1,1,5 Katlı,Yarı Bodrum,16 Yaşında,Kombi,Eşyalı Değil,Boş,Kat Mülkiyeti,"Güney, Doğu",200 TL,https://www.hepsiemlak.com/istanbul-eyupsultan-guzeltepe-satilik/daire/145839-178
159866-481,İstiklal,Ümraniye,İstanbul,4.500.000 TL,80,65,2 + 1,1,5 Katlı,Bahçe Katı,16 Yaşında,Kombi,Eşyalı Değil,Mülk Sahibi,Kat Mülkiyeti,"Güney, Batı",300 TL,https://www.hepsiemlak.com/istanbul-umraniye-istiklal-satilik/daire/159866-481
162312-39,Fatih,Sultanbeyli,İstanbul,3.950.000 TL,125,110,4 + 1,1,3 Katlı,Yüksek Giriş,Sıfır Bina,Kombi,Eşyalı Değil,Boş,Kat Mülkiyeti,"Kuzey, Güney",,https://www.hepsiemlak.com/istanbul-sultanbeyli-fatih-satilik/daire/162312-39
150653-56,Camiikebir,Beyoğlu,İstanbul,2.500.000 TL,85,72,2 + 1,1,5 Katlı,Kot 2,31 Yaşında,Kombi,Eşyalı Değil,Boş,Kat İrtifakı,,,https://www.hepsiemlak.com/istanbul-beyoglu-camiikebir-satilik/daire/150653-56
2608-5407,Fulya,Şişli,İstanbul,15.000.000 TL,155,145,3 + 1,1,7 Katlı,3. Kat,17 Yaşında,Kombi,Eşyalı Değil,Boş,Arsa,"Güney, Doğu, Batı",,https://www.hepsiemlak.com/istanbul-sisli-fulya-satilik/daire/2608-5407
87701-4145,Mehmet Akif,Küçükçekmece,İstanbul,4.450.000 TL,85,80,2 + 1,1,5 Katlı,2. Kat,5 Yaşında,Kombi,Eşyalı Değil,Mülk Sahibi,Kat Mülkiyeti,"Kuzey, Güney",,https://www.hepsiemlak.com/istanbul-kucukcekmece-mehmet-akif-satilik/daire/87701-4145
109158-3903,Çırçır,Eyüpsultan,İstanbul,7.500.000 TL,80,78,2 + 1,1,9 Katlı,4. Kat,Sıfır Bina,Kombi,Eşyalı Değil,,Tapu Yok,,,https://www.hepsiemlak.com/istanbul-eyupsultan-circir-satilik/daire/109158-3903
93181-5818,Bulgurlu,Üsküdar,İstanbul,8.749.000 TL,90,75,2 + 1,1,4 Katlı,1. Kat,Sıfır Bina,Kombi,Eşyalı Değil,Boş,Tapu Yok,"Kuzey, Güney",,https://www.hepsiemlak.com/istanbul-uskudar-bulgurlu-satilik/daire/93181-5818
58586-290,Telsizler,Kağıthane,İstanbul,6.600.000 TL,85,75,2 + 1,1,5 Katlı,2. Kat,2 Yaşında,Kombi,Eşyalı Değil,Mülk Sahibi,Kat Mülkiyeti,"Doğu, Batı",,https://www.hepsiemlak.com/istanbul-kagithane-telsizler-satilik/daire/58586-290
95442-419,Orta,Bayrampaşa,İstanbul,5.500.000 TL,100,90,2 + 1,1,5 Katlı,Yüksek Giriş,11 Yaşında,Kombi,Eşyalı Değil,Mülk Sahibi,Kat Mülkiyeti,"Doğu, Batı",,https://www.hepsiemlak.com/istanbul-bayrampasa-orta-satilik/daire/95442-419
34400-5344,Suadiye,Kadıköy,İstanbul,21.250.000 TL,105,82,2 + 1,2,11 Katlı,6. Kat,Sıfır Bina,Merkezi (Pay Öl...,Eşyalı Değil,Boş,Kat İrtifakı,"Kuzey, Doğu, Batı",,https://www.hepsiemlak.com/istanbul-kadikoy-suadiye-satilik/daire/34400-5344
152700-876,Çağlayan,Kağıthane,İstanbul,5.000.000 TL,60,50,2 + 1,1,5 Katlı,1. Kat,2 Yaşında,Kombi,Eşyalı,Kiracılı,Kat Mülkiyeti,"Doğu, Batı",,https://www.hepsiemlak.com/istanbul-kagithane-caglayan-satilik/daire/152700-876
2495-2830,Cennet,Küçükçekmece,İstanbul,15.000.000 TL,173,156,5 + 2,2,5 Katlı,En Üst Kat,Sıfır Bina,Kombi,Eşyalı Değil,Boş,Kat İrtifakı,"Kuzey, Güney, Doğu",,https://www.hepsiemlak.com/istanbul-kucukcekmece-cennet-satilik/daire/2495-2830
692635-434,Kirazlı,Bağcılar,İstanbul,5.250.000 TL,120,100,3 + 2,3,4 Katlı,3. Kat,18 Yaşında,Kombi,Eşyalı Değil,Boş,Hisseli Tapu,Batı,50 TL,https://www.hepsiemlak.com/istanbul-bagcilar-kirazli-satilik/daire/692635-434
37075-746,Esenevler,Ümraniye,İstanbul,5.000.000 TL,65,55,1 + 1,1,3 Katlı,Kot 1,13 Yaşında,Kombi,Eşyalı Değil,Boş,Kat Mülkiyeti,"Kuzey, Güney",800 TL,https://www.hepsiemlak.com/istanbul-umraniye-esenevler-satilik/daire/37075-746
42096-5786,Göztepe,Kadıköy,İstanbul,22.850.000 TL,115,84,2 + 1,2,7 Katlı,5. Kat,4 Yaşında,Kombi,Eşyalı Değil,Boş,Kat Mülkiyeti,"Güney, Batı",,https://www.hepsiemlak.com/istanbul-kadikoy-goztepe-satilik/daire/42096-5786
0-46954609,Menderes,Esenler,İstanbul,3.400.000 TL,50,45,1 + 1,1,4 Katlı,Yüksek Giriş,7 Yaşında,Kombi,Eşyalı Değil,Boş,Kat Mülkiyeti,Doğu,,https://www.hepsiemlak.com/istanbul-esenler-menderes-satilik/daire/0-46954609
12817-1007,Sinanpaşa,Beşiktaş,İstanbul,10.500.000 TL,80,70,2 + 1,1,3 Katlı,2. Kat,35 Yaşında,Kombi,Eşyalı Değil,Boş,Kat Mülkiyeti,"Kuzey, Güney, Doğu, Batı",200 TL,https://www.hepsiemlak.com/istanbul-besiktas-sinanpasa-satilik/daire/12817-1007
150797-134,İstasyon,Küçükçekmece,İstanbul,4.250.000 TL,65,55,1 + 1,1,3 Katlı,Yüksek Giriş,9 Yaşında,Kombi,Eşyalı Değil,Kiracılı,Kat Mülkiyeti,,,https://www.hepsiemlak.com/istanbul-kucukcekmece-istasyon-satilik/daire/150797-134
6056-14194,Şirinevler,Bahçelievler,İstanbul,8.100.000 TL,100,80,3 + 1,1,10 Katlı,3. Kat,Sıfır Bina,Kombi,Eşyalı Değil,Boş,Kat Mülkiyeti,Güney,,https://www.hepsiemlak.com/istanbul-bahcelievler-sirinevler-satilik/daire/6056-14194
125785-677,Cumhuriyet,Esenyurt,İstanbul,1.550.000 TL,85,75,1 + 1,1,4 Katlı,Bahçe Katı,5 Yaşında,Kombi,Eşyalı Değil,Boş,Kat Mülkiyeti,"Güney, Doğu",,https://www.hepsiemlak.com/istanbul-esenyurt-cumhuriyet-satilik/daire/125785-677
91887-4916,Siyavuşpaşa,Bahçelievler,İstanbul,16.500.000 TL,170,150,3 + 2,2,5 Katlı,5. Kat,11 Yaşında,Kombi,Eşyalı Değil,Boş,Kat Mülkiyeti,"Kuzey, Güney, Batı",500 TL,https://www.hepsiemlak.com/istanbul-bahcelievler-siyavuspasa-satilik/daire/91887-4916
114218-3218,Merkez,Güngören,İstanbul,3.325.000 TL,105,76,2 + 1,1,8 Katlı,3. Kat,Sıfır Bina,Kombi,Eşyalı Değil,Boş,Arsa,Güney,,https://www.hepsiemlak.com/istanbul-gungoren-merkez-satilik/daire/114218-3218
60157-3816,Madenler,Ümraniye,İstanbul,9.500.000 TL,100,90,2 + 1,1,5 Katlı,4. Kat,21 Yaşında,Kombi,Eşyalı Değil,Mülk Sahibi,Kat İrtifakı,,500 TL,https://www.hepsiemlak.com/istanbul-umraniye-madenler-satilik/daire/60157-3816
60623-613,Güven,Güngören,İstanbul,11.000.000 TL,165,150,4 + 1,2,4 Katlı,3. Kat,12 Yaşında,Kombi,Eşyalı Değil,Mülk Sahibi,Kat Mülkiyeti,"Doğu, Batı",750 TL,https://www.hepsiemlak.com/istanbul-gungoren-guven-satilik/daire/60623-613
4355-136900,Ahmet Yesevi,Sultanbeyli,İstanbul,5.450.000 TL,85,75,2 + 1,1,4 Katlı,1. Kat,8 Yaşında,Kombi,Eşyalı Değil,Kiracılı,Kat İrtifakı,Güney,750 TL,https://www.hepsiemlak.com/istanbul-sultanbeyli-ahmet-yesevi-satilik/daire/4355-136900
9083-4597,Dizdariye,Büyükçekmece,İstanbul,7.500.000 TL,180,160,4 + 1,2,4 Katlı,4. Kat,8 Yaşında,Kombi,Eşyalı Değil,Boş,Tapu Yok,Güney,300 TL,https://www.hepsiemlak.com/istanbul-buyukcekmece-dizdariye-satilik/daire/9083-4597
0-46949981,Tahtakale,Avcılar,İstanbul,4.650.000 TL,130,96,3 + 1,2,6 Katlı,3. Kat,Sıfır Bina,Kombi,Eşyalı Değil,Boş,Tapu Yok,Güney,,https://www.hepsiemlak.com/istanbul-avcilar-tahtakale-satilik/daire/0-46949981
85385-327,Şehremini,Fatih,İstanbul,11.000.000 TL,135,125,3 + 1,2,5 Katlı,2. Kat,25 Yaşında,Kombi,Eşyalı Değil,Mülk Sahibi,Kat Mülkiyeti,Güney,500 TL,https://www.hepsiemlak.com/istanbul-fatih-sehremini-satilik/daire/85385-327
152568-19,Kayabaşı,Başakşehir,İstanbul,5.200.000 TL,79,70,2 + 1,1,4 Katlı,Giriş Katı,6 Yaşında,Merkezi (Pay Öl...,Eşyalı Değil,Mülk Sahibi,Kat Mülkiyeti,"Güney, Doğu",1.500 TL,https://www.hepsiemlak.com/istanbul-basaksehir-kayabasi-satilik/daire/152568-19
1077-66162,Fenerbahçe,Kadıköy,İstanbul,39.000.000 TL,185,142,4 + 1,2,7 Katlı,3. Kat,5 Yaşında,Kombi,Eşyalı Değil,Kiracılı,Kat Mülkiyeti,"Güney, Doğu, Batı",,https://www.hepsiemlak.com/istanbul-kadikoy-fenerbahce-satilik/daire/1077-66162
142466-167,Hürriyet,Bağcılar,İstanbul,4.100.000 TL,120,110,3 + 1,1,5 Katlı,4. Kat,30 Yaşında,Kombi,Eşyalı Değil,Kiracılı,Hisseli Tapu,"Kuzey, Güney, Doğu, Batı",,https://www.hepsiemlak.com/istanbul-bagcilar-hurriyet-satilik/daire/142466-167
65982-2273,Emniyet Evleri,Kağıthane,İstanbul,8.250.000 TL,85,80,2 + 1,1,5 Katlı,3. Kat,6 Yaşında,Kombi,Eşyalı Değil,Kiracılı,Kat Mülkiyeti,"Güney, Doğu",250 TL,https://www.hepsiemlak.com/istanbul-kagithane-emniyet-evleri-satilik/daire/65982-2273
27431-11961,Dumlupınar,Kadıköy,İstanbul,19.500.000 TL,127,102,3 + 1,,8 Katlı,Ara Kat,1 Yaşında,Kombi,Eşyalı Değil,Boş,Kat İrtifakı,"Güney, Doğu, Batı",,https://www.hepsiemlak.com/istanbul-kadikoy-dumlupinar-satilik/daire/27431-11961
2207-1270,Kuzguncuk,Üsküdar,İstanbul,26.000.000 TL,150,120,3 + 1,2,2 Katlı,,45 Yaşında,Kombi,Eşyalı Değil,Mülk Sahibi,Kat Mülkiyeti,Batı,,https://www.hepsiemlak.com/istanbul-uskudar-kuzguncuk-satilik/mustakil-ev/2207-1270
60770-797,Gökalp,Zeytinburnu,İstanbul,7.500.000 TL,98,90,3 + 1,1,4 Katlı,3. Kat,26 Yaşında,Kombi,Eşyalı Değil,Kiracılı,Kat İrtifakı,"Kuzey, Batı",200 TL,https://www.hepsiemlak.com/istanbul-zeytinburnu-gokalp-satilik/daire/60770-797
42292-1938,Yayla,Şişli,İstanbul,6.600.000 TL,80,77,2 + 1,1,4 Katlı,3. Kat,8 Yaşında,Kombi,Eşyalı Değil,Kiracılı,Kat Mülkiyeti,"Güney, Doğu",400 TL,https://www.hepsiemlak.com/istanbul-sisli-yayla-satilik/daire/42292-1938
168071-7,Gümüşpınar,Kartal,İstanbul,3.550.000 TL,85,80,3 + 1,1,4 Katlı,1. Kat,26 Yaşında,Kombi,Eşyalı Değil,Mülk Sahibi,Arsa,"Kuzey, Güney, Doğu, Batı",,https://www.hepsiemlak.com/istanbul-kartal-gumuspinar-satilik/daire/168071-7
3990-3555,Altıntepe,Maltepe,İstanbul,8.250.000 TL,100,90,3 + 1,1,8 Katlı,1. Kat,26 Yaşında,Kombi,Eşyalı Değil,Boş,Kat Mülkiyeti,Güney,400 TL,https://www.hepsiemlak.com/istanbul-maltepe-altintepe-satilik/daire/3990-3555
61168-10037,Çavuşoğlu,Kartal,İstanbul,9.950.000 TL,115,92,3 + 1,1,5 Katlı,2. Kat,9 Yaşında,Kombi,Eşyalı,Mülk Sahibi,Kat Mülkiyeti,"Güney, Doğu",500 TL,https://www.hepsiemlak.com/istanbul-kartal-cavusoglu-satilik/daire/61168-10037
1088-1874,Gümüşsuyu,Beyoğlu,İstanbul,6.650.000 TL,90,75,2 + 1,1,8 Katlı,3. Kat,45 Yaşında,Kombi,Eşyalı Değil,Kiracılı,Kat Mülkiyeti,,,https://www.hepsiemlak.com/istanbul-beyoglu-gumussuyu-satilik/daire/1088-1874
33712-916,Kanarya,Küçükçekmece,İstanbul,2.980.000 TL,95,85,2 + 1,1,5 Katlı,5. Kat,26 Yaşında,Doğalgaz Sobası,Eşyalı Değil,Mülk Sahibi,Hisseli Tapu,Güney,,https://www.hepsiemlak.com/istanbul-kucukcekmece-kanarya-satilik/daire/33712-916
13582-2894,Fulya,Şişli,İstanbul,8.500.000 TL,135,130,3 + 1,2,5 Katlı,Yüksek Giriş,33 Yaşında,Kombi,Eşyalı Değil,Boş,Kat İrtifakı,"Doğu, Batı",,https://www.hepsiemlak.com/istanbul-sisli-fulya-satilik/daire/13582-2894
1358-4315,Baltalimanı,Sarıyer,İstanbul,31.700.000 TL,145,130,3 + 1,1,3 Katlı,3. Kat,31 Yaşında,Merkezi (Pay Öl...,Eşyalı Değil,Kiracılı,Kat Mülkiyeti,"Güney, Batı",,https://www.hepsiemlak.com/istanbul-sariyer-baltalimani-satilik/daire/1358-4315
58568-8148,19 Mayıs,Kadıköy,İstanbul,11.750.000 TL,130,115,2 + 1,1,13 Katlı,Yüksek Giriş,26 Yaşında,Kombi,Eşyalı Değil,Boş,Yabancıdan,Güney,3.000 TL,https://www.hepsiemlak.com/istanbul-kadikoy-19-mayis-satilik/daire/58568-8148
99234-1076,Sultan Selim,Kağıthane,İstanbul,2.600.000 TL,75,70,2 + 1,1,7 Katlı,7. Kat,30 Yaşında,Kombi,Eşyalı Değil,Boş,Arsa,Güney,,https://www.hepsiemlak.com/istanbul-kagithane-sultan-selim-satilik/daire/99234-1076
1042-2260,Mecidiye,Beşiktaş,İstanbul,6.500.000 TL,120,110,2 + 1,1,4 Katlı,4. Kat,35 Yaşında,Kombi,Eşyalı Değil,Kiracılı,Kat Mülkiyeti,,,https://www.hepsiemlak.com/istanbul-besiktas-mecidiye-satilik/daire/1042-2260
142265-428,Üçevler,Esenyurt,İstanbul,2.500.000 TL,90,80,2 + 1,1,6 Katlı,Yüksek Giriş,6 Yaşında,Kombi,Eşyalı Değil,Boş,Kat Mülkiyeti,Güney,200 TL,https://www.hepsiemlak.com/istanbul-esenyurt-ucevler-satilik/daire/142265-428
122463-2523,Erenköy,Kadıköy,İstanbul,24.000.000 TL,145,108,3 + 1,2,10 Katlı,9. Kat,2 Yaşında,Kombi,Eşyalı Değil,Boş,Kat Mülkiyeti,Güney,,https://www.hepsiemlak.com/istanbul-kadikoy-erenkoy-satilik/daire/122463-2523
2150-4691,Altıntepe,Maltepe,İstanbul,59.000.000 TL,200,175,5 + 1,2,4 Katlı,4. Kat,Sıfır Bina,Kombi,Eşyalı Değil,Boş,Tapu Yok,"Kuzey, Güney, Doğu, Batı",,https://www.hepsiemlak.com/istanbul-maltepe-altintepe-satilik/daire/2150-4691
87449-3955,Göztepe,Kadıköy,İstanbul,20.750.000 TL,130,95,3 + 1,1,9 Katlı,1. Kat,6 Yaşında,Kombi,Eşyalı Değil,Mülk Sahibi,Kat Mülkiyeti,"Güney, Doğu, Batı",,https://www.hepsiemlak.com/istanbul-kadikoy-goztepe-satilik/daire/87449-3955
6060-44266,Küçükyalı,Maltepe,İstanbul,7.825.000 TL,70,60,2 + 1,1,4 Katlı,1. Kat,Sıfır Bina,Kombi,Eşyalı Değil,Boş,Tapu Yok,"Güney, Doğu",500 TL,https://www.hepsiemlak.com/istanbul-maltepe-kucukyali-satilik/daire/6060-44266
142540-284,Çınardere,Pendik,İstanbul,9.000.000 TL,95,80,2 + 1,1,9 Katlı,5. Kat,Sıfır Bina,Kombi,Eşyalı Değil,Boş,Yabancıdan,Güney,,https://www.hepsiemlak.com/istanbul-pendik-cinardere-satilik/daire/142540-284
155700-988,Ahmet Yesevi,Sultanbeyli,İstanbul,6.399.000 TL,150,130,4 + 1,3,4 Katlı,4. Kat,Sıfır Bina,Kombi,Eşyalı Değil,Boş,Kat Mülkiyeti,"Kuzey, Güney, Doğu, Batı",200 TL,https://www.hepsiemlak.com/istanbul-sultanbeyli-ahmet-yesevi-satilik/daire/155700-988
54895-1121,Maden,Adalar,İstanbul,13.900.000 TL,138,96,3 + 1,2,3 Katlı,3. Kat,55 Yaşında,Klima,Eşyalı,Boş,Arsa,"Kuzey, Güney, Doğu, Batı",2.500 TL,https://www.hepsiemlak.com/istanbul-adalar-maden-satilik/daire/54895-1121
124094-2984,Cebeci,Sultangazi,İstanbul,6.500.000 TL,120,114,2 + 0,1,5 Katlı,2. Kat,17 Yaşında,Kombi,Eşyalı Değil,Mülk Sahibi,Kat İrtifakı,Güney,,https://www.hepsiemlak.com/istanbul-sultangazi-cebeci-satilik/daire/124094-2984
1791-1731,Burgazada,Adalar,İstanbul,13.950.000 TL,120,100,2 + 1,1,3 Katlı,3. Kat,20 Yaşında,Kombi,Eşyalı Değil,Kiracılı,Kat Mülkiyeti,Doğu,,https://www.hepsiemlak.com/istanbul-adalar-burgazada-satilik/daire/1791-1731
169780-86,Çınar,Bağcılar,İstanbul,6.750.000 TL,106,75,2 + 1,1,13 Katlı,8. Kat,Sıfır Bina,Yerden Isıtma,Eşyalı Değil,Boş,Kat İrtifakı,Güney,,https://www.hepsiemlak.com/istanbul-bagcilar-cinar-satilik/daire/169780-86
170328-36,Zafer,Esenyurt,İstanbul,4.950.000 TL,90,55,2 + 1,1,16 Katlı,1. Kat,6 Yaşında,Merkezi (Pay Öl...,Eşyalı,Kiracılı,Yabancıdan,Güney,,https://www.hepsiemlak.com/istanbul-esenyurt-zafer-satilik/daire/170328-36
9897-1345,Fevzi Çakmak,Gaziosmanpaşa,İstanbul,5.500.000 TL,95,85,2 + 1,1,5 Katlı,1. Kat,12 Yaşında,Kombi,Eşyalı Değil,Kiracılı,Kat İrtifakı,"Kuzey, Güney",400 TL,https://www.hepsiemlak.com/istanbul-gaziosmanpasa-fevzi-cakmak-satilik/daire/9897-1345
105722-401,Taşoluk,Arnavutköy,İstanbul,2.900.000 TL,110,84,2 + 1,1,6 Katlı,Giriş Katı,5 Yaşında,Kombi,Eşyalı Değil,Boş,Kat İrtifakı,,,https://www.hepsiemlak.com/istanbul-arnavutkoy-tasoluk-satilik/daire/105722-401
162184-98,Merdivenköy,Kadıköy,İstanbul,7.500.000 TL,90,75,2 + 1,1,4 Katlı,1. Kat,31 Yaşında,Kombi,Eşyalı Değil,Kiracılı,Kat Mülkiyeti,"Kuzey, Güney, Doğu",,https://www.hepsiemlak.com/istanbul-kadikoy-merdivenkoy-satilik/daire/162184-98
151853-456,Yeni Mahalle,Küçükçekmece,İstanbul,4.200.000 TL,63,55,1 + 1,1,3 Katlı,Bahçe Katı,1 Yaşında,Kombi,Eşyalı Değil,Kiracılı,Kat Mülkiyeti,,400 TL,https://www.hepsiemlak.com/istanbul-kucukcekmece-yeni-mahalle-satilik/daire/151853-456
145404-869,Yenidoğan,Sancaktepe,İstanbul,5.450.000 TL,100,90,2 + 1,2,3 Katlı,2. Kat,6 Yaşında,Kombi,Eşyalı Değil,Mülk Sahibi,Kat Mülkiyeti,Güney,200 TL,https://www.hepsiemlak.com/istanbul-sancaktepe-yenidogan-satilik/daire/145404-869
168534-24,Bahçelievler,Bahçelievler,İstanbul,7.950.000 TL,65,55,2 + 1,1,5 Katlı,Giriş Katı,6 Yaşında,Kombi,Eşyalı Değil,Kiracılı,Kat Mülkiyeti,Batı,,https://www.hepsiemlak.com/istanbul-bahcelievler-bahcelievler-satilik/daire/168534-24
87282-2153,Mareşal Çakmak,Güngören,İstanbul,8.750.000 TL,115,105,3 + 1,2,5 Katlı,4. Kat,Sıfır Bina,Kombi,Eşyalı Değil,Boş,Kat İrtifakı,"Kuzey, Güney, Doğu",,https://www.hepsiemlak.com/istanbul-gungoren-maresal-cakmak-satilik/daire/87282-2153
130678-495,Sultan Murat,Küçükçekmece,İstanbul,2.800.000 TL,55,45,1 + 1,1,3 Katlı,Bahçe Katı,6 Yaşında,Kombi,Eşyalı Değil,Kiracılı,Kat Mülkiyeti,,300 TL,https://www.hepsiemlak.com/istanbul-kucukcekmece-sultan-murat-satilik/daire/130678-495
70445-1411,İstasyon,Küçükçekmece,İstanbul,4.850.000 TL,75,60,2 + 1,1,9 Katlı,8. Kat,31 Yaşında,Kombi,Eşyalı Değil,Boş,Kat Mülkiyeti,Doğu,1 TL,https://www.hepsiemlak.com/istanbul-kucukcekmece-istasyon-satilik/daire/70445-1411
5632-9518,Fenerbahçe,Kadıköy,İstanbul,8.900.000 TL,67,55,2 + 1,1,4 Katlı,1. Kat,45 Yaşında,Doğalgaz Sobası,Eşyalı Değil,Kiracılı,Kat Mülkiyeti,"Güney, Batı",300 TL,https://www.hepsiemlak.com/istanbul-kadikoy-fenerbahce-satilik/daire/5632-9518
169892-10,Batı,Pendik,İstanbul,27.000.000 TL,140,110,3 + 1,2,6 Katlı,5. Kat,Sıfır Bina,Kombi,Eşyalı Değil,Boş,Kat İrtifakı,"Güney, Batı",,https://www.hepsiemlak.com/istanbul-pendik-bati-satilik/daire/169892-10
158863-159,Karacaköy,Şile,İstanbul,21.000.000 TL,200,180,3 + 2,2,3 Katlı,Bahçe Katı,Sıfır Bina,Kombi,Eşyalı Değil,Boş,Arsa,"Kuzey, Güney, Doğu, Batı",,https://www.hepsiemlak.com/istanbul-sile-karacakoy-satilik/villa/158863-159
160760-234,Ambarlı,Avcılar,İstanbul,4.650.000 TL,160,150,3 + 1,2,4 Katlı,2. Kat,31 Yaşında,Kombi,Eşyalı Değil,Mülk Sahibi,Kat Mülkiyeti,Güney,,https://www.hepsiemlak.com/istanbul-avcilar-ambarli-satilik/daire/160760-234
139833-294,Adnan Kahveci,Beylikdüzü,İstanbul,3.750.000 TL,70,58,2 + 1,1,5 Katlı,Giriş Katı,6 Yaşında,Kombi,Eşyalı Değil,Kiracılı,Kat Mülkiyeti,"Güney, Doğu, Batı",600 TL,https://www.hepsiemlak.com/istanbul-beylikduzu-adnan-kahveci-satilik/daire/139833-294
129044-167,Orhangazi,Pendik,İstanbul,7.100.000 TL,210,185,5 + 2,2,5 Katlı,4. Kat,12 Yaşında,Kombi,Eşyalı Değil,Kiracılı,Kat İrtifakı,Güney,200 TL,https://www.hepsiemlak.com/istanbul-pendik-orhangazi-satilik/daire/129044-167
167955-27,Zafer,Esenyurt,İstanbul,4.750.000 TL,112,90,2 + 1,2,20 Katlı,1. Kat,5 Yaşında,Merkezi (Pay Öl...,Eşyalı Değil,Kiracılı,Yabancıdan,Güney,3.500 TL,https://www.hepsiemlak.com/istanbul-esenyurt-zafer-satilik/daire/167955-27
166704-16,Esentepe,Eyüpsultan,İstanbul,4.750.000 TL,115,100,3 + 1,1,4 Katlı,3. Kat,21 Yaşında,Kombi,Eşyalı Değil,Kiracılı,Arsa,"Doğu, Batı",,https://www.hepsiemlak.com/istanbul-eyupsultan-esentepe-satilik/daire/166704-16
129150-499,Çeliktepe,Kağıthane,İstanbul,4.190.000 TL,85,75,2 + 1,1,5 Katlı,Yarı Bodrum,11 Yaşında,Kombi,Eşyalı Değil,Mülk Sahibi,Kat Mülkiyeti,,,https://www.hepsiemlak.com/istanbul-kagithane-celiktepe-satilik/daire/129150-499
8525-57337,Nisbetiye,Beşiktaş,İstanbul,102.000.000 TL,242,190,3 + 1,2,30 Katlı,21 ve üzeri,3 Yaşında,VRV,Eşyalı Değil,Boş,Yabancıdan,Doğu,,https://www.hepsiemlak.com/istanbul-besiktas-nisbetiye-satilik/residence/8525-57337
103544-213,Esenler,Pendik,İstanbul,2.450.000 TL,90,85,2 + 1,1,1 Katlı,Giriş Katı,31 Yaşında,Kombi,Eşyalı Değil,Boş,Kooperatiften H...,"Güney, Doğu",,https://www.hepsiemlak.com/istanbul-pendik-esenler-satilik/daire/103544-213
1675-1785,Yayla,Tuzla,İstanbul,4.950.000 TL,90,80,2 + 1,1,4 Katlı,3. Kat,15 Yaşında,Kombi,,,Yabancıdan,,,https://www.hepsiemlak.com/istanbul-tuzla-yayla-satilik/daire/1675-1785
62823-8386,Suadiye,Kadıköy,İstanbul,54.900.000 TL,155,126,3 + 1,2,13 Katlı,10. Kat,5 Yaşında,Kombi,Eşyalı Değil,Boş,Kat Mülkiyeti,"Güney, Doğu, Batı",,https://www.hepsiemlak.com/istanbul-kadikoy-suadiye-satilik/daire/62823-8386
1739-6850,Siyavuşpaşa,Bahçelievler,İstanbul,5.250.000 TL,115,99,3 + 1,1,5 Katlı,3. Kat,50 Yaşında,Kombi,Eşyalı Değil,Mülk Sahibi,Kat İrtifakı,Batı,,https://www.hepsiemlak.com/istanbul-bahcelievler-siyavuspasa-satilik/daire/1739-6850
45748-7781,Sultan Selim,Kağıthane,İstanbul,3.050.000 TL,90,84,2 + 1,1,5 Katlı,En Üst Kat,26 Yaşında,Kombi,Eşyalı Değil,Boş,Hisseli Tapu,,,https://www.hepsiemlak.com/istanbul-kagithane-sultan-selim-satilik/daire/45748-7781
169030-12,Çırçır,Eyüpsultan,İstanbul,6.300.000 TL,80,70,2 + 1,1,3 Katlı,Yarı Bodrum,4 Yaşında,Kombi,Eşyalı Değil,Boş,Kat Mülkiyeti,"Güney, Doğu",300 TL,https://www.hepsiemlak.com/istanbul-eyupsultan-circir-satilik/daire/169030-12
109158-3916,İslambey,Eyüpsultan,İstanbul,6.450.000 TL,90,80,2 + 1,1,5 Katlı,Ara Kat,Sıfır Bina,Kombi,Eşyalı Değil,Boş,Kat İrtifakı,,,https://www.hepsiemlak.com/istanbul-eyupsultan-islambey-satilik/daire/109158-3916
129391-495,Bağlarçeşme,Esenyurt,İstanbul,2.900.000 TL,95,80,2 + 1,1,5 Katlı,1. Kat,11 Yaşında,Kombi,Eşyalı Değil,Mülk Sahibi,Kat Mülkiyeti,Güney,100 TL,https://www.hepsiemlak.com/istanbul-esenyurt-baglarcesme-satilik/daire/129391-495
129202-867,Saadetdere,Esenyurt,İstanbul,2.350.000 TL,75,65,1 + 1,1,4 Katlı,3. Kat,Sıfır Bina,Kombi,Eşyalı Değil,Boş,Yabancıdan,Güney,,https://www.hepsiemlak.com/istanbul-esenyurt-saadetdere-satilik/daire/129202-867
30486-1880,Paşa,Şişli,İstanbul,7.200.000 TL,75,70,2 + 1,1,5 Katlı,1. Kat,2 Yaşında,Kombi,Eşyalı Değil,Kiracılı,Kat Mülkiyeti,,750 TL,https://www.hepsiemlak.com/istanbul-sisli-pasa-satilik/daire/30486-1880
34400-5342,Kozyatağı,Kadıköy,İstanbul,17.950.000 TL,100,80,2 + 1,1,11 Katlı,5. Kat,7 Yaşında,Kombi,Eşyalı Değil,Boş,Kat Mülkiyeti,Güney,,https://www.hepsiemlak.com/istanbul-kadikoy-kozyatagi-satilik/daire/34400-5342
144925-435,Ali Kuşçu,Fatih,İstanbul,7.850.000 TL,100,90,3 + 1,1,5 Katlı,4. Kat,21 Yaşında,Kombi,Eşyalı Değil,Boş,Kat Mülkiyeti,Güney,,https://www.hepsiemlak.com/istanbul-fatih-ali-kuscu-satilik/daire/144925-435
30863-10142,Kumburgaz,Büyükçekmece,İstanbul,1.990.000 TL,80,75,2 + 1,1,5 Katlı,4. Kat,30 Yaşında,Kombi,Eşyalı,Boş,Tapu Yok,"Güney, Batı",,https://www.hepsiemlak.com/istanbul-buyukcekmece-kumburgaz-satilik/daire/30863-10142
1361-17647,Gümüşsuyu,Beyoğlu,İstanbul,36.000.000 TL,190,170,3 + 1,1,5 Katlı,1. Kat,100 Yaşında,Kombi,Eşyalı Değil,Boş,Kat Mülkiyeti,,,https://www.hepsiemlak.com/istanbul-beyoglu-gumussuyu-satilik/daire/1361-17647
77929-3426,Teşvikiye,Şişli,İstanbul,9.500.000 TL,140,130,3 + 1,2,7 Katlı,Kot 1,29 Yaşında,Merkezi,Eşyalı Değil,Kiracılı,Kat Mülkiyeti,"Kuzey, Güney",,https://www.hepsiemlak.com/istanbul-sisli-tesvikiye-satilik/daire/77929-3426
93181-6152,Bulgurlu,Üsküdar,İstanbul,8.000.000 TL,70,60,2 + 1,1,5 Katlı,3. Kat,Sıfır Bina,Yerden Isıtma,Eşyalı Değil,Boş,Yabancıdan,"Güney, Doğu",,https://www.hepsiemlak.com/istanbul-uskudar-bulgurlu-satilik/daire/93181-6152
6056-14201,Siyavuşpaşa,Bahçelievler,İstanbul,4.300.000 TL,95,80,3 + 1,1,5 Katlı,Yüksek Giriş,33 Yaşında,Kombi,Eşyalı Değil,Kiracılı,Kat Mülkiyeti,"Kuzey, Güney, Batı",,https://www.hepsiemlak.com/istanbul-bahcelievler-siyavuspasa-satilik/daire/6056-14201
123163-3744,Karlıbayır,Arnavutköy,İstanbul,4.200.000 TL,90,75,2 + 1,1,4 Katlı,4. Kat,Sıfır Bina,Kombi,Eşyalı Değil,Boş,Kat İrtifakı,,,https://www.hepsiemlak.com/istanbul-arnavutkoy-karlibayir-satilik/daire/123163-3744
91887-4908,Siyavuşpaşa,Bahçelievler,İstanbul,8.300.000 TL,94,82,2 + 1,1,6 Katlı,4. Kat,Sıfır Bina,Kombi,Eşyalı Değil,Mülk Sahibi,Kat Mülkiyeti,"Güney, Doğu",400 TL,https://www.hepsiemlak.com/istanbul-bahcelievler-siyavuspasa-satilik/daire/91887-4908
118891-831,Hekimbaşı,Ümraniye,İstanbul,9.500.000 TL,85,75,2 + 1,1,4 Katlı,2. Kat,Sıfır Bina,Kombi,Eşyalı Değil,Boş,Tapu Yok,Güney,,https://www.hepsiemlak.com/istanbul-umraniye-hekimbasi-satilik/daire/118891-831
6428-6156,Akıncılar,Güngören,İstanbul,3.500.000 TL,85,75,2 + 1,1,4 Katlı,3. Kat,31 Yaşında,Kombi,Eşyalı Değil,Kiracılı,Kat İrtifakı,Güney,,https://www.hepsiemlak.com/istanbul-gungoren-akincilar-satilik/daire/6428-6156
86673-5060,Yenimahalle,Bakırköy,İstanbul,15.950.000 TL,175,165,4 + 1,2,4 Katlı,4. Kat,Sıfır Bina,Kombi,Eşyalı Değil,Boş,Kat Mülkiyeti,"Güney, Batı",,https://www.hepsiemlak.com/istanbul-bakirkoy-yenimahalle-satilik/daire/86673-5060
87701-4090,Mehmet Akif,Küçükçekmece,İstanbul,2.250.000 TL,110,100,3 + 1,1,7 Katlı,3. Kat,26 Yaşında,Kombi,Eşyalı Değil,Kiracılı,Arsa,Güney,,https://www.hepsiemlak.com/istanbul-kucukcekmece-mehmet-akif-satilik/daire/87701-4090
35850-3729,Sümbül Efendi,Fatih,İstanbul,3.100.000 TL,80,72,2 + 1,1,5 Katlı,Yüksek Giriş,40 Yaşında,Doğalgaz Sobası,,Boş,Kat Mülkiyeti,Doğu,100 TL,https://www.hepsiemlak.com/istanbul-fatih-sumbul-efendi-satilik/daire/35850-3729
65982-2266,Emniyet Evleri,Kağıthane,İstanbul,6.750.000 TL,105,95,2 + 1,1,6 Katlı,2. Kat,31 Yaşında,Kombi,Eşyalı Değil,Kiracılı,Arsa,"Güney, Batı",250 TL,https://www.hepsiemlak.com/istanbul-kagithane-emniyet-evleri-satilik/daire/65982-2266
1077-67518,Feneryolu,Kadıköy,İstanbul,12.000.000 TL,95,80,3 + 1,1,6 Katlı,Giriş Katı,26 Yaşında,Kombi,Eşyalı Değil,Kiracılı,Kat Mülkiyeti,,,https://www.hepsiemlak.com/istanbul-kadikoy-feneryolu-satilik/daire/1077-67518
3990-3682,Çınar,Maltepe,İstanbul,7.990.000 TL,82,73,2 + 1,1,4 Katlı,Giriş Katı,Sıfır Bina,Kombi,Eşyalı Değil,Boş,Kat Mülkiyeti,Doğu,,https://www.hepsiemlak.com/istanbul-maltepe-cinar-satilik/daire/3990-3682
9083-4461,Atatürk,Büyükçekmece,İstanbul,8.000.000 TL,135,130,3 + 1,1,4 Katlı,2. Kat,Sıfır Bina,Kombi,Eşyalı Değil,Boş,Tapu Yok,Güney,200 TL,https://www.hepsiemlak.com/istanbul-buyukcekmece-ataturk-satilik/daire/9083-4461
117217-407,Balıkyolu,Esenyurt,İstanbul,2.875.000 TL,100,95,2 + 1,1,4 Katlı,2. Kat,6 Yaşında,Kombi,Eşyalı Değil,Boş,Kat İrtifakı,"Kuzey, Güney, Doğu, Batı",,https://www.hepsiemlak.com/istanbul-esenyurt-balikyolu-satilik/daire/117217-407
113569-12888,Cumhuriyet,Beylikdüzü,İstanbul,2.250.000 TL,110,100,2 + 1,1,5 Katlı,2. Kat,5 Yaşında,Kombi,Eşyalı Değil,Boş,Yabancıdan,"Güney, Doğu",,https://www.hepsiemlak.com/istanbul-beylikduzu-cumhuriyet-satilik/daire/113569-12888
122463-2508,Erenköy,Kadıköy,İstanbul,26.950.000 TL,230,180,4 + 1,3,9 Katlı,9. Kat,11 Yaşında,Kombi,Eşyalı Değil,Mülk Sahibi,Kat Mülkiyeti,"Kuzey, Güney, Doğu, Batı",,https://www.hepsiemlak.com/istanbul-kadikoy-erenkoy-satilik/daire/122463-2508
135253-917,Suadiye,Kadıköy,İstanbul,15.950.000 TL,75,58,2 + 1,1,9 Katlı,Yüksek Giriş,2 Yaşında,Kombi,Eşyalı Değil,Boş,Yabancıdan,Güney,,https://www.hepsiemlak.com/istanbul-kadikoy-suadiye-satilik/daire/135253-917
142265-417,Mehmet Akif Ersoy,Esenyurt,İstanbul,2.550.000 TL,100,90,2 + 1,1,5 Katlı,Yüksek Giriş,8 Yaşında,Kombi,Eşyalı Değil,Boş,Kat Mülkiyeti,Güney,,https://www.hepsiemlak.com/istanbul-esenyurt-mehmet-akif-ersoy-satilik/daire/142265-417
155700-987,Orta,Kartal,İstanbul,9.700.000 TL,240,200,4 + 2,2,7 Katlı,6. Kat,11 Yaşında,Kombi,Eşyalı Değil,Boş,Kat Mülkiyeti,"Kuzey, Güney, Doğu, Batı",500 TL,https://www.hepsiemlak.com/istanbul-kartal-orta-satilik/daire/155700-987
6060-44246,İdealtepe,Maltepe,İstanbul,7.500.000 TL,85,75,2 + 1,1,4 Katlı,Giriş Katı,7 Yaşında,Kombi,Eşyalı Değil,Kiracılı,Kat Mülkiyeti,Güney,800 TL,https://www.hepsiemlak.com/istanbul-maltepe-idealtepe-satilik/daire/6060-44246
2150-4645,Altıntepe,Maltepe,İstanbul,11.650.000 TL,145,135,3 + 1,2,4 Katlı,1. Kat,30 Yaşında,Kombi,Eşyalı Değil,Boş,Kat Mülkiyeti,"Kuzey, Güney, Doğu, Batı",,https://www.hepsiemlak.com/istanbul-maltepe-altintepe-satilik/daire/2150-4645
142540-155,Osmangazi,Sancaktepe,İstanbul,10.800.000 TL,130,120,3 + 1,2,5 Katlı,3. Kat,Sıfır Bina,Yerden Isıtma,Eşyalı Değil,Boş,Yabancıdan,Güney,1.200 TL,https://www.hepsiemlak.com/istanbul-sancaktepe-osmangazi-satilik/daire/142540-155
54895-1107,Nizam,Adalar,İstanbul,28.500.000 TL,99,94,3 + 1,2,3 Katlı,3. Kat,Sıfır Bina,Kombi,Eşyalı Değil,Boş,Kat İrtifakı,"Kuzey, Güney, Doğu, Batı",10.000 TL,https://www.hepsiemlak.com/istanbul-adalar-nizam-satilik/daire/54895-1107
113258-86,Örnek,Esenyurt,İstanbul,2.350.000 TL,70,65,1 + 1,1,6 Katlı,1. Kat,11 Yaşında,Merkezi (Pay Öl...,Eşyalı Değil,Boş,Kat Mülkiyeti,"Kuzey, Güney, Doğu",,https://www.hepsiemlak.com/istanbul-esenyurt-ornek-satilik/daire/113258-86
151234-300,Halkalı Merkez,Küçükçekmece,İstanbul,8.650.000 TL,127,80,2 + 1,1,12 Katlı,5. Kat,Sıfır Bina,Merkezi (Pay Öl...,Eşyalı Değil,Boş,Tapu Yok,,,https://www.hepsiemlak.com/istanbul-kucukcekmece-halkali-merkez-satilik/daire/151234-300
151853-454,Yeşilova,Küçükçekmece,İstanbul,8.250.000 TL,90,80,2 + 1,1,4 Katlı,Ara Kat,Sıfır Bina,Kombi,Eşyalı,Boş,Kat Mülkiyeti,"Kuzey, Güney",,https://www.hepsiemlak.com/istanbul-kucukcekmece-yesilova-satilik/daire/151853-454
169481-31,Kavakpınar,Pendik,İstanbul,2.350.000 TL,85,70,2 + 1,1,6 Katlı,Yüksek Giriş,21 Yaşında,Kombi,Eşyalı Değil,Mülk Sahibi,Arsa,"Güney, Doğu, Batı",,https://www.hepsiemlak.com/istanbul-pendik-kavakpinar-satilik/daire/169481-31
33208-6027,Kuruçeşme,Beşiktaş,İstanbul,245.000.000 TL,400,320,6 + 2,4,3 Katlı,Bahçe Katı,31 Yaşında,Kat Kaloriferi,Eşyalı Değil,Boş,Kat İrtifakı,"Kuzey, Güney, Doğu",80.000 TL,https://www.hepsiemlak.com/istanbul-besiktas-kurucesme-satilik/villa/33208-6027
112177-193,Adnan Kahveci,Beylikdüzü,İstanbul,6.299.000 TL,120,100,2 + 1,2,5 Katlı,3. Kat,Sıfır Bina,Kombi,Eşyalı Değil,Boş,Kat Mülkiyeti,Güney,,https://www.hepsiemlak.com/istanbul-beylikduzu-adnan-kahveci-satilik/daire/112177-193
151891-527,Gümüşpala,Avcılar,İstanbul,5.670.000 TL,145,130,3 + 1,1,6 Katlı,Yüksek Giriş,21 Yaşında,Kombi,Eşyalı Değil,Mülk Sahibi,Kat Mülkiyeti,"Kuzey, Batı",250 TL,https://www.hepsiemlak.com/istanbul-avcilar-gumuspala-satilik/daire/151891-527
40554-918,Baklacı,Beykoz,İstanbul,77.000.000 TL,270,220,7 + 1,3,1 Katlı,,Sıfır Bina,Kombi,Eşyalı Değil,Boş,Kat Mülkiyeti,"Kuzey, Güney, Doğu, Batı",1 TL,https://www.hepsiemlak.com/istanbul-beykoz-baklaci-satilik/villa/40554-918
114218-3419,Yenimahalle,Bağcılar,İstanbul,7.900.000 TL,110,87,3 + 1,1,13 Katlı,2. Kat,Sıfır Bina,Kombi,Eşyalı Değil,Mülk Sahibi,Kat İrtifakı,Güney,,https://www.hepsiemlak.com/istanbul-bagcilar-yenimahalle-satilik/daire/114218-3419
109079-1504,Koca Mustafapaşa,Fatih,İstanbul,1.950.000 TL,65,55,1 + 1,1,4 Katlı,1. Kat,45 Yaşında,Kombi,Eşyalı Değil,Boş,Tapu Yok,"Doğu, Batı",,https://www.hepsiemlak.com/istanbul-fatih-koca-mustafapasa-satilik/daire/109079-1504
21144-10117,Feyzullah,Maltepe,İstanbul,8.600.000 TL,125,100,3 + 1,1,3 Katlı,3. Kat,40 Yaşında,Kombi,,,Kat Mülkiyeti,,,https://www.hepsiemlak.com/istanbul-maltepe-feyzullah-satilik/daire/21144-10117
101422-445,Çamçeşme,Pendik,İstanbul,2.500.000 TL,90,85,2 + 1,1,4 Katlı,Yüksek Giriş,26 Yaşında,Kombi,Eşyalı Değil,Boş,Yabancıdan,"Güney, Doğu, Batı",200 TL,https://www.hepsiemlak.com/istanbul-pendik-camcesme-satilik/daire/101422-445
62823-8385,Barbaros,Üsküdar,İstanbul,37.500.000 TL,245,199,5 + 1,4,4 Katlı,4. Kat,Sıfır Bina,Merkezi (Pay Öl...,Eşyalı Değil,Boş,Kat Mülkiyeti,"Güney, Batı",,https://www.hepsiemlak.com/istanbul-uskudar-barbaros-satilik/daire/62823-8385
95442-467,Orta,Bayrampaşa,İstanbul,2.650.000 TL,60,55,1 + 1,1,5 Katlı,Yüksek Giriş,31 Yaşında,Soba,Eşyalı Değil,Mülk Sahibi,Kat İrtifakı,Batı,,https://www.hepsiemlak.com/istanbul-bayrampasa-orta-satilik/daire/95442-467
168652-65,Mehmet Akif,Küçükçekmece,İstanbul,1.980.000 TL,85,80,2 + 1,1,7 Katlı,4. Kat,26 Yaşında,Kombi,,Kiracılı,Hisseli Tapu,Güney,,https://www.hepsiemlak.com/istanbul-kucukcekmece-mehmet-akif-satilik/daire/168652-65
145707-451,Kazlıçeşme,Zeytinburnu,İstanbul,21.200.000 TL,121,65,1 + 1,1,17 Katlı,15. Kat,3 Yaşında,Yerden Isıtma,Eşyalı,Boş,Yabancıdan,,,https://www.hepsiemlak.com/istanbul-zeytinburnu-kazlicesme-satilik/residence/145707-451
169807-68,Çınar,Bağcılar,İstanbul,4.000.000 TL,135,120,3 + 1,1,4 Katlı,4. Kat,26 Yaşında,Kombi,Eşyalı Değil,Mülk Sahibi,Hisseli Tapu,Doğu,,https://www.hepsiemlak.com/istanbul-bagcilar-cinar-satilik/daire/169807-68
168515-174,Turgut Özal,Esenyurt,İstanbul,3.650.000 TL,110,95,2 + 1,1,5 Katlı,Bahçe Katı,11 Yaşında,Kombi,Eşyalı Değil,Mülk Sahibi,Kat İrtifakı,"Doğu, Batı",1 TL,https://www.hepsiemlak.com/istanbul-esenyurt-turgut-ozal-satilik/daire/168515-174
169904-69,İsmetpaşa,Sultangazi,İstanbul,7.600.000 TL,125,120,3 + 1,1,12 Katlı,9. Kat,6 Yaşında,Kombi,Eşyalı Değil,Boş,Yabancıdan,,,https://www.hepsiemlak.com/istanbul-sultangazi-ismetpasa-satilik/daire/169904-69
77943-4890,100. Yıl,Bağcılar,İstanbul,4.800.000 TL,99,76,2 + 1,1,4 Katlı,Yüksek Giriş,5 Yaşında,Kombi,Eşyalı Değil,Boş,Kat Mülkiyeti,,150 TL,https://www.hepsiemlak.com/istanbul-bagcilar-100-yil-satilik/daire/77943-4890
0-46953691,50. Yıl,Sultangazi,İstanbul,8.850.000 TL,240,220,4 + 2,2,6 Katlı,En Üst Kat,18 Yaşında,Kombi,Eşyalı Değil,Boş,Kat İrtifakı,Güney,,https://www.hepsiemlak.com/istanbul-sultangazi-50-yil-satilik/daire/0-46953691
169694-80,Sümer,Zeytinburnu,İstanbul,18.800.000 TL,137,115,2 + 1,2,14 Katlı,9. Kat,11 Yaşında,Merkezi (Pay Öl...,Eşyalı Değil,Boş,Kat Mülkiyeti,Batı,,https://www.hepsiemlak.com/istanbul-zeytinburnu-sumer-satilik/daire/169694-80
169621-35,Altayçeşme,Maltepe,İstanbul,4.150.000 TL,40,34,1 + 1,1,4 Katlı,Bodrum,11 Yaşında,Kombi,Eşyalı Değil,Boş,Kat Mülkiyeti,,1.000 TL,https://www.hepsiemlak.com/istanbul-maltepe-altaycesme-satilik/daire/169621-35
169241-50,İnönü,Küçükçekmece,İstanbul,7.500.000 TL,150,145,4 + 1,2,5 Katlı,5. Kat,11 Yaşında,Kombi,Eşyalı Değil,Mülk Sahibi,Kat Mülkiyeti,,,https://www.hepsiemlak.com/istanbul-kucukcekmece-inonu-satilik/daire/169241-50
161380-30,Merkez,Avcılar,İstanbul,5.950.000 TL,95,85,2 + 1,1,4 Katlı,3. Kat,1 Yaşında,Kombi,Eşyalı Değil,Boş,Tapu Yok,,,https://www.hepsiemlak.com/istanbul-avcilar-merkez-satilik/daire/161380-30
162073-525,Cevizli,Maltepe,İstanbul,5.900.000 TL,90,75,2 + 1,1,3 Katlı,1. Kat,26 Yaşında,Kombi,Eşyalı Değil,Mülk Sahibi,Kat Mülkiyeti,"Kuzey, Batı",,https://www.hepsiemlak.com/istanbul-maltepe-cevizli-satilik/daire/162073-525
169677-16,Çınar,Maltepe,İstanbul,16.500.000 TL,140,120,3 + 1,2,4 Katlı,2. Kat,16 Yaşında,Kombi,Eşyalı Değil,Kiracılı,Kat Mülkiyeti,,,https://www.hepsiemlak.com/istanbul-maltepe-cinar-satilik/daire/169677-16
160893-34,Barbaros Hayrettin Paşa,Esenyurt,İstanbul,2.950.000 TL,130,125,2 + 1,1,5 Katlı,3. Kat,8 Yaşında,Kombi,Eşyalı Değil,Boş,Yabancıdan,"Kuzey, Güney, Doğu, Batı",100 TL,https://www.hepsiemlak.com/istanbul-esenyurt-barbaros-hayrettin-pasa-satilik/daire/160893-34
692590-415,Güllü Bağlar,Pendik,İstanbul,10.800.000 TL,135,110,3 + 1,2,9 Katlı,1. Kat,5 Yaşında,Kombi,Eşyalı Değil,Boş,Kat Mülkiyeti,,4.000 TL,https://www.hepsiemlak.com/istanbul-pendik-gullu-baglar-satilik/daire/692590-415
164392-133,İçerenköy,Ataşehir,İstanbul,11.190.000 TL,150,130,3 + 2,2,8 Katlı,8. Kat,Sıfır Bina,Kombi,Eşyalı Değil,Boş,Kat Mülkiyeti,,1 TL,https://www.hepsiemlak.com/istanbul-atasehir-icerenkoy-satilik/daire/164392-133
85950-431,Kartaltepe,Bakırköy,İstanbul,13.850.000 TL,100,90,2 + 1,1,5 Katlı,2. Kat,5 Yaşında,Kombi,Eşyalı Değil,Boş,Kat Mülkiyeti,Güney,2.000 TL,https://www.hepsiemlak.com/istanbul-bakirkoy-kartaltepe-satilik/daire/85950-431
164253-175,Ahmet Yesevi,Pendik,İstanbul,6.500.000 TL,77,67,2 + 1,2,10 Katlı,5. Kat,Sıfır Bina,Merkezi (Pay Öl...,Eşyalı Değil,Boş,Kat Mülkiyeti,Batı,,https://www.hepsiemlak.com/istanbul-pendik-ahmet-yesevi-satilik/daire/164253-175
1004-1213,Suadiye,Kadıköy,İstanbul,26.500.000 TL,135,105,3 + 1,2,9 Katlı,4. Kat,8 Yaşında,Merkezi (Pay Öl...,Eşyalı Değil,Boş,Kat Mülkiyeti,Güney,,https://www.hepsiemlak.com/istanbul-kadikoy-suadiye-satilik/daire/1004-1213
0-46941236,Barış,Beylikdüzü,İstanbul,6.750 TL,125,100,2 + 1,1,14 Katlı,6. Kat,12 Yaşında,Merkezi (Pay Öl...,Eşyalı Değil,Mülk Sahibi,Kat Mülkiyeti,Güney,2.800 TL,https://www.hepsiemlak.com/istanbul-beylikduzu-baris-satilik/daire/0-46941236
0-46941588,Merkez,Eyüpsultan,İstanbul,5.290.000 TL,110,96,2 + 1,1,7 Katlı,Kot 2,15 Yaşında,Kombi,Eşyalı Değil,Mülk Sahibi,Kat Mülkiyeti,"Kuzey, Güney",500 TL,https://www.hepsiemlak.com/istanbul-eyupsultan-merkez-satilik/daire/0-46941588
0-46940201,Fulya,Şişli,İstanbul,6.350.000 TL,85,73,2 + 1,1,5 Katlı,2. Kat,28 Yaşında,Kombi,Eşyalı Değil,Boş,Kat İrtifakı,"Güney, Doğu",200 TL,https://www.hepsiemlak.com/istanbul-sisli-fulya-satilik/daire/0-46940201
150241-131,Cumhuriyet,Üsküdar,İstanbul,10.950.000 TL,130,110,3 + 2,2,3 Katlı,3. Kat,6 Yaşında,Kombi,Eşyalı Değil,Boş,Kat Mülkiyeti,"Kuzey, Güney, Doğu, Batı",250 TL,https://www.hepsiemlak.com/istanbul-uskudar-cumhuriyet-satilik/daire/150241-131
1757-4406,Emirgan,Sarıyer,İstanbul,100.000.000 TL,270,258,6 + 2,3,4 Katlı,4. Kat,30 Yaşında,Merkezi,Eşyalı Değil,Boş,Kat Mülkiyeti,"Doğu, Batı",,https://www.hepsiemlak.com/istanbul-sariyer-emirgan-satilik/daire/1757-4406
158860-447,Bahçelievler,Bahçelievler,İstanbul,14.700.000 TL,110,100,2 + 0,2,5 Katlı,1. Kat,6 Yaşında,Kombi,Eşyalı Değil,Mülk Sahibi,Kat Mülkiyeti,"Kuzey, Batı",,https://www.hepsiemlak.com/istanbul-bahcelievler-bahcelievler-satilik/daire/158860-447
168100-22,Barbaros,Üsküdar,İstanbul,17.800.000 TL,130,100,3 + 1,2,6 Katlı,Yüksek Giriş,6 Yaşında,Kombi,Eşyalı Değil,Kiracılı,Müstakil Tapulu,"Kuzey, Güney, Doğu, Batı",1.000 TL,https://www.hepsiemlak.com/istanbul-uskudar-barbaros-satilik/daire/168100-22
169475-38,Yahya Kemal,Kağıthane,İstanbul,11.650.000 TL,135,115,3 + 1,2,7 Katlı,3. Kat,3 Yaşında,Merkezi (Pay Öl...,Eşyalı Değil,Boş,Kat Mülkiyeti,"Güney, Doğu",2.500 TL,https://www.hepsiemlak.com/istanbul-kagithane-yahya-kemal-satilik/daire/169475-38
134700-228,Gürpınar,Beylikdüzü,İstanbul,7.200.000 TL,160,140,3 + 1,2,4 Katlı,Bahçe Katı,21 Yaşında,Kombi,Eşyalı Değil,Mülk Sahibi,Kat Mülkiyeti,"Güney, Doğu",250 TL,https://www.hepsiemlak.com/istanbul-beylikduzu-gurpinar-satilik/daire/134700-228
170086-25,Nine Hatun,Esenler,İstanbul,5.270.000 TL,89,75,2 + 1,1,4 Katlı,3. Kat,6 Yaşında,Kombi,Eşyalı Değil,Kiracılı,Kat Mülkiyeti,"Güney, Doğu",,https://www.hepsiemlak.com/istanbul-esenler-nine-hatun-satilik/daire/170086-25
0-46941466,Ahmet Yesevi,Pendik,İstanbul,8.150.000 TL,176,80,5 + 2,2,2 Katlı,,30 Yaşında,Kombi,Eşyalı Değil,Kiracılı,Arsa,"Kuzey, Güney, Doğu, Batı",,https://www.hepsiemlak.com/istanbul-pendik-ahmet-yesevi-satilik/mustakil-ev/0-46941466
161441-71,Hürriyet,Kartal,İstanbul,9.000.000 TL,155,137,4 + 1,2,3 Katlı,3. Kat,11 Yaşında,Kombi,Eşyalı Değil,Mülk Sahibi,Kat Mülkiyeti,"Güney, Doğu, Batı",,https://www.hepsiemlak.com/istanbul-kartal-hurriyet-satilik/daire/161441-71
168778-59,Atatürk,Ümraniye,İstanbul,7.900.000 TL,80,70,2 + 1,1,4 Katlı,3. Kat,11 Yaşında,Kombi,Eşyalı Değil,Mülk Sahibi,Kat Mülkiyeti,"Güney, Doğu, Batı",,https://www.hepsiemlak.com/istanbul-umraniye-ataturk-satilik/daire/168778-59
32345-11472,Bahçeşehir 1. Kısım,Başakşehir,İstanbul,58.000.000 TL,350,250,5 + 1,3,2 Katlı,Bahçe Katı,11 Yaşında,Kombi,Eşyalı Değil,Mülk Sahibi,Kat İrtifakı,"Güney, Doğu, Batı",,https://www.hepsiemlak.com/istanbul-basaksehir-bahcesehir-1-kisim-satilik/villa/32345-11472
6181-24431,Bostancı,Kadıköy,İstanbul,23.000.000 TL,160,120,3 + 1,2,7 Katlı,5. Kat,13 Yaşında,Kombi,Eşyalı Değil,Boş,Kat Mülkiyeti,"Kuzey, Doğu, Batı",1.700 TL,https://www.hepsiemlak.com/istanbul-kadikoy-bostanci-satilik/daire/6181-24431
158223-32,Adnan Kahveci,Beylikdüzü,İstanbul,10.200.000 TL,165,140,3 + 1,2,5 Katlı,3. Kat,4 Yaşında,Kombi,Eşyalı Değil,Boş,Yabancıdan,"Kuzey, Güney, Batı",3.850 TL,https://www.hepsiemlak.com/istanbul-beylikduzu-adnan-kahveci-satilik/daire/158223-32
169984-31,İnönü,Küçükçekmece,İstanbul,7.800.000 TL,87,73,1 + 1,1,9 Katlı,5. Kat,5 Yaşında,Merkezi (Pay Öl...,Eşyalı,Boş,Yabancıdan,Güney,4.000 TL,https://www.hepsiemlak.com/istanbul-kucukcekmece-inonu-satilik/daire/169984-31
166418-85,Hürriyet,Bahçelievler,İstanbul,7.000.000 TL,70,60,2 + 1,1,6 Katlı,6. Kat,Sıfır Bina,Kombi,Eşyalı Değil,Boş,Kat İrtifakı,"Güney, Doğu",,https://www.hepsiemlak.com/istanbul-bahcelievler-hurriyet-satilik/daire/166418-85
164158-123,Necip Fazıl,Sultanbeyli,İstanbul,3.575.000 TL,120,100,3 + 1,2,5 Katlı,Giriş Katı,Sıfır Bina,Kombi,Eşyalı Değil,Boş,Kat Mülkiyeti,"Kuzey, Güney, Doğu, Batı",,https://www.hepsiemlak.com/istanbul-sultanbeyli-necip-fazil-satilik/daire/164158-123
169536-19,İslambey,Arnavutköy,İstanbul,5.150.000 TL,140,115,2 + 2,2,5 Katlı,Yüksek Giriş,Sıfır Bina,Kombi,Eşyalı Değil,Boş,Kat İrtifakı,Doğu,,https://www.hepsiemlak.com/istanbul-arnavutkoy-islambey-satilik/daire/169536-19
165107-158,Tahtakale,Avcılar,İstanbul,8.500.000 TL,128,85,2 + 1,2,20 Katlı,12. Kat,5 Yaşında,Merkezi (Pay Öl...,Eşyalı Değil,Mülk Sahibi,Kat Mülkiyeti,Doğu,,https://www.hepsiemlak.com/istanbul-avcilar-tahtakale-satilik/daire/165107-158
159712-130,Namık Kemal,Ümraniye,İstanbul,11.800.000 TL,120,100,3 + 1,2,4 Katlı,Ara Kat,Sıfır Bina,Yerden Isıtma,Eşyalı Değil,Boş,Tapu Yok,"Kuzey, Güney, Batı",750 TL,https://www.hepsiemlak.com/istanbul-umraniye-namik-kemal-satilik/daire/159712-130
169771-47,Selimpaşa,Silivri,İstanbul,13.500.000 TL,200,180,5 + 1,3,3 Katlı,Bahçe Katı,5 Yaşında,Kombi,Eşyalı Değil,Mülk Sahibi,Kat Mülkiyeti,"Kuzey, Güney, Doğu, Batı",,https://www.hepsiemlak.com/istanbul-silivri-selimpasa-satilik/villa/169771-47
23950-686,Cumhuriyet,Kartal,İstanbul,8.000.000 TL,110,90,3 + 1,1,3 Katlı,3. Kat,11 Yaşında,Kombi,Eşyalı Değil,Mülk Sahibi,Kat Mülkiyeti,"Kuzey, Güney, Doğu, Batı",,https://www.hepsiemlak.com/istanbul-kartal-cumhuriyet-satilik/daire/23950-686
124862-1790,Yeşilkent,Esenyurt,İstanbul,2.825.000 TL,67,55,1 + 1,1,24 Katlı,21 ve üzeri,16 Yaşında,Merkezi (Pay Öl...,Eşyalı,Kiracılı,Kat Mülkiyeti,Batı,4.523 TL,https://www.hepsiemlak.com/istanbul-esenyurt-yesilkent-satilik/daire/124862-1790
66507-4182,Karadolap,Eyüpsultan,İstanbul,6.750.000 TL,95,90,2 + 1,2,5 Katlı,3. Kat,6 Yaşında,Kombi,Eşyalı Değil,Kiracılı,Kat Mülkiyeti,Güney,,https://www.hepsiemlak.com/istanbul-eyupsultan-karadolap-satilik/daire/66507-4182
3563-2250,Hamidiye,Kağıthane,İstanbul,22.000.000 TL,220,200,6 + 1,3,11 Katlı,11. Kat,21 Yaşında,Kombi,Eşyalı Değil,Boş,Kat Mülkiyeti,"Güney, Doğu",,https://www.hepsiemlak.com/istanbul-kagithane-hamidiye-satilik/daire/3563-2250
76198-1940,Velibaba,Pendik,İstanbul,6.500.000 TL,95,75,2 + 1,1,6 Katlı,4. Kat,6 Yaşında,Kombi,Eşyalı Değil,Mülk Sahibi,Kat Mülkiyeti,"Güney, Doğu, Batı",1.000 TL,https://www.hepsiemlak.com/istanbul-pendik-velibaba-satilik/daire/76198-1940
56554-3519,Soğanlı,Bahçelievler,İstanbul,5.000.000 TL,125,109,3 + 1,1,5 Katlı,2. Kat,32 Yaşında,Kombi,,Mülk Sahibi,Kat İrtifakı,Güney,,https://www.hepsiemlak.com/istanbul-bahcelievler-soganli-satilik/daire/56554-3519
15370-4490,Fevzi Çakmak,Bağcılar,İstanbul,10.500.000 TL,210,190,4 + 2,1,3 Katlı,3. Kat,5 Yaşında,Kombi,Eşyalı Değil,Mülk Sahibi,Kat Mülkiyeti,"Güney, Doğu, Batı",,https://www.hepsiemlak.com/istanbul-bagcilar-fevzi-cakmak-satilik/daire/15370-4490
692254-1348,Kayabaşı,Başakşehir,İstanbul,25.100.000 TL,207,155,4 + 1,3,14 Katlı,11. Kat,5 Yaşında,Merkezi (Pay Öl...,Eşyalı Değil,Mülk Sahibi,Kat Mülkiyeti,"Kuzey, Batı",,https://www.hepsiemlak.com/istanbul-basaksehir-kayabasi-satilik/daire/692254-1348
4200-9214,Cumhuriyet,Esenyurt,İstanbul,2.650.000 TL,90,70,1 + 1,1,10 Katlı,6. Kat,21 Yaşında,Kombi,Eşyalı Değil,Boş,Kat İrtifakı,"Güney, Batı",1.800 TL,https://www.hepsiemlak.com/istanbul-esenyurt-cumhuriyet-satilik/daire/4200-9214
72721-2111,Yedikule,Fatih,İstanbul,21.500.000 TL,180,135,3 + 1,2,3 Katlı,2. Kat,11 Yaşında,Merkezi (Pay Öl...,Eşyalı Değil,Mülk Sahibi,Kat Mülkiyeti,"Güney, Doğu",,https://www.hepsiemlak.com/istanbul-fatih-yedikule-satilik/daire/72721-2111
153803-389,Alibey,Silivri,İstanbul,3.600.000 TL,145,128,3 + 1,1,5 Katlı,4. Kat,31 Yaşında,Kombi,Eşyalı Değil,Kiracılı,Kat Mülkiyeti,"Kuzey, Güney",,https://www.hepsiemlak.com/istanbul-silivri-alibey-satilik/daire/153803-389
145390-935,Bostancı,Kadıköy,İstanbul,21.900.000 TL,100,75,2 + 1,2,13 Katlı,Ara Kat,Sıfır Bina,Kombi,Eşyalı Değil,Boş,Kat İrtifakı,"Güney, Batı",,https://www.hepsiemlak.com/istanbul-kadikoy-bostanci-satilik/daire/145390-935
164076-153,Safa,Sancaktepe,İstanbul,4.950.000 TL,90,80,2 + 1,1,4 Katlı,2. Kat,6 Yaşında,Kombi,Eşyalı Değil,Mülk Sahibi,Kat Mülkiyeti,"Güney, Doğu",,https://www.hepsiemlak.com/istanbul-sancaktepe-safa-satilik/daire/164076-153
168861-20,Merkez,Çekmeköy,İstanbul,5.500.000 TL,80,70,2 + 1,1,4 Katlı,Giriş Katı,Sıfır Bina,Kombi,Eşyalı Değil,Boş,Kat Mülkiyeti,"Kuzey, Güney, Doğu",300 TL,https://www.hepsiemlak.com/istanbul-cekmekoy-merkez-satilik/daire/168861-20
44825-5423,Abdurrahman Nafiz Gürman,Güngören,İstanbul,6.500.000 TL,120,110,3 + 1,1,7 Katlı,5. Kat,40 Yaşında,Kombi,Eşyalı Değil,Kiracılı,Kat Mülkiyeti,Doğu,,https://www.hepsiemlak.com/istanbul-gungoren-abdurrahman-nafiz-gurman-satilik/daire/44825-5423
164345-212,Meclis,Sancaktepe,İstanbul,9.390.000 TL,160,140,3 + 1,1,4 Katlı,1. Kat,11 Yaşında,Kombi,Eşyalı Değil,Kiracılı,Kat Mülkiyeti,"Güney, Doğu, Batı",,https://www.hepsiemlak.com/istanbul-sancaktepe-meclis-satilik/daire/164345-212
153791-487,Bostancı,Kadıköy,İstanbul,14.750.000 TL,95,75,2 + 1,2,13 Katlı,4. Kat,Sıfır Bina,Merkezi (Pay Öl...,Eşyalı Değil,Boş,Kat İrtifakı,"Güney, Doğu",,https://www.hepsiemlak.com/istanbul-kadikoy-bostanci-satilik/daire/153791-487
5734-2851,Altıntepe,Maltepe,İstanbul,10.750.000 TL,135,120,3 + 1,1,4 Katlı,3. Kat,21 Yaşında,Kombi,Eşyalı Değil,Boş,Kat Mülkiyeti,Güney,,https://www.hepsiemlak.com/istanbul-maltepe-altintepe-satilik/daire/5734-2851
70420-2837,Caddebostan,Kadıköy,İstanbul,135.000.000 TL,280,210,4 + 1,4,12 Katlı,12. Kat,Sıfır Bina,Yerden Isıtma,Eşyalı Değil,Boş,Kat Mülkiyeti,"Kuzey, Güney, Doğu, Batı",,https://www.hepsiemlak.com/istanbul-kadikoy-caddebostan-satilik/daire/70420-2837
33046-3802,Mecidiyeköy,Şişli,İstanbul,4.250.000 TL,110,90,2 + 1,1,6 Katlı,2. Kat,16 Yaşında,Kombi,Eşyalı Değil,Kiracılı,Hisseli Tapu,"Kuzey, Güney, Doğu, Batı",500 TL,https://www.hepsiemlak.com/istanbul-sisli-mecidiyekoy-satilik/daire/33046-3802
155283-198,Ataköy 1. Kısım,Bakırköy,İstanbul,60.000.000 TL,300,280,5 + 1,2,4 Katlı,3. Kat,31 Yaşında,Merkezi,Eşyalı Değil,Boş,Kat Mülkiyeti,"Güney, Doğu",,https://www.hepsiemlak.com/istanbul-bakirkoy-atakoy-1-kisim-satilik/daire/155283-198
163902-301,Sarıgazi,Sancaktepe,İstanbul,12.000.000 TL,150,130,3 + 1,1,5 Katlı,2. Kat,Sıfır Bina,Yerden Isıtma,Eşyalı Değil,Boş,Kat Mülkiyeti,"Güney, Doğu",,https://www.hepsiemlak.com/istanbul-sancaktepe-sarigazi-satilik/daire/163902-301
43996-30020,Emniyet Evleri,Kağıthane,İstanbul,7.600.000 TL,138,120,4 + 1,1,4 Katlı,Yüksek Giriş,Sıfır Bina,Kombi,Eşyalı Değil,Boş,Kat Mülkiyeti,"Güney, Doğu",250 TL,https://www.hepsiemlak.com/istanbul-kagithane-emniyet-evleri-satilik/daire/43996-30020
154749-85,Ferah,Üsküdar,İstanbul,12.500.000 TL,100,87,2 + 1,1,4 Katlı,3. Kat,2 Yaşında,Kombi,Eşyalı Değil,Kiracılı,Kat Mülkiyeti,"Güney, Doğu, Batı",1.600 TL,https://www.hepsiemlak.com/istanbul-uskudar-ferah-satilik/daire/154749-85
2210-2857,Kayışdağı,Ataşehir,İstanbul,4.300.000 TL,71,50,2 + 1,1,4 Katlı,Giriş Katı,21 Yaşında,Kombi,Eşyalı Değil,Boş,Kat Mülkiyeti,"Güney, Doğu",,https://www.hepsiemlak.com/istanbul-atasehir-kayisdagi-satilik/daire/2210-2857
158529-120,Orhantepe,Kartal,İstanbul,11.500.000 TL,170,140,3 + 2,2,5 Katlı,5. Kat,6 Yaşında,Kombi,Eşyalı Değil,Kiracılı,Kat Mülkiyeti,Güney,,https://www.hepsiemlak.com/istanbul-kartal-orhantepe-satilik/daire/158529-120
95208-286,Altıntepe,Maltepe,İstanbul,11.000.000 TL,140,110,3 + 1,2,5 Katlı,Yüksek Giriş,11 Yaşında,Kombi,Eşyalı Değil,Boş,Kat İrtifakı,"Güney, Doğu, Batı",,https://www.hepsiemlak.com/istanbul-maltepe-altintepe-satilik/daire/95208-286
11217-10471,Uskumruköy,Sarıyer,İstanbul,35.000.000 TL,450,375,6 + 2,4,3 Katlı,,24 Yaşında,Kombi,Eşyalı Değil,Boş,Kat İrtifakı,Doğu,,https://www.hepsiemlak.com/istanbul-sariyer-uskumrukoy-satilik/villa/11217-10471
160688-141,Feyzullah,Maltepe,İstanbul,12.600.000 TL,90,75,2 + 1,1,4 Katlı,2. Kat,5 Yaşında,Merkezi (Pay Öl...,Eşyalı Değil,Boş,Kat Mülkiyeti,"Güney, Doğu",,https://www.hepsiemlak.com/istanbul-maltepe-feyzullah-satilik/daire/160688-141
93232-712,Çavuş,Şile,İstanbul,10.750.000 TL,167,125,4 + 1,2,3 Katlı,3. Kat,11 Yaşında,Kombi,Eşyalı Değil,Boş,Kat Mülkiyeti,"Kuzey, Güney, Doğu",500 TL,https://www.hepsiemlak.com/istanbul-sile-cavus-satilik/daire/93232-712
170018-46,Kurtköy,Pendik,İstanbul,14.500.000 TL,180,150,4 + 1,2,9 Katlı,9. Kat,6 Yaşında,Merkezi (Pay Öl...,Eşyalı Değil,Mülk Sahibi,Kat Mülkiyeti,"Güney, Doğu",,https://www.hepsiemlak.com/istanbul-pendik-kurtkoy-satilik/daire/170018-46
169682-147,Maltepe,Zeytinburnu,İstanbul,48.500.000 TL,205,145,2 + 1,2,10 Katlı,1. Kat,6 Yaşında,Merkezi (Pay Öl...,Eşyalı Değil,Boş,Kat Mülkiyeti,,,https://www.hepsiemlak.com/istanbul-zeytinburnu-maltepe-satilik/daire/169682-147
48423-4667,Mehmet Akif,Çekmeköy,İstanbul,22.500.000 TL,175,150,3 + 1,2,7 Katlı,2. Kat,20 Yaşında,Kombi,Eşyalı Değil,Mülk Sahibi,Kat Mülkiyeti,,,https://www.hepsiemlak.com/istanbul-cekmekoy-mehmet-akif-satilik/daire/48423-4667
169615-43,Anadolu,Arnavutköy,İstanbul,4.350.000 TL,90,85,2 + 1,1,4 Katlı,1. Kat,6 Yaşında,Kombi,Eşyalı Değil,Boş,Kat İrtifakı,"Güney, Doğu, Batı",,https://www.hepsiemlak.com/istanbul-arnavutkoy-anadolu-satilik/daire/169615-43
124316-582,Madenler,Ümraniye,İstanbul,10.425.000 TL,139,129,4 + 1,2,10 Katlı,7. Kat,21 Yaşında,Kombi,Eşyalı Değil,Boş,Dernekten/Vakıf...,,,https://www.hepsiemlak.com/istanbul-umraniye-madenler-satilik/daire/124316-582
37889-971,Cami,Tuzla,İstanbul,28.000.000 TL,250,225,4 + 2,3,4 Katlı,Bahçe Katı,21 Yaşında,Kombi,Eşyalı Değil,Mülk Sahibi,Kat Mülkiyeti,Güney,12.000 TL,https://www.hepsiemlak.com/istanbul-tuzla-cami-satilik/villa/37889-971
168478-98,Yenidoğan,Sancaktepe,İstanbul,7.500.000 TL,87,80,2 + 1,1,5 Katlı,3. Kat,2 Yaşında,Kombi,Eşyalı Değil,Mülk Sahibi,Kat Mülkiyeti,Güney,,https://www.hepsiemlak.com/istanbul-sancaktepe-yenidogan-satilik/daire/168478-98
131783-472,Çeliktepe,Kağıthane,İstanbul,8.750.000 TL,90,80,2 + 1,2,3 Katlı,3. Kat,Sıfır Bina,Kombi,Eşyalı Değil,Boş,Kat Mülkiyeti,"Güney, Doğu",,https://www.hepsiemlak.com/istanbul-kagithane-celiktepe-satilik/daire/131783-472
167525-146,İstiklal,Ümraniye,İstanbul,5.750.000 TL,85,80,2 + 1,1,5 Katlı,1. Kat,16 Yaşında,Kombi,Eşyalı Değil,Kiracılı,Kat İrtifakı,"Güney, Doğu, Batı",,https://www.hepsiemlak.com/istanbul-umraniye-istiklal-satilik/daire/167525-146
66056-10931,Esentepe,Kartal,İstanbul,6.300.000 TL,55,50,2 + 1,1,4 Katlı,Yüksek Giriş,2 Yaşında,Kombi,Eşyalı Değil,Mülk Sahibi,Kat Mülkiyeti,,,https://www.hepsiemlak.com/istanbul-kartal-esentepe-satilik/daire/66056-10931
162881-40,Sinanoba,Büyükçekmece,İstanbul,15.750.000 TL,300,240,4 + 2,3,3 Katlı,Bahçe Katı,26 Yaşında,Kombi,Eşyalı,Mülk Sahibi,Kat Mülkiyeti,"Kuzey, Güney, Doğu, Batı",4.250 TL,https://www.hepsiemlak.com/istanbul-buyukcekmece-sinanoba-satilik/villa/162881-40
162805-146,Mevlana,Sancaktepe,İstanbul,3.300.000 TL,130,120,3 + 1,1,10 Katlı,1. Kat,11 Yaşında,Kombi,Eşyalı Değil,Kiracılı,Arsa,Güney,,https://www.hepsiemlak.com/istanbul-sancaktepe-mevlana-satilik/daire/162805-146
95643-1926,Etiler,Beşiktaş,İstanbul,44.800.000 TL,150,120,3 + 1,3,4 Katlı,4. Kat,Sıfır Bina,Yerden Isıtma,Eşyalı Değil,Boş,Kat Mülkiyeti,"Güney, Batı",3.000 TL,https://www.hepsiemlak.com/istanbul-besiktas-etiler-satilik/daire/95643-1926
169476-19,Kurtköy,Pendik,İstanbul,6.100.000 TL,95,75,2 + 1,1,3 Katlı,2. Kat,11 Yaşında,Kombi,Eşyalı Değil,Kiracılı,Kat İrtifakı,"Kuzey, Batı",,https://www.hepsiemlak.com/istanbul-pendik-kurtkoy-satilik/daire/169476-19
30836-1685,İzzet Paşa,Şişli,İstanbul,4.500.000 TL,90,75,2 + 1,1,7 Katlı,5. Kat,21 Yaşında,Kombi,Eşyalı Değil,Kiracılı,Arsa,Doğu,,https://www.hepsiemlak.com/istanbul-sisli-izzet-pasa-satilik/daire/30836-1685
161974-101,Battalgazi,Sultanbeyli,İstanbul,5.500.000 TL,80,66,2 + 1,2,6 Katlı,1. Kat,5 Yaşında,Kombi,Eşyalı Değil,Mülk Sahibi,Kat Mülkiyeti,,,https://www.hepsiemlak.com/istanbul-sultanbeyli-battalgazi-satilik/daire/161974-101
147960-204,Güzelce,Büyükçekmece,İstanbul,8.750.000 TL,132,100,2 + 1,2,10 Katlı,4. Kat,3 Yaşında,Merkezi (Pay Öl...,Eşyalı Değil,Boş,Yabancıdan,Kuzey,,https://www.hepsiemlak.com/istanbul-buyukcekmece-guzelce-satilik/daire/147960-204
169486-90,Doğu,Pendik,İstanbul,5.500.000 TL,65,45,1 + 1,1,7 Katlı,2. Kat,Sıfır Bina,Merkezi (Pay Öl...,Eşyalı Değil,Kiracılı,Kat Mülkiyeti,Kuzey,4.325 TL,https://www.hepsiemlak.com/istanbul-pendik-dogu-satilik/daire/169486-90
169482-14,Hürriyet,Bağcılar,İstanbul,9.450.000 TL,180,150,3 + 2,3,4 Katlı,3. Kat,1 Yaşında,Kombi,Eşyalı Değil,Kiracılı,Kat Mülkiyeti,"Kuzey, Doğu",,https://www.hepsiemlak.com/istanbul-bagcilar-hurriyet-satilik/daire/169482-14
169695-20,Küçükyalı,Maltepe,İstanbul,14.300.000 TL,120,100,3 + 1,2,7 Katlı,5. Kat,Sıfır Bina,Yerden Isıtma,Eşyalı Değil,Boş,Kat Mülkiyeti,"Güney, Doğu",,https://www.hepsiemlak.com/istanbul-maltepe-kucukyali-satilik/daire/169695-20
169836-192,Fatih,Büyükçekmece,İstanbul,16.500.000 TL,220,185,3 + 2,4,4 Katlı,4. Kat,6 Yaşında,Kombi,Eşyalı Değil,Mülk Sahibi,Kat Mülkiyeti,"Kuzey, Güney, Doğu",7.500 TL,https://www.hepsiemlak.com/istanbul-buyukcekmece-fatih-satilik/daire/169836-192
0-46928254,Mehmet Akif,Ümraniye,İstanbul,21.000.000 TL,240,180,4 + 2,3,14 Katlı,En Üst Kat,16 Yaşında,Kombi,Eşyalı Değil,Mülk Sahibi,Kat Mülkiyeti,"Kuzey, Batı",6.152 TL,https://www.hepsiemlak.com/istanbul-umraniye-mehmet-akif-satilik/daire/0-46928254
141321-312,Çırçır,Eyüpsultan,İstanbul,3.875.000 TL,90,80,2 + 1,1,6 Katlı,2. Kat,11 Yaşında,Kombi,Eşyalı Değil,Boş,Kat Mülkiyeti,"Doğu, Batı",,https://www.hepsiemlak.com/istanbul-eyupsultan-circir-satilik/daire/141321-312
136375-1091,Barış,Beylikdüzü,İstanbul,7.400.000 TL,80,60,1 + 1,1,10 Katlı,Giriş Katı,6 Yaşında,Merkezi (Pay Öl...,Eşyalı,Boş,Yabancıdan,"Güney, Doğu",5.500 TL,https://www.hepsiemlak.com/istanbul-beylikduzu-baris-satilik/daire/136375-1091
165153-307,Mahmutbey,Bağcılar,İstanbul,8.650.000 TL,103,78,2 + 1,2,15 Katlı,9. Kat,Sıfır Bina,Kombi,Eşyalı Değil,Boş,Kat Mülkiyeti,"Güney, Batı",3.000 TL,https://www.hepsiemlak.com/istanbul-bagcilar-mahmutbey-satilik/daire/165153-307
124141-313,Abdurrahmangazi,Sancaktepe,İstanbul,9.100.000 TL,220,180,3 + 2,3,4 Katlı,4. Kat,6 Yaşında,Kombi,Eşyalı Değil,Mülk Sahibi,Kat Mülkiyeti,Güney,200 TL,https://www.hepsiemlak.com/istanbul-sancaktepe-abdurrahmangazi-satilik/daire/124141-313
136372-94,Cevizli,Maltepe,İstanbul,7.800.000 TL,85,66,1 + 1,1,6 Katlı,2. Kat,Sıfır Bina,Merkezi (Pay Öl...,Eşyalı Değil,Boş,Kat İrtifakı,Kuzey,500 TL,https://www.hepsiemlak.com/istanbul-maltepe-cevizli-satilik/daire/136372-94
128637-90,Ayazağa,Sarıyer,İstanbul,39.000.000 TL,185,132,3 + 1,2,19 Katlı,7. Kat,6 Yaşında,Merkezi (Pay Öl...,Eşyalı Değil,Mülk Sahibi,Yabancıdan,"Kuzey, Güney, Doğu, Batı",,https://www.hepsiemlak.com/istanbul-sariyer-ayazaga-satilik/daire/128637-90
140511-333,Kumbaba,Şile,İstanbul,22.750.000 TL,140,130,3 + 1,3,2 Katlı,Bahçe Katı,Sıfır Bina,Yerden Isıtma,Eşyalı Değil,Boş,Müstakil Tapulu,"Kuzey, Güney, Doğu, Batı",,https://www.hepsiemlak.com/istanbul-sile-kumbaba-satilik/villa/140511-333
169913-40,Gençosman,Güngören,İstanbul,9.850.000 TL,160,130,3 + 1,2,4 Katlı,2. Kat,11 Yaşında,Kombi,Eşyalı Değil,Kiracılı,Kat Mülkiyeti,,,https://www.hepsiemlak.com/istanbul-gungoren-gencosman-satilik/daire/169913-40
0-46930961,Düğmeciler,Eyüpsultan,İstanbul,15.950.000 TL,125,110,3 + 1,2,7 Katlı,6. Kat,7 Yaşında,Kombi,,Mülk Sahibi,Kat Mülkiyeti,Güney,850 TL,https://www.hepsiemlak.com/istanbul-eyupsultan-dugmeciler-satilik/daire/0-46930961
164638-50,Caddebostan,Kadıköy,İstanbul,26.750.000 TL,100,70,2 + 1,2,7 Katlı,7. Kat,3 Yaşında,Merkezi (Pay Öl...,Eşyalı Değil,Boş,Kat Mülkiyeti,Kuzey,,https://www.hepsiemlak.com/istanbul-kadikoy-caddebostan-satilik/daire/164638-50
116271-203,Hürriyet,Kartal,İstanbul,6.200.000 TL,90,75,2 + 1,2,11 Katlı,3. Kat,6 Yaşında,Merkezi (Pay Öl...,Eşyalı Değil,Boş,Kat Mülkiyeti,"Güney, Batı",4.000 TL,https://www.hepsiemlak.com/istanbul-kartal-hurriyet-satilik/daire/116271-203
164429-57,Akşemsettin,Sultanbeyli,İstanbul,7.200.000 TL,170,135,4 + 1,2,7 Katlı,7. Kat,Sıfır Bina,Kombi,Eşyalı Değil,Boş,Kat Mülkiyeti,"Güney, Doğu",,https://www.hepsiemlak.com/istanbul-sultanbeyli-aksemsettin-satilik/daire/164429-57
117621-1387,Kartaltepe,Bayrampaşa,İstanbul,5.500.000 TL,84,65,2 + 1,1,5 Katlı,Bodrum ve Zemin,31 Yaşında,Kombi,,Mülk Sahibi,Kat Mülkiyeti,Güney,100 TL,https://www.hepsiemlak.com/istanbul-bayrampasa-kartaltepe-satilik/daire/117621-1387
168709-62,Petroliş,Kartal,İstanbul,10.350.000 TL,125,100,3 + 1,1,5 Katlı,1. Kat,11 Yaşında,Kombi,Eşyalı Değil,Mülk Sahibi,Kat Mülkiyeti,"Güney, Doğu",,https://www.hepsiemlak.com/istanbul-kartal-petrolis-satilik/daire/168709-62
168882-2,Feneryolu,Kadıköy,İstanbul,20.000.000 TL,115,80,2 + 1,2,13 Katlı,11. Kat,Sıfır Bina,Kombi,,Boş,Kat İrtifakı,,,https://www.hepsiemlak.com/istanbul-kadikoy-feneryolu-satilik/daire/168882-2
136797-511,Merkez,Şişli,İstanbul,55.000.000 TL,226,166,3 + 1,3,30 Katlı,21 ve üzeri,4 Yaşında,Merkezi (Pay Öl...,Eşyalı Değil,Boş,Yabancıdan,"Güney, Doğu, Batı",,https://www.hepsiemlak.com/istanbul-sisli-merkez-satilik/residence/136797-511
163115-196,Yunus Emre,Arnavutköy,İstanbul,3.800.000 TL,95,85,2 + 1,1,4 Katlı,Yüksek Giriş,6 Yaşında,Kombi,Eşyalı Değil,Mülk Sahibi,Kat İrtifakı,Güney,,https://www.hepsiemlak.com/istanbul-arnavutkoy-yunus-emre-satilik/daire/163115-196
156874-18,Caddebostan,Kadıköy,İstanbul,69.500.000 TL,160,140,3 + 1,2,8 Katlı,8. Kat,13 Yaşında,Yerden Isıtma,Eşyalı Değil,Mülk Sahibi,Kat Mülkiyeti,Güney,7.000 TL,https://www.hepsiemlak.com/istanbul-kadikoy-caddebostan-satilik/daire/156874-18
150439-839,Huzur,Sarıyer,İstanbul,24.000.000 TL,199,75,2 + 1,2,10 Katlı,3. Kat,Sıfır Bina,Yerden Isıtma,Eşyalı Değil,Boş,Yabancıdan,"Kuzey, Güney, Doğu, Batı",,https://www.hepsiemlak.com/istanbul-sariyer-huzur-satilik/daire/150439-839
136233-700,Kavaklı,Beylikdüzü,İstanbul,5.650.000 TL,105,95,2 + 1,2,4 Katlı,2. Kat,3 Yaşında,Kombi,Eşyalı Değil,Boş,Yabancıdan,Doğu,500 TL,https://www.hepsiemlak.com/istanbul-beylikduzu-kavakli-satilik/daire/136233-700
140384-70,Mimar Sinan Merkez,Büyükçekmece,İstanbul,7.300.000 TL,162,63,2 + 1,2,5 Katlı,3. Kat,5 Yaşında,Kombi,Eşyalı Değil,Boş,Kat Mülkiyeti,,,https://www.hepsiemlak.com/istanbul-buyukcekmece-mimar-sinan-merkez-satilik/daire/140384-70
148212-193,Denizköşkler,Avcılar,İstanbul,8.500.000 TL,260,210,4 + 2,2,4 Katlı,3. Kat,11 Yaşında,Kombi,Eşyalı Değil,Boş,Kat İrtifakı,"Güney, Doğu, Batı",150 TL,https://www.hepsiemlak.com/istanbul-avcilar-denizkoskler-satilik/daire/148212-193
161261-511,Uğur Mumcu,Kartal,İstanbul,6.250.000 TL,100,89,3 + 1,1,12 Katlı,4. Kat,26 Yaşında,Kombi,Eşyalı Değil,Mülk Sahibi,Kat Mülkiyeti,"Güney, Doğu, Batı",,https://www.hepsiemlak.com/istanbul-kartal-ugur-mumcu-satilik/daire/161261-511
0-46926903,Hacıahmet,Beyoğlu,İstanbul,58.000.000 TL,720,120,12 + 6,6,6 Katlı,,31 Yaşında,Kombi,Eşyalı Değil,Mülk Sahibi,Kat Mülkiyeti,"Kuzey, Güney, Doğu, Batı",500 TL,https://www.hepsiemlak.com/istanbul-beyoglu-haciahmet-satilik/bina/0-46926903
31610-11156,Orta,Kartal,İstanbul,8.200.000 TL,97,74,2 + 1,1,18 Katlı,Zemin,11 Yaşında,Merkezi (Pay Öl...,Eşyalı Değil,Boş,Kat Mülkiyeti,Doğu,,https://www.hepsiemlak.com/istanbul-kartal-orta-satilik/daire/31610-11156
168963-40,Telsizler,Kağıthane,İstanbul,6.100.000 TL,75,55,2 + 1,1,14 Katlı,6. Kat,6 Yaşında,Merkezi (Pay Öl...,Eşyalı,Boş,Kat Mülkiyeti,Doğu,5.250 TL,https://www.hepsiemlak.com/istanbul-kagithane-telsizler-satilik/residence/168963-40
169478-7,Aydınlı,Tuzla,İstanbul,8.000.000 TL,118,88,2 + 1,2,5 Katlı,2. Kat,11 Yaşında,Merkezi (Pay Öl...,Eşyalı Değil,Boş,Kat Mülkiyeti,"Güney, Doğu",7.250 TL,https://www.hepsiemlak.com/istanbul-tuzla-aydinli-satilik/daire/169478-7
164804-208,Söğütlü Çeşme,Küçükçekmece,İstanbul,2.700.000 TL,110,100,3 + 1,1,4 Katlı,2. Kat,26 Yaşında,Kombi,Eşyalı Değil,Mülk Sahibi,Arsa,"Güney, Doğu, Batı",,https://www.hepsiemlak.com/istanbul-kucukcekmece-sogutlu-cesme-satilik/daire/164804-208
151320-332,Siyavuşpaşa,Bahçelievler,İstanbul,8.750.000 TL,95,85,3 + 1,1,6 Katlı,2. Kat,Sıfır Bina,Kombi,Eşyalı Değil,Boş,Kat İrtifakı,"Güney, Doğu",,https://www.hepsiemlak.com/istanbul-bahcelievler-siyavuspasa-satilik/daire/151320-332
160344-41,Kordonboyu,Kartal,İstanbul,11.950.000 TL,120,100,3 + 1,2,18 Katlı,5. Kat,Sıfır Bina,Yerden Isıtma,Eşyalı Değil,Boş,Kat İrtifakı,"Doğu, Batı",,https://www.hepsiemlak.com/istanbul-kartal-kordonboyu-satilik/daire/160344-41
134985-2038,Merkez,Çekmeköy,İstanbul,3.800.000 TL,90,75,2 + 1,1,4 Katlı,Bahçe Katı,3 Yaşında,Kombi,Eşyalı Değil,Kiracılı,Kat Mülkiyeti,"Kuzey, Batı",,https://www.hepsiemlak.com/istanbul-cekmekoy-merkez-satilik/daire/134985-2038
20751-29560,İstasyon,Küçükçekmece,İstanbul,13.500.000 TL,120,105,3 + 1,1,14 Katlı,4. Kat,15 Yaşında,Kombi,Eşyalı Değil,Boş,Kat Mülkiyeti,"Güney, Batı",,https://www.hepsiemlak.com/istanbul-kucukcekmece-istasyon-satilik/daire/20751-29560
151521-235,Göztepe,Bağcılar,İstanbul,4.420.000 TL,110,100,2 + 1,1,4 Katlı,4. Kat,21 Yaşında,Kombi,Eşyalı Değil,Mülk Sahibi,Arsa,Güney,,https://www.hepsiemlak.com/istanbul-bagcilar-goztepe-satilik/daire/151521-235
21171-10007,Cihangir,Avcılar,İstanbul,4.400.000 TL,85,75,2 + 1,1,4 Katlı,1. Kat,6 Yaşında,Kombi,Eşyalı Değil,Kiracılı,Kat Mülkiyeti,"Kuzey, Güney, Doğu",,https://www.hepsiemlak.com/istanbul-avcilar-cihangir-satilik/daire/21171-10007
168819-108,Barbaros Hayrettin Paşa,Esenyurt,İstanbul,3.850.000 TL,72,60,1 + 1,1,12 Katlı,4. Kat,6 Yaşında,Merkezi (Pay Öl...,Eşyalı Değil,Boş,Yabancıdan,"Güney, Doğu, Batı",3.950 TL,https://www.hepsiemlak.com/istanbul-esenyurt-barbaros-hayrettin-pasa-satilik/daire/168819-108
162872-214,Şeyhli,Pendik,İstanbul,5.750.000 TL,100,85,2 + 1,1,4 Katlı,1. Kat,11 Yaşında,Kombi,Eşyalı Değil,Mülk Sahibi,Kat Mülkiyeti,,,https://www.hepsiemlak.com/istanbul-pendik-seyhli-satilik/daire/162872-214
166336-75,Aydınlı,Tuzla,İstanbul,6.280.000 TL,124,103,3 + 1,2,9 Katlı,1. Kat,11 Yaşında,Merkezi (Pay Öl...,Eşyalı Değil,Kiracılı,Kat Mülkiyeti,,2.600 TL,https://www.hepsiemlak.com/istanbul-tuzla-aydinli-satilik/daire/166336-75
169665-16,Erenler,Şile,İstanbul,19.500.000 TL,200,180,3 + 1,3,2 Katlı,Bahçe Katı,Sıfır Bina,Yerden Isıtma,Eşyalı Değil,Boş,Kat İrtifakı,"Kuzey, Güney, Doğu, Batı",,https://www.hepsiemlak.com/istanbul-sile-erenler-satilik/villa/169665-16
169148-83,Çırçır,Eyüpsultan,İstanbul,4.600.000 TL,115,102,2 + 1,1,5 Katlı,Giriş Katı,6 Yaşında,Kombi,Eşyalı Değil,Mülk Sahibi,Kat Mülkiyeti,"Güney, Doğu",275 TL,https://www.hepsiemlak.com/istanbul-eyupsultan-circir-satilik/daire/169148-83
156318-217,Osmangazi,Sancaktepe,İstanbul,7.299.999 TL,110,90,3 + 1,3,5 Katlı,5. Kat,2 Yaşında,Yerden Isıtma,Eşyalı Değil,Mülk Sahibi,Yabancıdan,"Kuzey, Güney, Doğu, Batı",,https://www.hepsiemlak.com/istanbul-sancaktepe-osmangazi-satilik/daire/156318-217
61827-2000,19 Mayıs,Şişli,İstanbul,13.950.000 TL,160,140,5 + 2,1,2 Katlı,Ara Kat,25 Yaşında,Kombi,Eşyalı Değil,Boş,Kat Mülkiyeti,Doğu,,https://www.hepsiemlak.com/istanbul-sisli-19-mayis-satilik/daire/61827-2000
168746-71,Çamçeşme,Pendik,İstanbul,7.150.000 TL,100,77,3 + 1,1,7 Katlı,2. Kat,Sıfır Bina,Kombi,Eşyalı Değil,Boş,Kat İrtifakı,"Güney, Doğu, Batı",,https://www.hepsiemlak.com/istanbul-pendik-camcesme-satilik/daire/168746-71
1003-13872,Altıntepe,Maltepe,İstanbul,8.750.000 TL,85,70,2 + 1,1,4 Katlı,Giriş Katı,6 Yaşında,Kombi,Eşyalı Değil,Mülk Sahibi,Kat Mülkiyeti,"Güney, Doğu, Batı",1.000 TL,https://www.hepsiemlak.com/istanbul-maltepe-altintepe-satilik/daire/1003-13872
36619-4906,Merkez,Çekmeköy,İstanbul,32.500.000 TL,200,150,3 + 1,2,4 Katlı,Bahçe Katı,11 Yaşında,Merkezi (Pay Öl...,Eşyalı Değil,Boş,Kat Mülkiyeti,"Doğu, Batı",,https://www.hepsiemlak.com/istanbul-cekmekoy-merkez-satilik/daire/36619-4906
145309-984,Yahya Kemal,Kağıthane,İstanbul,8.100.000 TL,85,70,2 + 1,1,8 Katlı,1. Kat,2 Yaşında,Merkezi (Pay Öl...,Eşyalı Değil,Mülk Sahibi,Kat Mülkiyeti,"Güney, Batı",2.450 TL,https://www.hepsiemlak.com/istanbul-kagithane-yahya-kemal-satilik/daire/145309-984
168692-40,Şeyhli,Pendik,İstanbul,13.250.000 TL,155,140,3 + 1,2,4 Katlı,3. Kat,6 Yaşında,Kombi,Eşyalı Değil,Mülk Sahibi,Kat Mülkiyeti,Güney,1.500 TL,https://www.hepsiemlak.com/istanbul-pendik-seyhli-satilik/daire/168692-40
110208-3869,Yenibosna Merkez,Bahçelievler,İstanbul,12.970.000 TL,128,103,2 + 1,1,5 Katlı,5. Kat,5 Yaşında,Merkezi (Pay Öl...,Eşyalı Değil,Boş,Kat Mülkiyeti,Güney,,https://www.hepsiemlak.com/istanbul-bahcelievler-yenibosna-merkez-satilik/daire/110208-3869
142535-54,Talatpaşa,Kağıthane,İstanbul,6.000.000 TL,55,50,1 + 1,1,3 Katlı,Yarı Bodrum,Sıfır Bina,Yerden Isıtma,Eşyalı Değil,Boş,Kat İrtifakı,"Kuzey, Güney, Doğu, Batı",500 TL,https://www.hepsiemlak.com/istanbul-kagithane-talatpasa-satilik/daire/142535-54
140206-231,Hamidiye,Kağıthane,İstanbul,10.500.000 TL,160,150,3 + 2,2,5 Katlı,4. Kat,11 Yaşında,Kombi,Eşyalı Değil,Kiracılı,Kat Mülkiyeti,"Güney, Doğu, Batı",200 TL,https://www.hepsiemlak.com/istanbul-kagithane-hamidiye-satilik/daire/140206-231
168300-60,Yenişehir,Pendik,İstanbul,12.500.000 TL,159,120,2 + 1,2,8 Katlı,Bahçe Katı,6 Yaşında,Kombi,Eşyalı Değil,Mülk Sahibi,Kat Mülkiyeti,Doğu,6.100 TL,https://www.hepsiemlak.com/istanbul-pendik-yenisehir-satilik/daire/168300-60
113992-479,Vişnezade,Beşiktaş,İstanbul,15.000.000 TL,85,74,2 + 0,,4 Katlı,3. Kat,10 Yaşında,Kombi,Eşyalı,Boş,Kat Mülkiyeti,Güney,700 TL,https://www.hepsiemlak.com/istanbul-besiktas-visnezade-satilik/daire/113992-479
169034-16,Hürriyet,Kartal,İstanbul,7.850.000 TL,106,96,2 + 1,2,7 Katlı,Yüksek Giriş,6 Yaşında,Kombi,Eşyalı Değil,Mülk Sahibi,Kat Mülkiyeti,Güney,700 TL,https://www.hepsiemlak.com/istanbul-kartal-hurriyet-satilik/daire/169034-16
119974-719,Merkez,Çekmeköy,İstanbul,3.330.000 TL,55,50,1 + 1,1,5 Katlı,Bahçe Katı,6 Yaşında,Kombi,Eşyalı Değil,Kiracılı,Kat Mülkiyeti,"Kuzey, Güney",,https://www.hepsiemlak.com/istanbul-cekmekoy-merkez-satilik/daire/119974-719
106894-395,Zümrütevler,Maltepe,İstanbul,3.630.000 TL,120,105,3 + 1,1,6 Katlı,1. Kat,26 Yaşında,Kombi,Eşyalı Değil,Kiracılı,Kooperatiften H...,Doğu,1.200 TL,https://www.hepsiemlak.com/istanbul-maltepe-zumrutevler-satilik/daire/106894-395
135074-425,İçerenköy,Ataşehir,İstanbul,13.000.000 TL,130,115,3 + 1,1,7 Katlı,7. Kat,26 Yaşında,Kombi,Eşyalı Değil,Boş,Kat İrtifakı,Güney,500 TL,https://www.hepsiemlak.com/istanbul-atasehir-icerenkoy-satilik/daire/135074-425
37431-2183,Acıbadem,Üsküdar,İstanbul,35.500.000 TL,165,135,3 + 0,3,6 Katlı,Bahçe Katı,18 Yaşında,Kombi,Eşyalı Değil,Boş,Kat Mülkiyeti,"Güney, Doğu",14.500 TL,https://www.hepsiemlak.com/istanbul-uskudar-acibadem-satilik/daire/37431-2183
168955-33,Abdurrahmangazi,Sancaktepe,İstanbul,6.850.000 TL,95,78,2 + 1,1,4 Katlı,2. Kat,6 Yaşında,Kombi,Eşyalı Değil,Boş,Kat Mülkiyeti,Güney,500 TL,https://www.hepsiemlak.com/istanbul-sancaktepe-abdurrahmangazi-satilik/daire/168955-33
141419-425,Koca Mustafapaşa,Fatih,İstanbul,16.000.000 TL,140,130,3 + 1,2,4 Katlı,3. Kat,8 Yaşında,Kombi,Eşyalı Değil,Mülk Sahibi,Kat Mülkiyeti,"Güney, Batı",,https://www.hepsiemlak.com/istanbul-fatih-koca-mustafapasa-satilik/daire/141419-425
145406-725,Hamidiye,Kağıthane,İstanbul,39.750.000 TL,210,150,4 + 1,2,9 Katlı,3. Kat,3 Yaşında,Merkezi (Pay Öl...,Eşyalı Değil,Boş,Kat Mülkiyeti,Güney,,https://www.hepsiemlak.com/istanbul-kagithane-hamidiye-satilik/residence/145406-725
7204-27956,Merkez,Kağıthane,İstanbul,8.950.000 TL,101,75,2 + 1,1,12 Katlı,2. Kat,4 Yaşında,Merkezi (Pay Öl...,Eşyalı Değil,Boş,Kat İrtifakı,"Güney, Doğu, Batı",5.889 TL,https://www.hepsiemlak.com/istanbul-kagithane-merkez-satilik/daire/7204-27956
144514-155,Fevzi Çakmak,Esenler,İstanbul,7.500.000 TL,118,105,3 + 1,1,6 Katlı,Yüksek Giriş,Sıfır Bina,Kombi,Eşyalı Değil,Boş,Kat Mülkiyeti,"Doğu, Batı",200 TL,https://www.hepsiemlak.com/istanbul-esenler-fevzi-cakmak-satilik/daire/144514-155
121077-733,Merkez,Kağıthane,İstanbul,16.300.000 TL,110,100,3 + 1,2,6 Katlı,3. Kat,Sıfır Bina,Merkezi (Pay Öl...,Eşyalı Değil,Boş,Tapu Yok,"Güney, Doğu",,https://www.hepsiemlak.com/istanbul-kagithane-merkez-satilik/daire/121077-733
165958-66,Mimar Sinan,Sultanbeyli,İstanbul,4.500.000 TL,150,130,4 + 1,1,3 Katlı,Zemin,Sıfır Bina,Kombi,Eşyalı Değil,Boş,Müstakil Tapulu,,,https://www.hepsiemlak.com/istanbul-sultanbeyli-mimar-sinan-satilik/daire/165958-66
140323-144,Gümüşpınar,Kartal,İstanbul,7.250.000 TL,130,69,2 + 1,1,13 Katlı,Bahçe Katı,2 Yaşında,Merkezi (Pay Öl...,Eşyalı Değil,Boş,Kat Mülkiyeti,"Güney, Batı",4.900 TL,https://www.hepsiemlak.com/istanbul-kartal-gumuspinar-satilik/daire/140323-144
0-46925123,Sultan Murat,Küçükçekmece,İstanbul,15.000.000 TL,150,130,3 + 1,2,4 Katlı,2. Kat,4 Yaşında,Kombi,Eşyalı,Mülk Sahibi,Kat Mülkiyeti,"Güney, Doğu",500 TL,https://www.hepsiemlak.com/istanbul-kucukcekmece-sultan-murat-satilik/daire/0-46925123
0-46922870,Altıntepsi,Bayrampaşa,İstanbul,16.750.000 TL,152,130,3 + 1,2,12 Katlı,11. Kat,5 Yaşında,Merkezi (Pay Öl...,Eşyalı Değil,Mülk Sahibi,Kat Mülkiyeti,"Güney, Doğu, Batı",6.700 TL,https://www.hepsiemlak.com/istanbul-bayrampasa-altintepsi-satilik/daire/0-46922870
0-46923347,Mustafa Kemal Paşa,Avcılar,İstanbul,4.380.000 TL,90,80,2 + 1,1,5 Katlı,2. Kat,15 Yaşında,Kombi,Eşyalı Değil,Mülk Sahibi,Kat İrtifakı,"Kuzey, Doğu",200 TL,https://www.hepsiemlak.com/istanbul-avcilar-mustafa-kemal-pasa-satilik/daire/0-46923347
169385-50,Yenimahalle,Bağcılar,İstanbul,7.900.000 TL,107,85,2 + 1,2,12 Katlı,11. Kat,6 Yaşında,Kombi,Eşyalı Değil,Mülk Sahibi,Kat Mülkiyeti,"Güney, Batı",4.500 TL,https://www.hepsiemlak.com/istanbul-bagcilar-yenimahalle-satilik/daire/169385-50
6904-14589,Marmara,Beylikdüzü,İstanbul,11.750.000 TL,100,90,2 + 1,2,10 Katlı,1. Kat,6 Yaşında,Merkezi (Pay Öl...,Eşyalı Değil,Boş,Kat Mülkiyeti,"Güney, Doğu",,https://www.hepsiemlak.com/istanbul-beylikduzu-marmara-satilik/daire/6904-14589
10437-3674,Güzeltepe,Eyüpsultan,İstanbul,20.000.000 TL,180,160,4 + 1,2,10 Katlı,9. Kat,6 Yaşında,Merkezi (Pay Öl...,Eşyalı Değil,Mülk Sahibi,Kat Mülkiyeti,,,https://www.hepsiemlak.com/istanbul-eyupsultan-guzeltepe-satilik/daire/10437-3674
168631-30,Yunus Emre,Sancaktepe,İstanbul,7.600.000 TL,130,120,3 + 1,1,4 Katlı,4. Kat,2 Yaşında,Kombi,,Mülk Sahibi,Kat İrtifakı,"Güney, Doğu",,https://www.hepsiemlak.com/istanbul-sancaktepe-yunus-emre-satilik/daire/168631-30
31070-2691,Çengelköy,Üsküdar,İstanbul,18.950.000 TL,130,110,3 + 1,2,5 Katlı,2. Kat,5 Yaşında,Kombi,Eşyalı,Mülk Sahibi,Kat Mülkiyeti,,7.500 TL,https://www.hepsiemlak.com/istanbul-uskudar-cengelkoy-satilik/daire/31070-2691
169689-49,Haraççı,Arnavutköy,İstanbul,4.725.000 TL,90,80,2 + 1,1,4 Katlı,2. Kat,6 Yaşında,Kombi,Eşyalı Değil,Boş,Kat İrtifakı,,,https://www.hepsiemlak.com/istanbul-arnavutkoy-haracci-satilik/daire/169689-49
153354-39,Gayrettepe,Beşiktaş,İstanbul,12.950.000 TL,90,70,2 + 1,1,9 Katlı,Bahçe Katı,3 Yaşında,Kombi,Eşyalı Değil,Mülk Sahibi,Kat İrtifakı,,500 TL,https://www.hepsiemlak.com/istanbul-besiktas-gayrettepe-satilik/daire/153354-39
89224-286,Yeni,Silivri,İstanbul,3.925.000 TL,55,40,1 + 1,1,6 Katlı,3. Kat,4 Yaşında,Yerden Isıtma,Eşyalı,Kiracılı,Kat Mülkiyeti,"Doğu, Batı",2.250 TL,https://www.hepsiemlak.com/istanbul-silivri-yeni-satilik/daire/89224-286
0-46920575,Sahil,Beylikdüzü,İstanbul,14.500.000 TL,300,280,5 + 2,3,4 Katlı,Kot 3,3 Yaşında,Merkezi (Pay Öl...,,,Kat İrtifakı,,,https://www.hepsiemlak.com/istanbul-beylikduzu-sahil-satilik/daire/0-46920575
3270-2754,Merdivenköy,Kadıköy,İstanbul,17.500.000 TL,95,78,3 + 1,1,10 Katlı,3. Kat,4 Yaşında,Kombi,Eşyalı Değil,Boş,Kat Mülkiyeti,"Kuzey, Doğu",1.250 TL,https://www.hepsiemlak.com/istanbul-kadikoy-merdivenkoy-satilik/daire/3270-2754
61956-4306,Yeşilova,Küçükçekmece,İstanbul,3.000.000 TL,100,90,2 + 1,1,4 Katlı,4. Kat,30 Yaşında,Isıtma Yok,Eşyalı Değil,Kiracılı,Arsa,"Doğu, Batı",200 TL,https://www.hepsiemlak.com/istanbul-kucukcekmece-yesilova-satilik/daire/61956-4306
1400-8228,İsmet Paşa,Bayrampaşa,İstanbul,16.650.000 TL,100,83,3 + 1,1,11 Katlı,8. Kat,5 Yaşında,Merkezi,Eşyalı Değil,Boş,Tapu Yok,,,https://www.hepsiemlak.com/istanbul-bayrampasa-ismet-pasa-satilik/daire/1400-8228
169174-76,Koçullu,Çekmeköy,İstanbul,51.000.000 TL,250,200,4 + 1,3,2 Katlı,Bahçe Katı,16 Yaşında,Kombi,Eşyalı Değil,Mülk Sahibi,Kat Mülkiyeti,Güney,15.000 TL,https://www.hepsiemlak.com/istanbul-cekmekoy-kocullu-satilik/villa/169174-76
0-46920308,100. Yıl,Bağcılar,İstanbul,2.850.000 TL,60,52,1 + 1,1,5 Katlı,1. Kat,15 Yaşında,Kombi,Eşyalı,Boş,Kat Mülkiyeti,Batı,4.140 TL,https://www.hepsiemlak.com/istanbul-bagcilar-100-yil-satilik/residence/0-46920308
0-46917499,Atatürk,Esenyurt,İstanbul,4.250.000 TL,61,51,2 + 1,1,6 Katlı,6. Kat,10 Yaşında,Kombi,Eşyalı Değil,Mülk Sahibi,Kat Mülkiyeti,"Güney, Doğu",,https://www.hepsiemlak.com/istanbul-esenyurt-ataturk-satilik/daire/0-46917499
135879-473,Dereağzı,Beylikdüzü,İstanbul,24.999.999 TL,460,380,5 + 3,5,3 Katlı,Bahçe Katı,Sıfır Bina,Yerden Isıtma,Eşyalı Değil,Boş,Yabancıdan,Güney,,https://www.hepsiemlak.com/istanbul-beylikduzu-dereagzi-satilik/villa/135879-473
169640-36,Atatürk,Arnavutköy,İstanbul,5.450.000 TL,170,160,4 + 2,2,4 Katlı,4. Kat,5 Yaşında,Kombi,Eşyalı Değil,Boş,Kat İrtifakı,"Güney, Doğu, Batı",250 TL,https://www.hepsiemlak.com/istanbul-arnavutkoy-ataturk-satilik/daire/169640-36
110994-166,Yamanevler,Ümraniye,İstanbul,3.950.000 TL,65,45,1 + 1,1,4 Katlı,Bahçe Katı,5 Yaşında,Kombi,Eşyalı Değil,Boş,Kat Mülkiyeti,"Güney, Doğu",,https://www.hepsiemlak.com/istanbul-umraniye-yamanevler-satilik/daire/110994-166
120022-306,Karadolap,Eyüpsultan,İstanbul,5.500.000 TL,120,110,3 + 1,2,5 Katlı,1. Kat,6 Yaşında,Kombi,Eşyalı Değil,Boş,Kat İrtifakı,"Kuzey, Güney",500 TL,https://www.hepsiemlak.com/istanbul-eyupsultan-karadolap-satilik/daire/120022-306
128786-1686,Küçükyalı,Maltepe,İstanbul,14.250.000 TL,120,110,3 + 1,2,4 Katlı,3. Kat,11 Yaşında,Yerden Isıtma,Eşyalı Değil,Mülk Sahibi,Kat Mülkiyeti,"Güney, Batı",,https://www.hepsiemlak.com/istanbul-maltepe-kucukyali-satilik/daire/128786-1686
169515-12,Batı,Pendik,İstanbul,11.900.000 TL,100,93,2 + 1,1,3 Katlı,2. Kat,21 Yaşında,Kombi,Eşyalı Değil,Mülk Sahibi,Kat İrtifakı,"Güney, Batı",,https://www.hepsiemlak.com/istanbul-pendik-bati-satilik/daire/169515-12
166001-35,Suadiye,Kadıköy,İstanbul,21.250.000 TL,105,82,2 + 1,2,11 Katlı,6. Kat,Sıfır Bina,Merkezi (Pay Öl...,Eşyalı Değil,Boş,Kat İrtifakı,"Kuzey, Doğu, Batı",,https://www.hepsiemlak.com/istanbul-kadikoy-suadiye-satilik/daire/166001-35
168961-44,Göztepe,Beykoz,İstanbul,10.650.000 TL,118,110,2 + 1,1,5 Katlı,Yüksek Giriş,26 Yaşında,Kombi,Eşyalı Değil,Kiracılı,Kooperatiften H...,Batı,5.500 TL,https://www.hepsiemlak.com/istanbul-beykoz-goztepe-satilik/daire/168961-44
138573-367,Etiler,Beşiktaş,İstanbul,105.500.000 TL,260,200,4 + 1,3,4 Katlı,4. Kat,Sıfır Bina,VRV,Eşyalı Değil,Boş,Kat İrtifakı,"Güney, Doğu, Batı",8.000 TL,https://www.hepsiemlak.com/istanbul-besiktas-etiler-satilik/daire/138573-367
136250-202,Barış,Beylikdüzü,İstanbul,5.550.000 TL,145,127,3 + 1,1,14 Katlı,13. Kat,26 Yaşında,Kombi,Eşyalı Değil,Boş,Kat İrtifakı,"Doğu, Batı",,https://www.hepsiemlak.com/istanbul-beylikduzu-baris-satilik/daire/136250-202
92946-1848,Suadiye,Kadıköy,İstanbul,21.750.000 TL,135,95,3 + 1,2,9 Katlı,5. Kat,6 Yaşında,Kombi,Eşyalı Değil,Boş,Kat Mülkiyeti,"Kuzey, Güney, Batı",,https://www.hepsiemlak.com/istanbul-kadikoy-suadiye-satilik/daire/92946-1848
168748-16,Çamçeşme,Pendik,İstanbul,3.575.000 TL,115,95,2 + 1,1,4 Katlı,1. Kat,26 Yaşında,Kombi,Eşyalı Değil,Boş,Yabancıdan,"Kuzey, Batı",250 TL,https://www.hepsiemlak.com/istanbul-pendik-camcesme-satilik/daire/168748-16
165029-34,Soğanlı,Bahçelievler,İstanbul,7.500.000 TL,110,90,3 + 1,1,5 Katlı,5. Kat,Sıfır Bina,Kombi,Eşyalı Değil,Boş,Kat İrtifakı,Güney,,https://www.hepsiemlak.com/istanbul-bahcelievler-soganli-satilik/daire/165029-34
141556-153,Mimar Sinan,Tuzla,İstanbul,5.150.000 TL,87,69,2 + 1,1,8 Katlı,8. Kat,4 Yaşında,Merkezi (Pay Öl...,Eşyalı Değil,Mülk Sahibi,Tapu Yok,"Kuzey, Güney, Doğu",850 TL,https://www.hepsiemlak.com/istanbul-tuzla-mimar-sinan-satilik/daire/141556-153
121508-400,Mithatpaşa,Eyüpsultan,İstanbul,11.550.000 TL,155,135,3 + 1,2,4 Katlı,Zemin,6 Yaşında,Kombi,Eşyalı,Mülk Sahibi,Kat Mülkiyeti,Doğu,500 TL,https://www.hepsiemlak.com/istanbul-eyupsultan-mithatpasa-satilik/daire/121508-400
60940-331,Bostancı,Kadıköy,İstanbul,10.950.000 TL,145,119,3 + 1,2,7 Katlı,3. Kat,30 Yaşında,Kombi,Eşyalı Değil,Boş,Kat Mülkiyeti,"Kuzey, Güney, Doğu, Batı",,https://www.hepsiemlak.com/istanbul-kadikoy-bostanci-satilik/daire/60940-331
131435-344,Ekinoba,Büyükçekmece,İstanbul,7.500.000 TL,145,130,3 + 1,1,4 Katlı,Yüksek Giriş,15 Yaşında,Kombi,Eşyalı Değil,,Kat Mülkiyeti,"Güney, Doğu, Batı",,https://www.hepsiemlak.com/istanbul-buyukcekmece-ekinoba-satilik/daire/131435-344
87870-1261,Gümüşyaka,Silivri,İstanbul,10.950.000 TL,165,140,4 + 1,3,3 Katlı,Bahçe Katı,26 Yaşında,Kombi,Eşyalı,Boş,Kat Mülkiyeti,"Güney, Batı",,https://www.hepsiemlak.com/istanbul-silivri-gumusyaka-satilik/yazlik/87870-1261
169882-29,Yakacık Çarşı,Kartal,İstanbul,7.825.000 TL,110,90,3 + 1,2,6 Katlı,3. Kat,6 Yaşında,Kombi,Eşyalı Değil,Boş,Kat Mülkiyeti,Güney,,https://www.hepsiemlak.com/istanbul-kartal-yakacik-carsi-satilik/daire/169882-29
158137-66,Sultançiftliği,Çekmeköy,İstanbul,12.225.000 TL,280,250,5 + 2,2,8 Katlı,8. Kat,16 Yaşında,Kombi,Eşyalı Değil,Kiracılı,Kat Mülkiyeti,"Kuzey, Güney, Doğu",,https://www.hepsiemlak.com/istanbul-cekmekoy-sultanciftligi-satilik/daire/158137-66
155822-120,Bağlarçeşme,Esenyurt,İstanbul,4.350.000 TL,135,125,3 + 1,2,5 Katlı,Ara Kat,8 Yaşında,Kat Kaloriferi,Eşyalı Değil,Boş,Yabancıdan,"Kuzey, Güney, Doğu, Batı",300 TL,https://www.hepsiemlak.com/istanbul-esenyurt-baglarcesme-satilik/daire/155822-120
165469-189,Alkent 2000,Büyükçekmece,İstanbul,16.499.000 TL,220,180,4 + 1,2,14 Katlı,6. Kat,16 Yaşında,Kombi,Eşyalı Değil,Boş,Kat Mülkiyeti,"Güney, Doğu, Batı",,https://www.hepsiemlak.com/istanbul-buyukcekmece-alkent-2000-satilik/daire/165469-189
169656-18,15 Temmuz,Bağcılar,İstanbul,8.350.000 TL,100,70,2 + 1,2,17 Katlı,15. Kat,6 Yaşında,Merkezi (Pay Öl...,Eşyalı Değil,Kiracılı,Yabancıdan,Güney,7.900 TL,https://www.hepsiemlak.com/istanbul-bagcilar-15-temmuz-satilik/daire/169656-18
131618-650,Cumhuriyet,Küçükçekmece,İstanbul,6.000.000 TL,110,100,2 + 1,1,5 Katlı,2. Kat,21 Yaşında,Kombi,Eşyalı Değil,Mülk Sahibi,Kat Mülkiyeti,Güney,,https://www.hepsiemlak.com/istanbul-kucukcekmece-cumhuriyet-satilik/daire/131618-650
22872-5015,Çamlıtepe,Sarıyer,İstanbul,25.000.000 TL,225,190,4 + 1,2,6 Katlı,En Üst Kat,29 Yaşında,Kombi,Eşyalı Değil,Boş,Kat İrtifakı,Doğu,1.500 TL,https://www.hepsiemlak.com/istanbul-sariyer-camlitepe-satilik/daire/22872-5015
133162-976,Mustafa Kemal Paşa,Avcılar,İstanbul,5.600.000 TL,120,100,3 + 2,3,3 Katlı,3. Kat,16 Yaşında,Kombi,Eşyalı Değil,Mülk Sahibi,Kat Mülkiyeti,,300 TL,https://www.hepsiemlak.com/istanbul-avcilar-mustafa-kemal-pasa-satilik/daire/133162-976
126151-1616,Altıntepe,Maltepe,İstanbul,8.750.000 TL,85,70,2 + 1,1,4 Katlı,Giriş Katı,6 Yaşında,Kombi,Eşyalı Değil,Mülk Sahibi,Kat Mülkiyeti,"Güney, Doğu, Batı",,https://www.hepsiemlak.com/istanbul-maltepe-altintepe-satilik/daire/126151-1616
48585-3275,Cevizli,Maltepe,İstanbul,9.750.000 TL,80,70,2 + 1,1,4 Katlı,2. Kat,Sıfır Bina,Kombi,Eşyalı Değil,Boş,Kat İrtifakı,"Kuzey, Güney, Batı",,https://www.hepsiemlak.com/istanbul-maltepe-cevizli-satilik/daire/48585-3275
144584-128,Pınar,Esenyurt,İstanbul,2.285.000 TL,110,94,2 + 1,1,3 Katlı,Giriş Katı,3 Yaşında,Kombi,Eşyalı Değil,,Yabancıdan,Güney,,https://www.hepsiemlak.com/istanbul-esenyurt-pinar-satilik/daire/144584-128
164229-59,Yalı,Kartal,İstanbul,5.100.000 TL,56,31,1 + 0,1,30 Katlı,11. Kat,6 Yaşında,Fancoil Ünitesi,Eşyalı,Kiracılı,Kat Mülkiyeti,Güney,3.500 TL,https://www.hepsiemlak.com/istanbul-kartal-yali-satilik/daire/164229-59
161805-19,Aşağı Dudullu,Ümraniye,İstanbul,9.300.000 TL,110,95,3 + 1,2,8 Katlı,2. Kat,2 Yaşında,Kombi,Eşyalı Değil,Boş,Kat Mülkiyeti,,,https://www.hepsiemlak.com/istanbul-umraniye-asagi-dudullu-satilik/daire/161805-19
118929-543,Zümrütevler,Maltepe,İstanbul,7.800.000 TL,160,140,4 + 2,2,5 Katlı,5. Kat,6 Yaşında,Kombi,Eşyalı Değil,Mülk Sahibi,Kat Mülkiyeti,"Güney, Doğu, Batı",350 TL,https://www.hepsiemlak.com/istanbul-maltepe-zumrutevler-satilik/daire/118929-543
164577-100,Barbaros,Ataşehir,İstanbul,13.300.000 TL,75,65,1 + 1,1,30 Katlı,7. Kat,6 Yaşında,Merkezi (Pay Öl...,Eşyalı,Boş,Kat Mülkiyeti,"Güney, Batı",6.500 TL,https://www.hepsiemlak.com/istanbul-atasehir-barbaros-satilik/daire/164577-100
164058-32,Yakuplu,Beylikdüzü,İstanbul,3.400.000 TL,80,65,2 + 1,1,4 Katlı,Yüksek Giriş,7 Yaşında,Kombi,Eşyalı Değil,Kiracılı,Kat İrtifakı,"Kuzey, Güney",250 TL,https://www.hepsiemlak.com/istanbul-beylikduzu-yakuplu-satilik/daire/164058-32
170315-1,Saadetdere,Esenyurt,İstanbul,4.330.000 TL,90,85,2 + 1,1,5 Katlı,5. Kat,11 Yaşında,Kombi,Eşyalı Değil,Mülk Sahibi,Kat İrtifakı,Güney,,https://www.hepsiemlak.com/istanbul-esenyurt-saadetdere-satilik/daire/170315-1
3450-803,Atakent,Küçükçekmece,İstanbul,15.000.000 TL,140,110,3 + 1,1,4 Katlı,Bahçe Katı,31 Yaşında,Merkezi (Pay Öl...,Eşyalı Değil,Mülk Sahibi,Kat Mülkiyeti,"Kuzey, Güney",,https://www.hepsiemlak.com/istanbul-kucukcekmece-atakent-satilik/daire/3450-803
151430-20,Emek,Sancaktepe,İstanbul,8.750.000 TL,85,70,1 + 1,1,6 Katlı,4. Kat,6 Yaşında,Kombi,Eşyalı,Boş,Kat Mülkiyeti,"Kuzey, Güney, Doğu, Batı",4.500 TL,https://www.hepsiemlak.com/istanbul-sancaktepe-emek-satilik/daire/151430-20
6136-1412,19 Mayıs,Kadıköy,İstanbul,16.500.000 TL,155,135,3 + 1,2,6 Katlı,5. Kat,31 Yaşında,Merkezi,Eşyalı Değil,Kiracılı,Kat Mülkiyeti,Güney,3.500 TL,https://www.hepsiemlak.com/istanbul-kadikoy-19-mayis-satilik/daire/6136-1412
70157-1822,Merdivenköy,Kadıköy,İstanbul,12.100.000 TL,85,67,2 + 1,1,8 Katlı,3. Kat,Sıfır Bina,Kombi,Eşyalı Değil,Boş,Kat İrtifakı,Güney,,https://www.hepsiemlak.com/istanbul-kadikoy-merdivenkoy-satilik/daire/70157-1822
4638-2958,Merkezefendi,Zeytinburnu,İstanbul,15.100.000 TL,115,75,2 + 1,1,6 Katlı,3. Kat,Sıfır Bina,Merkezi (Pay Öl...,Eşyalı Değil,Boş,Kat Mülkiyeti,Güney,5.713 TL,https://www.hepsiemlak.com/istanbul-zeytinburnu-merkezefendi-satilik/daire/4638-2958
168929-33,Mehmet Akif,Çekmeköy,İstanbul,5.950.000 TL,80,70,2 + 1,1,4 Katlı,Bahçe Katı,5 Yaşında,Kombi,Eşyalı Değil,Mülk Sahibi,Kat Mülkiyeti,"Kuzey, Güney, Doğu, Batı",300 TL,https://www.hepsiemlak.com/istanbul-cekmekoy-mehmet-akif-satilik/daire/168929-33
69537-103260,Mehmet Akif Ersoy,Kağıthane,İstanbul,9.500.000 TL,168,129,2 + 2,2,3 Katlı,En Üst Kat,6 Yaşında,Kombi,Eşyalı Değil,Mülk Sahibi,Kat Mülkiyeti,"Kuzey, Güney, Doğu, Batı",,https://www.hepsiemlak.com/istanbul-kagithane-mehmet-akif-ersoy-satilik/daire/69537-103260
170279-6,Üniversite,Avcılar,İstanbul,5.479.000 TL,109,87,2 + 1,2,20 Katlı,11. Kat,4 Yaşında,Kombi,Eşyalı,Kiracılı,Kat Mülkiyeti,"Güney, Batı",6.545 TL,https://www.hepsiemlak.com/istanbul-avcilar-universite-satilik/daire/170279-6
159353-226,Nurtepe,Kağıthane,İstanbul,10.300.000 TL,160,145,3 + 2,2,3 Katlı,3. Kat,11 Yaşında,Kombi,Eşyalı Değil,Mülk Sahibi,Kat Mülkiyeti,"Güney, Doğu",,https://www.hepsiemlak.com/istanbul-kagithane-nurtepe-satilik/daire/159353-226
156410-106,Kocasinan Merkez,Bahçelievler,İstanbul,7.350.000 TL,91,74,2 + 1,1,8 Katlı,5. Kat,2 Yaşında,Kombi,Eşyalı Değil,Mülk Sahibi,Kat İrtifakı,,,https://www.hepsiemlak.com/istanbul-bahcelievler-kocasinan-merkez-satilik/daire/156410-106
158631-101,Kavaklı,Beylikdüzü,İstanbul,6.250.000 TL,135,125,3 + 1,1,5 Katlı,2. Kat,5 Yaşında,Kombi,Eşyalı Değil,Boş,Kat Mülkiyeti,"Doğu, Batı",1.000 TL,https://www.hepsiemlak.com/istanbul-beylikduzu-kavakli-satilik/daire/158631-101
162791-64,Alibeyköy,Eyüpsultan,İstanbul,4.600.000 TL,55,50,1 + 1,1,8 Katlı,Giriş Katı,1 Yaşında,Yerden Isıtma,Eşyalı Değil,Boş,Kat İrtifakı,,,https://www.hepsiemlak.com/istanbul-eyupsultan-alibeykoy-satilik/daire/162791-64
129971-1029,Kayışdağı,Ataşehir,İstanbul,9.400.000 TL,86,78,2 + 1,1,12 Katlı,7. Kat,6 Yaşında,Kombi,Eşyalı Değil,Boş,Kat Mülkiyeti,"Güney, Batı",,https://www.hepsiemlak.com/istanbul-atasehir-kayisdagi-satilik/daire/129971-1029
0-46864932,Başakşehir,Başakşehir,İstanbul,15.500.000 TL,195,150,4 + 1,2,5 Katlı,Giriş Katı,10 Yaşında,Merkezi (Pay Öl...,Eşyalı Değil,Boş,Kat Mülkiyeti,"Doğu, Batı",,https://www.hepsiemlak.com/istanbul-basaksehir-basaksehir-satilik/daire/0-46864932
0-46864795,Denizköşkler,Avcılar,İstanbul,15.900.000 TL,320,300,6 + 2,2,3 Katlı,3. Kat,30 Yaşında,Kombi,Eşyalı Değil,Boş,Kat İrtifakı,"Kuzey, Güney, Doğu, Batı",140 TL,https://www.hepsiemlak.com/istanbul-avcilar-denizkoskler-satilik/daire/0-46864795
141995-154,Pınartepe,Büyükçekmece,İstanbul,9.500.000 TL,180,150,3 + 1,2,3 Katlı,3. Kat,11 Yaşında,Kombi,Eşyalı Değil,Mülk Sahibi,Yabancıdan,"Güney, Doğu",,https://www.hepsiemlak.com/istanbul-buyukcekmece-pinartepe-satilik/daire/141995-154
104215-1812,Sultançiftliği,Çekmeköy,İstanbul,8.850.000 TL,118,94,2 + 1,1,8 Katlı,Giriş Katı,11 Yaşında,Merkezi (Pay Öl...,Eşyalı Değil,Mülk Sahibi,Kat Mülkiyeti,Güney,6.900 TL,https://www.hepsiemlak.com/istanbul-cekmekoy-sultanciftligi-satilik/daire/104215-1812
7553-17300,Suadiye,Kadıköy,İstanbul,26.500.000 TL,135,105,3 + 1,2,9 Katlı,4. Kat,8 Yaşında,Merkezi (Pay Öl...,Eşyalı Değil,Boş,Kat Mülkiyeti,"Güney, Doğu",,https://www.hepsiemlak.com/istanbul-kadikoy-suadiye-satilik/daire/7553-17300
169845-27,İstasyon,Küçükçekmece,İstanbul,8.050.000 TL,140,130,4 + 1,2,4 Katlı,4. Kat,6 Yaşında,Kombi,Eşyalı Değil,Mülk Sahibi,Kat Mülkiyeti,"Doğu, Batı",200 TL,https://www.hepsiemlak.com/istanbul-kucukcekmece-istasyon-satilik/daire/169845-27
54925-2651,Caferağa,Kadıköy,İstanbul,9.000.000 TL,60,40,1 + 1,1,5 Katlı,4. Kat,5 Yaşında,Kombi,Eşyalı,Boş,Kat Mülkiyeti,Batı,1.000 TL,https://www.hepsiemlak.com/istanbul-kadikoy-caferaga-satilik/daire/54925-2651
4387-1760,Nizam,Adalar,İstanbul,27.900.000 TL,180,170,4 + 1,2,3 Katlı,En Üst Kat,28 Yaşında,Kat Kaloriferi,Eşyalı Değil,Boş,Kat İrtifakı,"Kuzey, Güney, Doğu",5.000 TL,https://www.hepsiemlak.com/istanbul-adalar-nizam-satilik/daire/4387-1760
169864-8,Ekinoba,Büyükçekmece,İstanbul,165.000.000 TL,460,455,4 + 2,4,5 Katlı,,10 Yaşında,Kombi,Eşyalı Değil,Mülk Sahibi,Kat Mülkiyeti,"Kuzey, Güney, Doğu, Batı",,https://www.hepsiemlak.com/istanbul-buyukcekmece-ekinoba-satilik/villa/169864-8
149335-167,Yeşilova,Küçükçekmece,İstanbul,4.800.000 TL,90,80,2 + 1,1,3 Katlı,Yüksek Giriş,7 Yaşında,Kombi,Eşyalı Değil,Kiracılı,Kat Mülkiyeti,"Kuzey, Güney",350 TL,https://www.hepsiemlak.com/istanbul-kucukcekmece-yesilova-satilik/daire/149335-167
82679-2158,Çınar,Maltepe,İstanbul,9.500.000 TL,75,70,2 + 1,1,5 Katlı,1. Kat,Sıfır Bina,Yerden Isıtma,Eşyalı Değil,Boş,Kat Mülkiyeti,"Güney, Doğu",,https://www.hepsiemlak.com/istanbul-maltepe-cinar-satilik/daire/82679-2158
137744-513,Suadiye,Kadıköy,İstanbul,33.650.000 TL,150,116,3 + 1,2,14 Katlı,3. Kat,6 Yaşında,Merkezi (Pay Öl...,Eşyalı Değil,Boş,Kat Mülkiyeti,"Kuzey, Güney, Doğu, Batı",3.000 TL,https://www.hepsiemlak.com/istanbul-kadikoy-suadiye-satilik/daire/137744-513
56397-1903,Telsizler,Kağıthane,İstanbul,8.000.000 TL,100,95,3 + 0,1,8 Katlı,En Üst Kat,30 Yaşında,Kombi,Eşyalı Değil,Boş,Arsa,"Doğu, Batı",,https://www.hepsiemlak.com/istanbul-kagithane-telsizler-satilik/daire/56397-1903
139509-396,Feneryolu,Kadıköy,İstanbul,13.250.000 TL,125,105,3 + 1,1,6 Katlı,6. Kat,31 Yaşında,Kombi,Eşyalı Değil,Kiracılı,Kat Mülkiyeti,Doğu,,https://www.hepsiemlak.com/istanbul-kadikoy-feneryolu-satilik/daire/139509-396
164794-17,Güzelyurt,Esenyurt,İstanbul,3.875.000 TL,106,93,2 + 1,2,4 Katlı,2. Kat,5 Yaşında,Kombi,Eşyalı Değil,Boş,Kat İrtifakı,Güney,200 TL,https://www.hepsiemlak.com/istanbul-esenyurt-guzelyurt-satilik/daire/164794-17
163478-81,Akevler,Esenyurt,İstanbul,5.745.000 TL,110,90,2 + 1,2,5 Katlı,1. Kat,1 Yaşında,Yerden Isıtma,Eşyalı Değil,Boş,Kat İrtifakı,,1.000 TL,https://www.hepsiemlak.com/istanbul-esenyurt-akevler-satilik/daire/163478-81
168954-23,Hamidiye,Çekmeköy,İstanbul,5.149.000 TL,80,65,2 + 1,1,3 Katlı,1. Kat,11 Yaşında,Kombi,Eşyalı Değil,Kiracılı,Kat Mülkiyeti,"Güney, Doğu, Batı",300 TL,https://www.hepsiemlak.com/istanbul-cekmekoy-hamidiye-satilik/daire/168954-23
165179-42,Adnan Kahveci,Beylikdüzü,İstanbul,3.999.999 TL,80,60,1 + 1,1,5 Katlı,Bahçe Katı,6 Yaşında,Kombi,Eşyalı Değil,Boş,Kat Mülkiyeti,Güney,1.400 TL,https://www.hepsiemlak.com/istanbul-beylikduzu-adnan-kahveci-satilik/daire/165179-42
86354-1389,Bahçelievler,Bahçelievler,İstanbul,15.000.000 TL,140,125,3 + 1,3,4 Katlı,1. Kat,Sıfır Bina,Kombi,Eşyalı Değil,Boş,Yabancıdan,,,https://www.hepsiemlak.com/istanbul-bahcelievler-bahcelievler-satilik/daire/86354-1389
166187-49,Cennet,Küçükçekmece,İstanbul,6.100.000 TL,100,95,3 + 1,1,5 Katlı,Giriş Katı,16 Yaşında,Kombi,Eşyalı Değil,Boş,Kat Mülkiyeti,,300 TL,https://www.hepsiemlak.com/istanbul-kucukcekmece-cennet-satilik/daire/166187-49
167745-23,Denizköşkler,Avcılar,İstanbul,4.750.000 TL,90,75,2 + 1,1,4 Katlı,Bahçe Katı,3 Yaşında,Kombi,Eşyalı Değil,Kiracılı,Kat Mülkiyeti,"Güney, Doğu, Batı",,https://www.hepsiemlak.com/istanbul-avcilar-denizkoskler-satilik/daire/167745-23
159900-65,Mimar Sinan,Silivri,İstanbul,4.600.000 TL,145,135,3 + 1,2,2 Katlı,1. Kat,26 Yaşında,Kombi,Eşyalı Değil,Boş,Kat Mülkiyeti,"Güney, Batı",,https://www.hepsiemlak.com/istanbul-silivri-mimar-sinan-satilik/daire/159900-65
111180-95,Hürriyet,Büyükçekmece,İstanbul,5.500.000 TL,103,75,2 + 1,2,5 Katlı,2. Kat,1 Yaşında,Kombi,Eşyalı Değil,Kiracılı,Kat Mülkiyeti,"Kuzey, Batı",250 TL,https://www.hepsiemlak.com/istanbul-buyukcekmece-hurriyet-satilik/daire/111180-95
137998-316,Adnan Kahveci,Beylikdüzü,İstanbul,5.470.000 TL,130,110,2 + 1,2,4 Katlı,2. Kat,Sıfır Bina,Kombi,Eşyalı Değil,Boş,Yabancıdan,"Kuzey, Güney, Doğu, Batı",,https://www.hepsiemlak.com/istanbul-beylikduzu-adnan-kahveci-satilik/daire/137998-316
137998-282,Barış,Beylikdüzü,İstanbul,6.745.000 TL,160,145,3 + 1,2,12 Katlı,6. Kat,11 Yaşında,Kombi,Eşyalı Değil,Boş,Yabancıdan,"Kuzey, Güney, Doğu, Batı",,https://www.hepsiemlak.com/istanbul-beylikduzu-baris-satilik/daire/137998-282
165223-137,Piri Reis,Esenyurt,İstanbul,3.720.000 TL,140,130,2 + 1,1,9 Katlı,3. Kat,5 Yaşında,Kombi,Eşyalı Değil,Boş,Kat Mülkiyeti,"Güney, Doğu, Batı",,https://www.hepsiemlak.com/istanbul-esenyurt-piri-reis-satilik/daire/165223-137
32674-4350,Esenyalı,Pendik,İstanbul,7.000.000 TL,230,210,4 + 2,2,4 Katlı,4. Kat,11 Yaşında,Kombi,Eşyalı Değil,Boş,Kat İrtifakı,"Güney, Batı",350 TL,https://www.hepsiemlak.com/istanbul-pendik-esenyali-satilik/daire/32674-4350
45647-1896,Bahçeşehir 2. Kısım,Başakşehir,İstanbul,27.800.000 TL,400,360,6 + 2,4,4 Katlı,,14 Yaşında,Kombi,Eşyalı Değil,Mülk Sahibi,Kat Mülkiyeti,,6.500 TL,https://www.hepsiemlak.com/istanbul-basaksehir-bahcesehir-2-kisim-satilik/villa/45647-1896
45647-1874,Arap Cami,Beyoğlu,İstanbul,39.500.000 TL,100,90,2 + 1,1,3 Katlı,,120 Yaşında,Klima,Eşyalı Değil,Kiracılı,Kat İrtifakı,,,https://www.hepsiemlak.com/istanbul-beyoglu-arap-cami-satilik/bina/45647-1874
45647-1912,Yamanevler,Ümraniye,İstanbul,27.000.000 TL,178,118,3 + 1,2,33 Katlı,16. Kat,Sıfır Bina,Merkezi (Pay Öl...,Eşyalı Değil,Mülk Sahibi,Kat Mülkiyeti,,9.600 TL,https://www.hepsiemlak.com/istanbul-umraniye-yamanevler-satilik/daire/45647-1912
45647-1934,Cihangir,Beyoğlu,İstanbul,148.000.000 TL,900,805,14 + 11,14,7 Katlı,,12 Yaşında,Yerden Isıtma,Eşyalı,Kiracılı,Kat Mülkiyeti,,,https://www.hepsiemlak.com/istanbul-beyoglu-cihangir-satilik/bina/45647-1934
159834-35,Hürriyet,Kağıthane,İstanbul,6.300.000 TL,85,80,2 + 1,2,5 Katlı,1. Kat,26 Yaşında,Kombi,Eşyalı Değil,Boş,Kat Mülkiyeti,"Güney, Doğu",350 TL,https://www.hepsiemlak.com/istanbul-kagithane-hurriyet-satilik/daire/159834-35
69330-148,Güneştepe,Güngören,İstanbul,5.275.000 TL,85,80,2 + 1,1,4 Katlı,2. Kat,16 Yaşında,Kombi,Eşyalı Değil,Kiracılı,Kat İrtifakı,Güney,,https://www.hepsiemlak.com/istanbul-gungoren-gunestepe-satilik/daire/69330-148
166705-89,Çobançeşme,Bahçelievler,İstanbul,3.500.000 TL,50,38,1 + 1,,5 Katlı,Zemin,Sıfır Bina,Kombi,Eşyalı Değil,Boş,Tapu Yok,Güney,200 TL,https://www.hepsiemlak.com/istanbul-bahcelievler-cobancesme-satilik/daire/166705-89
139966-1424,Sultançiftliği,Sultangazi,İstanbul,8.350.000 TL,120,110,3 + 1,2,5 Katlı,1. Kat,Sıfır Bina,Kombi,Eşyalı Değil,Boş,Yabancıdan,Güney,,https://www.hepsiemlak.com/istanbul-sultangazi-sultanciftligi-satilik/daire/139966-1424
105836-589,Barış,Beylikdüzü,İstanbul,6.200.000 TL,150,135,3 + 1,2,14 Katlı,14. Kat,26 Yaşında,Kombi,Eşyalı Değil,Boş,Kat Mülkiyeti,,1.300 TL,https://www.hepsiemlak.com/istanbul-beylikduzu-baris-satilik/daire/105836-589
70388-5480,Cumhuriyet,Küçükçekmece,İstanbul,10.200.000 TL,195,175,4 + 2,2,4 Katlı,4. Kat,Sıfır Bina,Kombi,Eşyalı Değil,Boş,Kat Mülkiyeti,"Kuzey, Güney",,https://www.hepsiemlak.com/istanbul-kucukcekmece-cumhuriyet-satilik/daire/70388-5480
131017-295,Suadiye,Kadıköy,İstanbul,27.500.000 TL,120,90,3 + 1,2,11 Katlı,5. Kat,Sıfır Bina,Yerden Isıtma,,,Tapu Yok,"Güney, Doğu",,https://www.hepsiemlak.com/istanbul-kadikoy-suadiye-satilik/daire/131017-295
169119-10,Yeşilova,Küçükçekmece,İstanbul,4.600.000 TL,125,115,3 + 1,1,4 Katlı,Bahçe Katı,11 Yaşında,Kombi,Eşyalı Değil,Mülk Sahibi,Kat Mülkiyeti,Güney,300 TL,https://www.hepsiemlak.com/istanbul-kucukcekmece-yesilova-satilik/daire/169119-10
31383-7842,Yeşilköy,Bakırköy,İstanbul,21.250.000 TL,120,110,3 + 1,1,4 Katlı,Bahçe Katı,5 Yaşında,Kombi,Eşyalı Değil,Kiracılı,Kat Mülkiyeti,"Güney, Doğu, Batı",,https://www.hepsiemlak.com/istanbul-bakirkoy-yesilkoy-satilik/daire/31383-7842
169834-5,Esentepe,Sultangazi,İstanbul,7.000.000 TL,115,99,2 + 1,1,4 Katlı,2. Kat,5 Yaşında,Kombi,Eşyalı Değil,Mülk Sahibi,Kat Mülkiyeti,Güney,200 TL,https://www.hepsiemlak.com/istanbul-sultangazi-esentepe-satilik/daire/169834-5
27431-11902,Burhaniye,Üsküdar,İstanbul,185.000.000 TL,420,360,6 + 2,5,5 Katlı,5. Kat,4 Yaşında,Yerden Isıtma,Eşyalı Değil,Mülk Sahibi,Kat Mülkiyeti,"Kuzey, Güney, Doğu, Batı",25.000 TL,https://www.hepsiemlak.com/istanbul-uskudar-burhaniye-satilik/daire/27431-11902
124094-2904,Eski Habipler,Sultangazi,İstanbul,5.299.000 TL,90,80,2 + 1,1,11 Katlı,5. Kat,6 Yaşında,Kombi,Eşyalı Değil,Mülk Sahibi,Yabancıdan,Güney,,https://www.hepsiemlak.com/istanbul-sultangazi-eski-habipler-satilik/daire/124094-2904
4502-2068,Göztepe,Kadıköy,İstanbul,21.000.000 TL,125,105,3 + 1,2,7 Katlı,4. Kat,4 Yaşında,Kombi,Eşyalı Değil,Boş,Kat Mülkiyeti,"Kuzey, Güney, Batı",2.300 TL,https://www.hepsiemlak.com/istanbul-kadikoy-goztepe-satilik/daire/4502-2068
23474-34470,Merdivenköy,Kadıköy,İstanbul,17.000.000 TL,105,85,3 + 1,1,11 Katlı,5. Kat,Sıfır Bina,Kombi,Eşyalı Değil,Boş,Kat İrtifakı,Güney,,https://www.hepsiemlak.com/istanbul-kadikoy-merdivenkoy-satilik/daire/23474-34470
165948-17,Fikirtepe,Kadıköy,İstanbul,17.750.000 TL,159,114,3 + 1,2,23 Katlı,15. Kat,Sıfır Bina,Merkezi (Pay Öl...,Eşyalı Değil,Boş,Kat İrtifakı,Güney,,https://www.hepsiemlak.com/istanbul-kadikoy-fikirtepe-satilik/daire/165948-17
13677-1857,Osmaniye,Bakırköy,İstanbul,18.900.000 TL,148,98,3 + 1,2,8 Katlı,6. Kat,11 Yaşında,Merkezi (Pay Öl...,Eşyalı Değil,Boş,Kat Mülkiyeti,"Kuzey, Batı",7.100 TL,https://www.hepsiemlak.com/istanbul-bakirkoy-osmaniye-satilik/daire/13677-1857
1077-67383,Bostancı,Kadıköy,İstanbul,29.850.000 TL,135,105,3 + 1,2,13 Katlı,11. Kat,Sıfır Bina,Kombi,Eşyalı Değil,Boş,Kat İrtifakı,"Güney, Doğu, Batı",,https://www.hepsiemlak.com/istanbul-kadikoy-bostanci-satilik/daire/1077-67383
113826-227,Cumhuriyet,Silivri,İstanbul,8.500.000 TL,330,300,5 + 1,3,3 Katlı,,30 Yaşında,Kombi,Eşyalı Değil,Boş,Kat Mülkiyeti,"Güney, Doğu, Batı",,https://www.hepsiemlak.com/istanbul-silivri-cumhuriyet-satilik/mustakil-ev/113826-227
2986-17605,İdealtepe,Maltepe,İstanbul,12.000.000 TL,80,68,2 + 1,2,4 Katlı,3. Kat,Sıfır Bina,Merkezi (Pay Öl...,Eşyalı Değil,Belirtilmemiş,Kat İrtifakı,"Kuzey, Güney, Doğu, Batı",,https://www.hepsiemlak.com/istanbul-maltepe-idealtepe-satilik/daire/2986-17605
164229-60,Sapan Bağları,Pendik,İstanbul,7.600.000 TL,95,78,2 + 1,1,6 Katlı,Yüksek Giriş,3 Yaşında,Kombi,Eşyalı Değil,Mülk Sahibi,Kat Mülkiyeti,Güney,600 TL,https://www.hepsiemlak.com/istanbul-pendik-sapan-baglari-satilik/daire/164229-60
2078-8344,Emek,Sancaktepe,İstanbul,11.650.000 TL,136,88,2 + 1,1,11 Katlı,10. Kat,12 Yaşında,Merkezi (Pay Öl...,Eşyalı Değil,Mülk Sahibi,Kat Mülkiyeti,Güney,10.174 TL,https://www.hepsiemlak.com/istanbul-sancaktepe-emek-satilik/daire/2078-8344
36376-2981,Maltepe,Zeytinburnu,İstanbul,21.000.000 TL,152,115,3 + 1,2,9 Katlı,8. Kat,Sıfır Bina,Merkezi (Pay Öl...,Eşyalı Değil,Boş,Kat Mülkiyeti,Güney,,https://www.hepsiemlak.com/istanbul-zeytinburnu-maltepe-satilik/daire/36376-2981
133382-707,Adnan Kahveci,Beylikdüzü,İstanbul,8.495.000 TL,155,135,3 + 1,2,5 Katlı,2. Kat,5 Yaşında,Kombi,Eşyalı Değil,Boş,Yabancıdan,Doğu,,https://www.hepsiemlak.com/istanbul-beylikduzu-adnan-kahveci-satilik/daire/133382-707
2986-17610,Çınar,Maltepe,İstanbul,15.500.000 TL,160,140,3 + 1,3,4 Katlı,3. Kat,Sıfır Bina,Kombi,Eşyalı Değil,Boş,Kat İrtifakı,"Güney, Batı",,https://www.hepsiemlak.com/istanbul-maltepe-cinar-satilik/daire/2986-17610
2986-17608,Küçükyalı,Maltepe,İstanbul,19.000.000 TL,164,137,4 + 2,4,5 Katlı,5. Kat,Sıfır Bina,Merkezi (Pay Öl...,Eşyalı Değil,Belirtilmemiş,Kat İrtifakı,"Kuzey, Güney, Doğu, Batı",,https://www.hepsiemlak.com/istanbul-maltepe-kucukyali-satilik/daire/2986-17608
161343-137,Çavuş,Şile,İstanbul,20.850.000 TL,250,180,5 + 1,2,4 Katlı,Bahçe Katı,16 Yaşında,Kombi,Eşyalı,Boş,Kat Mülkiyeti,Güney,4.000 TL,https://www.hepsiemlak.com/istanbul-sile-cavus-satilik/villa/161343-137
133382-712,Dereağzı,Beylikdüzü,İstanbul,14.300.000 TL,190,170,3 + 1,2,1 Katlı,Bahçe Katı,2 Yaşında,Kombi,Eşyalı Değil,Boş,Kat Mülkiyeti,Doğu,,https://www.hepsiemlak.com/istanbul-beylikduzu-dereagzi-satilik/daire/133382-712
133382-711,Marmara,Beylikdüzü,İstanbul,6.698.000 TL,155,145,3 + 1,2,4 Katlı,2. Kat,Sıfır Bina,Kombi,Eşyalı Değil,Boş,Yabancıdan,Doğu,,https://www.hepsiemlak.com/istanbul-beylikduzu-marmara-satilik/daire/133382-711
124094-3050,Cebeci,Sultangazi,İstanbul,8.250.000 TL,135,120,3 + 1,2,12 Katlı,1. Kat,Sıfır Bina,Kombi,Eşyalı Değil,Boş,Kat Mülkiyeti,Güney,,https://www.hepsiemlak.com/istanbul-sultangazi-cebeci-satilik/daire/124094-3050
1077-67520,Suadiye,Kadıköy,İstanbul,25.950.000 TL,120,95,3 + 1,2,12 Katlı,2. Kat,Sıfır Bina,Yerden Isıtma,Eşyalı Değil,Boş,Kat Mülkiyeti,,,https://www.hepsiemlak.com/istanbul-kadikoy-suadiye-satilik/daire/1077-67520
2986-17609,Küçükyalı,Maltepe,İstanbul,6.300.000 TL,51,41,1 + 1,1,5 Katlı,1. Kat,Sıfır Bina,Merkezi (Pay Öl...,Eşyalı Değil,Belirtilmemiş,Kat İrtifakı,"Kuzey, Güney, Doğu, Batı",,https://www.hepsiemlak.com/istanbul-maltepe-kucukyali-satilik/daire/2986-17609
123475-1033,Atatürk,Ataşehir,İstanbul,24.250.000 TL,135,105,3 + 1,2,33 Katlı,21 ve üzeri,11 Yaşında,Merkezi (Pay Öl...,Eşyalı Değil,Boş,Kat Mülkiyeti,Güney,,https://www.hepsiemlak.com/istanbul-atasehir-ataturk-satilik/daire/123475-1033
133382-720,Marmara,Beylikdüzü,İstanbul,7.000.000 TL,160,145,3 + 1,3,10 Katlı,5. Kat,11 Yaşında,Kombi,Eşyalı Değil,Mülk Sahibi,Kat Mülkiyeti,,,https://www.hepsiemlak.com/istanbul-beylikduzu-marmara-satilik/daire/133382-720
150233-74,Esatpaşa,Ataşehir,İstanbul,6.800.000 TL,90,75,2 + 1,1,5 Katlı,Bahçe Katı,6 Yaşında,Kombi,Eşyalı Değil,Mülk Sahibi,Kat Mülkiyeti,"Kuzey, Güney",400 TL,https://www.hepsiemlak.com/istanbul-atasehir-esatpasa-satilik/daire/150233-74
133382-710,Kavaklı,Beylikdüzü,İstanbul,5.195.000 TL,120,100,2 + 1,1,5 Katlı,1. Kat,2 Yaşında,Kombi,Eşyalı Değil,Boş,Yabancıdan,Doğu,,https://www.hepsiemlak.com/istanbul-beylikduzu-kavakli-satilik/daire/133382-710
133382-714,Sahil,Beylikdüzü,İstanbul,8.199.999 TL,220,190,4 + 1,2,4 Katlı,Bahçe Katı,5 Yaşında,Kombi,Eşyalı Değil,Kiracılı,Yabancıdan,Doğu,,https://www.hepsiemlak.com/istanbul-beylikduzu-sahil-satilik/daire/133382-714
88286-3946,Küçükyalı,Maltepe,İstanbul,6.850.000 TL,120,105,3 + 1,2,4 Katlı,3. Kat,31 Yaşında,Merkezi (Pay Öl...,Eşyalı Değil,Mülk Sahibi,Kat İrtifakı,"Güney, Batı",800 TL,https://www.hepsiemlak.com/istanbul-maltepe-kucukyali-satilik/daire/88286-3946
71783-867,Güzeltepe,Üsküdar,İstanbul,24.900.000 TL,225,185,4 + 2,3,4 Katlı,4. Kat,Sıfır Bina,Kombi,Eşyalı Değil,Boş,Kat Mülkiyeti,Doğu,,https://www.hepsiemlak.com/istanbul-uskudar-guzeltepe-satilik/daire/71783-867
55001-1131,Kumburgaz,Büyükçekmece,İstanbul,2.600.000 TL,75,60,1 + 1,1,5 Katlı,4. Kat,25 Yaşında,Kombi,Eşyalı,Boş,Kat Mülkiyeti,,,https://www.hepsiemlak.com/istanbul-buyukcekmece-kumburgaz-satilik/daire/55001-1131
29114-1133,Pürtelaş Hasan Efendi,Beyoğlu,İstanbul,25.000.000 TL,110,100,3 + 1,2,4 Katlı,4. Kat,5 Yaşında,Kombi,Eşyalı Değil,Boş,Kat Mülkiyeti,,,https://www.hepsiemlak.com/istanbul-beyoglu-purtelas-hasan-efendi-satilik/daire/29114-1133
6019-2629,Gülbahar,Şişli,İstanbul,7.000.000 TL,78,77,2 + 1,1,4 Katlı,2. Kat,11 Yaşında,Kombi,Eşyalı Değil,Boş,Kat Mülkiyeti,Güney,600 TL,https://www.hepsiemlak.com/istanbul-sisli-gulbahar-satilik/daire/6019-2629
31383-7841,Yeşilköy,Bakırköy,İstanbul,40.000.000 TL,250,220,3 + 2,3,4 Katlı,4. Kat,7 Yaşında,Kombi,Eşyalı Değil,Boş,Kat Mülkiyeti,"Güney, Doğu, Batı",,https://www.hepsiemlak.com/istanbul-bakirkoy-yesilkoy-satilik/daire/31383-7841
150747-575,Şirintepe,Kağıthane,İstanbul,5.950.000 TL,77,62,2 + 1,1,14 Katlı,2. Kat,6 Yaşında,Merkezi (Pay Öl...,Eşyalı Değil,Kiracılı,Kat Mülkiyeti,"Güney, Doğu",3.500 TL,https://www.hepsiemlak.com/istanbul-kagithane-sirintepe-satilik/daire/150747-575
169119-1,Cumhuriyet,Küçükçekmece,İstanbul,3.500.000 TL,65,50,1 + 1,1,5 Katlı,Zemin,6 Yaşında,Kombi,Eşyalı,Kiracılı,Kat Mülkiyeti,"Güney, Doğu",250 TL,https://www.hepsiemlak.com/istanbul-kucukcekmece-cumhuriyet-satilik/daire/169119-1
73310-624,Koca Mustafapaşa,Fatih,İstanbul,6.500.000 TL,85,75,2 + 1,1,4 Katlı,1. Kat,16 Yaşında,Kombi,Eşyalı Değil,Kiracılı,Kat Mülkiyeti,"Güney, Doğu",,https://www.hepsiemlak.com/istanbul-fatih-koca-mustafapasa-satilik/daire/73310-624
65405-737,Gayrettepe,Beşiktaş,İstanbul,8.900.000 TL,100,85,3 + 1,1,7 Katlı,Yüksek Giriş,31 Yaşında,Merkezi,Eşyalı Değil,Kiracılı,Kat Mülkiyeti,Batı,2.200 TL,https://www.hepsiemlak.com/istanbul-besiktas-gayrettepe-satilik/daire/65405-737
47576-1262,Paşa,Şişli,İstanbul,8.000.000 TL,110,100,2 + 1,1,5 Katlı,2. Kat,10 Yaşında,Kombi,Eşyalı Değil,Boş,Kat İrtifakı,Güney,200 TL,https://www.hepsiemlak.com/istanbul-sisli-pasa-satilik/daire/47576-1262
71783-871,Bahçelievler,Üsküdar,İstanbul,7.600.000 TL,105,90,2 + 1,1,4 Katlı,Bahçe Katı,19 Yaşında,Merkezi,,Boş,Yabancıdan,Güney,,https://www.hepsiemlak.com/istanbul-uskudar-bahcelievler-satilik/daire/71783-871
1077-67448,Göztepe,Kadıköy,İstanbul,16.500.000 TL,80,75,2 + 1,2,10 Katlı,Giriş Katı,10 Yaşında,Kombi,,Mülk Sahibi,Kat Mülkiyeti,"Güney, Doğu",,https://www.hepsiemlak.com/istanbul-kadikoy-goztepe-satilik/daire/1077-67448
1361-17705,Gümüşsuyu,Beyoğlu,İstanbul,6.200.000 TL,60,58,1 + 1,2,5 Katlı,Giriş Katı,50 Yaşında,Kombi,Eşyalı,Kiracılı,Kat Mülkiyeti,"Kuzey, Batı",2.000 TL,https://www.hepsiemlak.com/istanbul-beyoglu-gumussuyu-satilik/daire/1361-17705
88286-3985,Altıntepe,Maltepe,İstanbul,8.500.000 TL,60,45,1 + 1,1,4 Katlı,Giriş Katı,Sıfır Bina,Kombi,Eşyalı Değil,Boş,Kat Mülkiyeti,"Güney, Doğu",1.500 TL,https://www.hepsiemlak.com/istanbul-maltepe-altintepe-satilik/daire/88286-3985
150747-531,Seyrantepe,Kağıthane,İstanbul,5.390.000 TL,75,68,2 + 1,1,6 Katlı,1. Kat,6 Yaşında,Merkezi (Pay Öl...,Eşyalı Değil,Kiracılı,Kat Mülkiyeti,"Kuzey, Batı",1.000 TL,https://www.hepsiemlak.com/istanbul-kagithane-seyrantepe-satilik/daire/150747-531
2986-17603,Çınar,Maltepe,İstanbul,9.690.000 TL,80,62,2 + 1,1,4 Katlı,2. Kat,Sıfır Bina,Kombi,Eşyalı Değil,Belirtilmemiş,Tapu Yok,"Kuzey, Güney, Doğu, Batı",,https://www.hepsiemlak.com/istanbul-maltepe-cinar-satilik/daire/2986-17603
70388-5416,Soğanlı,Bahçelievler,İstanbul,5.750.000 TL,72,65,2 + 1,1,5 Katlı,Yüksek Giriş,5 Yaşında,Kombi,Eşyalı Değil,Mülk Sahibi,Kat Mülkiyeti,"Kuzey, Güney",,https://www.hepsiemlak.com/istanbul-bahcelievler-soganli-satilik/daire/70388-5416
93181-6285,Esenevler,Ümraniye,İstanbul,11.900.000 TL,160,140,4 + 1,2,4 Katlı,4. Kat,8 Yaşında,Kombi,Eşyalı Değil,Boş,Kat Mülkiyeti,"Güney, Doğu, Batı",,https://www.hepsiemlak.com/istanbul-umraniye-esenevler-satilik/daire/93181-6285
113337-507,Çeliktepe,Kağıthane,İstanbul,5.300.000 TL,125,110,3 + 1,1,5 Katlı,5. Kat,30 Yaşında,Kombi,,Boş,Hisseli Tapu,"Güney, Doğu, Batı",,https://www.hepsiemlak.com/istanbul-kagithane-celiktepe-satilik/daire/113337-507
5956-6253,Valide-i Atik,Üsküdar,İstanbul,12.750.000 TL,300,280,6 + 2,3,4 Katlı,3. Kat,25 Yaşında,Kombi,Eşyalı Değil,Boş,Kat İrtifakı,"Güney, Doğu, Batı",300 TL,https://www.hepsiemlak.com/istanbul-uskudar-valide-i-atik-satilik/daire/5956-6253
124862-1662,Yeşilkent,Esenyurt,İstanbul,3.575.000 TL,103,85,2 + 1,2,24 Katlı,21 ve üzeri,15 Yaşında,Merkezi (Pay Öl...,Eşyalı Değil,Kiracılı,Kat Mülkiyeti,"Kuzey, Güney",4.959 TL,https://www.hepsiemlak.com/istanbul-esenyurt-yesilkent-satilik/daire/124862-1662
43619-108,Hırka-i Şerif,Fatih,İstanbul,4.350.000 TL,85,80,2 + 1,1,3 Katlı,2. Kat,45 Yaşında,Kombi,Eşyalı Değil,Kiracılı,Kat Mülkiyeti,Güney,200 TL,https://www.hepsiemlak.com/istanbul-fatih-hirka-i-serif-satilik/daire/43619-108
2207-1419,Kuzguncuk,Üsküdar,İstanbul,16.500.000 TL,90,85,2 + 1,1,4 Katlı,1. Kat,Sıfır Bina,Kombi,Eşyalı Değil,Boş,Kat Mülkiyeti,Doğu,,https://www.hepsiemlak.com/istanbul-uskudar-kuzguncuk-satilik/daire/2207-1419
139966-1420,İsmetpaşa,Sultangazi,İstanbul,5.750.000 TL,120,110,2 + 1,1,5 Katlı,1. Kat,11 Yaşında,Kombi,Eşyalı Değil,Mülk Sahibi,Kat İrtifakı,Güney,,https://www.hepsiemlak.com/istanbul-sultangazi-ismetpasa-satilik/daire/139966-1420
113337-497,Çeliktepe,Kağıthane,İstanbul,3.500.000 TL,75,65,2 + 1,1,5 Katlı,3. Kat,23 Yaşında,Kombi,Eşyalı Değil,Kiracılı,Arsa,"Doğu, Batı",,https://www.hepsiemlak.com/istanbul-kagithane-celiktepe-satilik/daire/113337-497
55001-1164,Dereağzı,Beylikdüzü,İstanbul,6.300.000 TL,120,105,3 + 1,1,5 Katlı,Bahçe Katı,14 Yaşında,Kombi,Eşyalı Değil,Mülk Sahibi,Kat Mülkiyeti,"Güney, Doğu",500 TL,https://www.hepsiemlak.com/istanbul-beylikduzu-dereagzi-satilik/daire/55001-1164
23474-34512,Merdivenköy,Kadıköy,İstanbul,13.000.000 TL,135,115,3 + 0,1,7 Katlı,6. Kat,35 Yaşında,Merkezi,Eşyalı Değil,Mülk Sahibi,Kat Mülkiyeti,Güney,,https://www.hepsiemlak.com/istanbul-kadikoy-merdivenkoy-satilik/daire/23474-34512
124862-1570,Yeşilkent,Esenyurt,İstanbul,3.025.000 TL,67,55,1 + 1,1,24 Katlı,20. Kat,15 Yaşında,Merkezi (Pay Öl...,Eşyalı Değil,Kiracılı,Kat Mülkiyeti,Batı,4.523 TL,https://www.hepsiemlak.com/istanbul-esenyurt-yesilkent-satilik/daire/124862-1570
93181-6417,Cumhuriyet,Üsküdar,İstanbul,3.840.000 TL,75,60,2 + 1,1,4 Katlı,Yüksek Giriş,15 Yaşında,Kombi,Eşyalı Değil,Kiracılı,Kat İrtifakı,"Güney, Doğu, Batı",300 TL,https://www.hepsiemlak.com/istanbul-uskudar-cumhuriyet-satilik/daire/93181-6417
45495-3103,Kartaltepe,Bakırköy,İstanbul,8.200.000 TL,55,50,1 + 1,1,5 Katlı,Bahçe Katı,Sıfır Bina,Kombi,Eşyalı Değil,Boş,Kat Mülkiyeti,"Güney, Doğu",,https://www.hepsiemlak.com/istanbul-bakirkoy-kartaltepe-satilik/daire/45495-3103
145354-57,Firuzköy,Avcılar,İstanbul,22.000.000 TL,220,182,5 + 2,4,3 Katlı,Bahçe Katı,Sıfır Bina,Kombi,Eşyalı Değil,Boş,Kat Mülkiyeti,"Güney, Doğu",,https://www.hepsiemlak.com/istanbul-avcilar-firuzkoy-satilik/villa/145354-57
88286-3967,Altıntepe,Maltepe,İstanbul,13.500.000 TL,120,105,3 + 1,2,5 Katlı,2. Kat,Sıfır Bina,Merkezi (Pay Öl...,Eşyalı Değil,Boş,Tapu Yok,"Güney, Doğu",,https://www.hepsiemlak.com/istanbul-maltepe-altintepe-satilik/daire/88286-3967
139966-1411,İsmetpaşa,Sultangazi,İstanbul,7.700.000 TL,120,110,3 + 1,2,5 Katlı,2. Kat,Sıfır Bina,Kombi,Eşyalı Değil,Mülk Sahibi,Yabancıdan,Güney,,https://www.hepsiemlak.com/istanbul-sultangazi-ismetpasa-satilik/daire/139966-1411
5956-6580,Salacak,Üsküdar,İstanbul,4.350.000 TL,75,70,2 + 1,1,5 Katlı,Giriş Katı,34 Yaşında,Kombi,Eşyalı Değil,Kiracılı,Kat Mülkiyeti,"Güney, Batı",200 TL,https://www.hepsiemlak.com/istanbul-uskudar-salacak-satilik/daire/5956-6580
110844-6240,Şehitler,Esenyurt,İstanbul,4.000.000 TL,125,120,2 + 1,1,5 Katlı,2. Kat,13 Yaşında,Kombi,Eşyalı Değil,Kiracılı,Kat Mülkiyeti,Güney,500 TL,https://www.hepsiemlak.com/istanbul-esenyurt-sehitler-satilik/daire/110844-6240
91631-251,Hamidiye,Sultanbeyli,İstanbul,4.500.000 TL,90,75,2 + 1,1,5 Katlı,2. Kat,Sıfır Bina,Yerden Isıtma,Eşyalı Değil,Boş,Kat Mülkiyeti,"Güney, Doğu, Batı",200 TL,https://www.hepsiemlak.com/istanbul-sultanbeyli-hamidiye-satilik/daire/91631-251
93181-6340,Bulgurlu,Üsküdar,İstanbul,5.500.000 TL,90,80,2 + 1,1,4 Katlı,1. Kat,23 Yaşında,Kombi,Eşyalı Değil,Boş,Kat İrtifakı,"Güney, Doğu, Batı",200 TL,https://www.hepsiemlak.com/istanbul-uskudar-bulgurlu-satilik/daire/93181-6340
102120-91,Kurtköy,Pendik,İstanbul,4.990.000 TL,69,50,1 + 1,2,8 Katlı,3. Kat,11 Yaşında,Merkezi (Pay Öl...,Eşyalı,Kiracılı,Kat Mülkiyeti,,3.700 TL,https://www.hepsiemlak.com/istanbul-pendik-kurtkoy-satilik/daire/102120-91
2369-41168,Suadiye,Kadıköy,İstanbul,22.500.000 TL,180,136,4 + 1,2,13 Katlı,6. Kat,38 Yaşında,Merkezi,,Kiracılı,Kat Mülkiyeti,Batı,5.000 TL,https://www.hepsiemlak.com/istanbul-kadikoy-suadiye-satilik/daire/2369-41168
139966-1391,75. Yıl,Sultangazi,İstanbul,5.295.000 TL,105,95,2 + 1,1,5 Katlı,1. Kat,6 Yaşında,Kombi,Eşyalı Değil,Mülk Sahibi,Yabancıdan,Güney,,https://www.hepsiemlak.com/istanbul-sultangazi-75-yil-satilik/daire/139966-1391
2986-17604,Küçükyalı,Maltepe,İstanbul,6.500.000 TL,51,39,1 + 1,1,5 Katlı,1. Kat,Sıfır Bina,Merkezi (Pay Öl...,Eşyalı Değil,Belirtilmemiş,Kat İrtifakı,"Kuzey, Güney, Doğu, Batı",,https://www.hepsiemlak.com/istanbul-maltepe-kucukyali-satilik/daire/2986-17604
102120-88,Yenişehir,Pendik,İstanbul,5.790.000 TL,65,43,1 + 1,1,8 Katlı,2. Kat,6 Yaşında,Merkezi (Pay Öl...,Eşyalı,Kiracılı,Kat İrtifakı,,4.600 TL,https://www.hepsiemlak.com/istanbul-pendik-yenisehir-satilik/daire/102120-88
2369-41167,Suadiye,Kadıköy,İstanbul,20.000.000 TL,180,136,4 + 1,2,13 Katlı,1. Kat,38 Yaşında,Merkezi,,Kiracılı,Kat Mülkiyeti,Batı,5.000 TL,https://www.hepsiemlak.com/istanbul-kadikoy-suadiye-satilik/daire/2369-41167
139966-1355,Zübeyde Hanım,Sultangazi,İstanbul,6.495.000 TL,200,180,4 + 2,2,5 Katlı,4. Kat,11 Yaşında,Kombi,Eşyalı Değil,Boş,Yabancıdan,Güney,,https://www.hepsiemlak.com/istanbul-sultangazi-zubeyde-hanim-satilik/daire/139966-1355
88286-3968,Altıntepe,Maltepe,İstanbul,8.950.000 TL,78,75,2 + 1,1,4 Katlı,Bahçe Katı,Sıfır Bina,Kombi,Eşyalı Değil,Boş,Tapu Yok,"Kuzey, Güney, Batı",,https://www.hepsiemlak.com/istanbul-maltepe-altintepe-satilik/daire/88286-3968
17997-1971,Kartaltepe,Bakırköy,İstanbul,12.200.000 TL,100,90,2 + 1,1,5 Katlı,3. Kat,20 Yaşında,Kombi,Eşyalı Değil,Mülk Sahibi,Kat Mülkiyeti,,,https://www.hepsiemlak.com/istanbul-bakirkoy-kartaltepe-satilik/daire/17997-1971
169385-54,Yenimahalle,Bağcılar,İstanbul,3.400.000 TL,100,85,2 + 1,1,3 Katlı,2. Kat,26 Yaşında,Kombi,Eşyalı Değil,Kiracılı,Hisseli Tapu,"Güney, Batı",,https://www.hepsiemlak.com/istanbul-bagcilar-yenimahalle-satilik/daire/169385-54
143376-261,Gökalp,Zeytinburnu,İstanbul,5.650.000 TL,110,80,2 + 1,1,4 Katlı,4. Kat,32 Yaşında,Kombi,Eşyalı Değil,Mülk Sahibi,Kat İrtifakı,"Güney, Doğu",,https://www.hepsiemlak.com/istanbul-zeytinburnu-gokalp-satilik/daire/143376-261
169241-49,İnönü,Küçükçekmece,İstanbul,5.250.000 TL,90,85,2 + 1,1,4 Katlı,1. Kat,6 Yaşında,Kombi,Eşyalı Değil,Mülk Sahibi,Kat Mülkiyeti,Güney,,https://www.hepsiemlak.com/istanbul-kucukcekmece-inonu-satilik/daire/169241-49
2986-17607,Küçükyalı,Maltepe,İstanbul,9.500.000 TL,73,60,2 + 1,1,5 Katlı,1. Kat,Sıfır Bina,Merkezi (Pay Öl...,Eşyalı Değil,Belirtilmemiş,Kat İrtifakı,"Kuzey, Güney, Doğu, Batı",,https://www.hepsiemlak.com/istanbul-maltepe-kucukyali-satilik/daire/2986-17607
88286-3969,Altıntepe,Maltepe,İstanbul,8.450.000 TL,57,50,1 + 1,1,4 Katlı,2. Kat,Sıfır Bina,Kombi,Eşyalı Değil,Boş,Tapu Yok,"Güney, Batı",,https://www.hepsiemlak.com/istanbul-maltepe-altintepe-satilik/daire/88286-3969
2986-17606,Küçükyalı,Maltepe,İstanbul,15.500.000 TL,124,104,3 + 1,2,5 Katlı,5. Kat,Sıfır Bina,Merkezi (Pay Öl...,Eşyalı Değil,Belirtilmemiş,Kat İrtifakı,"Kuzey, Güney, Doğu, Batı",,https://www.hepsiemlak.com/istanbul-maltepe-kucukyali-satilik/daire/2986-17606
169241-60,İnönü,Küçükçekmece,İstanbul,3.500.000 TL,65,60,1 + 1,1,4 Katlı,Yüksek Giriş,11 Yaşında,Kombi,Eşyalı Değil,Mülk Sahibi,Kat İrtifakı,,,https://www.hepsiemlak.com/istanbul-kucukcekmece-inonu-satilik/daire/169241-60
124094-3045,50. Yıl,Sultangazi,İstanbul,7.999.000 TL,115,110,3 + 1,1,4 Katlı,1. Kat,Sıfır Bina,Kombi,Eşyalı Değil,Boş,Kat Mülkiyeti,Güney,,https://www.hepsiemlak.com/istanbul-sultangazi-50-yil-satilik/daire/124094-3045
131017-297,Suadiye,Kadıköy,İstanbul,30.000.000 TL,95,78,2 + 1,2,11 Katlı,4. Kat,Sıfır Bina,Kombi,,,Kat İrtifakı,"Güney, Doğu",,https://www.hepsiemlak.com/istanbul-kadikoy-suadiye-satilik/daire/131017-297
104770-7396,Beylikdüzü OSB,Beylikdüzü,İstanbul,1.425.000 TL,135,125,2 + 1,1,7 Katlı,3. Kat,Sıfır Bina,Kombi,Eşyalı Değil,Boş,Kat Mülkiyeti,,,https://www.hepsiemlak.com/istanbul-beylikduzu-beylikduzu-osb-satilik/daire/104770-7396
17997-1970,Kartaltepe,Bakırköy,İstanbul,9.500.000 TL,120,100,3 + 1,1,5 Katlı,3. Kat,40 Yaşında,Kombi,Eşyalı Değil,Mülk Sahibi,Kat Mülkiyeti,,,https://www.hepsiemlak.com/istanbul-bakirkoy-kartaltepe-satilik/daire/17997-1970
88286-3975,Altıntepe,Maltepe,İstanbul,7.250.000 TL,57,50,1 + 1,1,4 Katlı,Yüksek Giriş,Sıfır Bina,Kombi,Eşyalı Değil,Boş,Tapu Yok,Güney,,https://www.hepsiemlak.com/istanbul-maltepe-altintepe-satilik/daire/88286-3975
92171-1608,Bebek,Beşiktaş,İstanbul,185.000.000 TL,720,500,5 + 2,,4 Katlı,Bahçe Katı,Sıfır Bina,Isıtma Yok,Eşyalı Değil,Boş,Kat İrtifakı,"Güney, Doğu",,https://www.hepsiemlak.com/istanbul-besiktas-bebek-satilik/villa/92171-1608
104770-7224,Cumhuriyet,Beylikdüzü,İstanbul,1.695.000 TL,125,115,2 + 1,1,8 Katlı,4. Kat,5 Yaşında,Kombi,Eşyalı Değil,Boş,Kat Mülkiyeti,,,https://www.hepsiemlak.com/istanbul-beylikduzu-cumhuriyet-satilik/daire/104770-7224
88286-3973,Altıntepe,Maltepe,İstanbul,7.750.000 TL,65,57,2 + 1,1,4 Katlı,Yüksek Giriş,Sıfır Bina,Kombi,Eşyalı Değil,Boş,Tapu Yok,Güney,,https://www.hepsiemlak.com/istanbul-maltepe-altintepe-satilik/daire/88286-3973
17997-1969,Kartaltepe,Bakırköy,İstanbul,6.750.000 TL,55,42,1 + 1,1,5 Katlı,Giriş Katı,6 Yaşında,Kombi,Eşyalı Değil,Kiracılı,Kat Mülkiyeti,,,https://www.hepsiemlak.com/istanbul-bakirkoy-kartaltepe-satilik/daire/17997-1969
104770-7230,Beylikdüzü OSB,Beylikdüzü,İstanbul,1.800.000 TL,125,115,2 + 1,1,8 Katlı,3. Kat,Sıfır Bina,Kombi,Eşyalı Değil,Boş,Kat Mülkiyeti,,,https://www.hepsiemlak.com/istanbul-beylikduzu-beylikduzu-osb-satilik/daire/104770-7230
88286-3958,Altıntepe,Maltepe,İstanbul,6.950.000 TL,84,75,2 + 1,2,4 Katlı,2. Kat,31 Yaşında,Merkezi,Eşyalı Değil,Kiracılı,Kat İrtifakı,"Güney, Batı",750 TL,https://www.hepsiemlak.com/istanbul-maltepe-altintepe-satilik/daire/88286-3958
104770-7276,Cumhuriyet,Beylikdüzü,İstanbul,1.090.000 TL,85,75,1 + 1,1,6 Katlı,Yüksek Giriş,Sıfır Bina,Kombi,Eşyalı Değil,Boş,Kat Mülkiyeti,,,https://www.hepsiemlak.com/istanbul-beylikduzu-cumhuriyet-satilik/daire/104770-7276
104770-7238,Yakuplu,Beylikdüzü,İstanbul,2.650.000 TL,145,135,3 + 1,2,6 Katlı,4. Kat,2 Yaşında,Kombi,Eşyalı Değil,Boş,Kat Mülkiyeti,,,https://www.hepsiemlak.com/istanbul-beylikduzu-yakuplu-satilik/daire/104770-7238
139966-1422,Sultançiftliği,Sultangazi,İstanbul,7.695.000 TL,145,138,3 + 1,2,4 Katlı,1. Kat,5 Yaşında,Kombi,Eşyalı Değil,Mülk Sahibi,Yabancıdan,Güney,,https://www.hepsiemlak.com/istanbul-sultangazi-sultanciftligi-satilik/daire/139966-1422
7441-13,Topselvi,Kartal,İstanbul,3.600.000 TL,189,187,5 + 1,4,2 Katlı,Zemin,Sıfır Bina,Belirtilmemiş,,,Tapu Yok,,,https://www.hepsiemlak.com/istanbul-kartal-topselvi-satilik/prefabrik/7441-13
104770-7203,Beylikdüzü OSB,Beylikdüzü,İstanbul,1.050.000 TL,110,95,2 + 1,1,4 Katlı,2. Kat,2 Yaşında,Kombi,Eşyalı Değil,Boş,Kat Mülkiyeti,"Kuzey, Güney",,https://www.hepsiemlak.com/istanbul-beylikduzu-beylikduzu-osb-satilik/daire/104770-7203
104770-7361,Saadetdere,Esenyurt,İstanbul,1.095.000 TL,110,100,2 + 1,1,6 Katlı,3. Kat,1 Yaşında,Kombi,Eşyalı Değil,Boş,Kat Mülkiyeti,"Güney, Doğu",,https://www.hepsiemlak.com/istanbul-esenyurt-saadetdere-satilik/daire/104770-7361
1540-977,Kavacık,Beykoz,İstanbul,18.650.000 TL,145,130,3 + 1,2,4 Katlı,3. Kat,6 Yaşında,Kombi,Eşyalı Değil,Mülk Sahibi,Kat Mülkiyeti,Doğu,,https://www.hepsiemlak.com/istanbul-beykoz-kavacik-satilik/daire/1540-977
104770-7363,Güzelyurt,Esenyurt,İstanbul,1.300.000 TL,120,110,2 + 1,1,6 Katlı,3. Kat,Sıfır Bina,Kombi,Eşyalı Değil,Mülk Sahibi,Kat Mülkiyeti,"Güney, Doğu",,https://www.hepsiemlak.com/istanbul-esenyurt-guzelyurt-satilik/daire/104770-7363
151891-620,Zafer,Bahçelievler,İstanbul,4.300.000 TL,95,85,2 + 1,1,5 Katlı,5. Kat,26 Yaşında,Kombi,Eşyalı Değil,Mülk Sahibi,Arsa,"Kuzey, Güney",,https://www.hepsiemlak.com/istanbul-bahcelievler-zafer-satilik/daire/151891-620
104770-7407,Güzelyurt,Esenyurt,İstanbul,1.250.000 TL,110,100,2 + 1,1,6 Katlı,2. Kat,Sıfır Bina,Kombi,Eşyalı Değil,Boş,Kat Mülkiyeti,"Güney, Doğu",,https://www.hepsiemlak.com/istanbul-esenyurt-guzelyurt-satilik/daire/104770-7407
104770-7317,Cumhuriyet,Beylikdüzü,İstanbul,1.150.000 TL,110,99,2 + 1,1,6 Katlı,4. Kat,1 Yaşında,Kombi,Eşyalı Değil,Boş,Kat Mülkiyeti,,,https://www.hepsiemlak.com/istanbul-beylikduzu-cumhuriyet-satilik/daire/104770-7317
155494-45,Taşoluk,Arnavutköy,İstanbul,6.975.000 TL,120,100,3 + 1,2,4 Katlı,1. Kat,Sıfır Bina,Yerden Isıtma,Eşyalı Değil,Boş,Kat Mülkiyeti,"Güney, Batı",,https://www.hepsiemlak.com/istanbul-arnavutkoy-tasoluk-satilik/daire/155494-45
141250-359,Aşıkveysel,Ataşehir,İstanbul,8.750.000 TL,160,140,4 + 1,1,3 Katlı,3. Kat,6 Yaşında,Kombi,Eşyalı Değil,Mülk Sahibi,Kat Mülkiyeti,,,https://www.hepsiemlak.com/istanbul-atasehir-asikveysel-satilik/daire/141250-359
133469-174,Kozyatağı,Kadıköy,İstanbul,11.250.000 TL,71,51,1 + 1,1,10 Katlı,5. Kat,Sıfır Bina,Kombi,Eşyalı Değil,Boş,Kat İrtifakı,"Güney, Doğu",,https://www.hepsiemlak.com/istanbul-kadikoy-kozyatagi-satilik/daire/133469-174
170080-4,Veliefendi,Zeytinburnu,İstanbul,21.000.000 TL,130,100,3 + 1,2,12 Katlı,2. Kat,Sıfır Bina,Merkezi (Pay Öl...,Eşyalı Değil,Boş,Kat İrtifakı,Batı,7.000 TL,https://www.hepsiemlak.com/istanbul-zeytinburnu-veliefendi-satilik/daire/170080-4
168718-10,Barbaros Hayrettin Paşa,Esenyurt,İstanbul,2.500.000 TL,56,50,1 + 1,1,9 Katlı,7. Kat,6 Yaşında,Merkezi (Pay Öl...,Eşyalı,Kiracılı,Kat İrtifakı,Güney,2.600 TL,https://www.hepsiemlak.com/istanbul-esenyurt-barbaros-hayrettin-pasa-satilik/daire/168718-10
134376-274,Armağanevler,Ümraniye,İstanbul,4.630.000 TL,90,75,2 + 1,1,5 Katlı,Yüksek Giriş,11 Yaşında,Kombi,Eşyalı Değil,Boş,Kat İrtifakı,,350 TL,https://www.hepsiemlak.com/istanbul-umraniye-armaganevler-satilik/daire/134376-274
169153-67,Taşdelen,Çekmeköy,İstanbul,3.680.000 TL,70,60,1 + 1,1,6 Katlı,Bodrum,6 Yaşında,Kombi,Eşyalı Değil,Mülk Sahibi,Kat İrtifakı,"Güney, Batı",,https://www.hepsiemlak.com/istanbul-cekmekoy-tasdelen-satilik/daire/169153-67
138705-82,Caddebostan,Kadıköy,İstanbul,28.000.000 TL,140,115,3 + 1,2,10 Katlı,2. Kat,6 Yaşında,Merkezi (Pay Öl...,Eşyalı Değil,Mülk Sahibi,Kat Mülkiyeti,"Kuzey, Batı",4.250 TL,https://www.hepsiemlak.com/istanbul-kadikoy-caddebostan-satilik/daire/138705-82
120150-4641,Bulgurlu,Üsküdar,İstanbul,8.950.000 TL,115,110,3 + 1,1,10 Katlı,9. Kat,30 Yaşında,Kombi,Eşyalı Değil,Kiracılı,Kat Mülkiyeti,"Güney, Doğu",1.500 TL,https://www.hepsiemlak.com/istanbul-uskudar-bulgurlu-satilik/daire/120150-4641
2540-1897,Çamlık,Ümraniye,İstanbul,8.750.000 TL,130,115,3 + 1,2,6 Katlı,5. Kat,21 Yaşında,Kombi,Eşyalı Değil,Boş,Kat İrtifakı,"Güney, Doğu, Batı",,https://www.hepsiemlak.com/istanbul-umraniye-camlik-satilik/daire/2540-1897
169192-19,Çavuş,Şile,İstanbul,36.000.000 TL,450,425,6 + 2,4,4 Katlı,Bahçe Katı,4 Yaşında,Yerden Isıtma,Eşyalı,Mülk Sahibi,Kat Mülkiyeti,"Kuzey, Güney, Doğu, Batı",,https://www.hepsiemlak.com/istanbul-sile-cavus-satilik/villa/169192-19
36352-1410,Merkez,Gaziosmanpaşa,İstanbul,11.750.000 TL,115,85,2 + 1,2,20 Katlı,18. Kat,8 Yaşında,Merkezi (Pay Öl...,Eşyalı Değil,Boş,Kat Mülkiyeti,"Güney, Doğu, Batı",,https://www.hepsiemlak.com/istanbul-gaziosmanpasa-merkez-satilik/daire/36352-1410
162561-12,Yakacık Yeni,Kartal,İstanbul,5.750.000 TL,110,90,3 + 1,1,5 Katlı,4. Kat,26 Yaşında,Kombi,Eşyalı,Mülk Sahibi,Kat İrtifakı,Güney,,https://www.hepsiemlak.com/istanbul-kartal-yakacik-yeni-satilik/daire/162561-12
126306-208,Sultançiftliği,Çekmeköy,İstanbul,7.200.000 TL,140,115,3 + 1,1,5 Katlı,5. Kat,6 Yaşında,Kombi,Eşyalı Değil,Boş,Kat Mülkiyeti,"Güney, Batı",,https://www.hepsiemlak.com/istanbul-cekmekoy-sultanciftligi-satilik/daire/126306-208
138578-197,Barış,Beylikdüzü,İstanbul,25.500.000 TL,400,330,6 + 1,4,2 Katlı,Bahçe Katı,5 Yaşında,Kombi,Eşyalı Değil,Boş,Kat Mülkiyeti,"Güney, Doğu, Batı",,https://www.hepsiemlak.com/istanbul-beylikduzu-baris-satilik/villa/138578-197
168919-25,Haznedar,Güngören,İstanbul,6.000.000 TL,120,110,3 + 1,1,5 Katlı,1. Kat,26 Yaşında,Kombi,Eşyalı Değil,Mülk Sahibi,Kat Mülkiyeti,Güney,,https://www.hepsiemlak.com/istanbul-gungoren-haznedar-satilik/daire/168919-25
133447-26,Kocatepe,Bayrampaşa,İstanbul,12.000.000 TL,210,180,4 + 2,2,3 Katlı,3. Kat,21 Yaşında,Kombi,Eşyalı Değil,Mülk Sahibi,Kat İrtifakı,,,https://www.hepsiemlak.com/istanbul-bayrampasa-kocatepe-satilik/daire/133447-26
119048-241,Mehmet Nesih Özmen,Güngören,İstanbul,19.175.000 TL,250,220,5 + 1,3,4 Katlı,4. Kat,21 Yaşında,Kombi,Eşyalı Değil,Mülk Sahibi,Kat İrtifakı,"Güney, Batı",2.500 TL,https://www.hepsiemlak.com/istanbul-gungoren-mehmet-nesih-ozmen-satilik/daire/119048-241
133382-705,Adnan Kahveci,Beylikdüzü,İstanbul,6.199.000 TL,175,155,3 + 1,2,10 Katlı,5. Kat,11 Yaşında,Kombi,Eşyalı Değil,Boş,Yabancıdan,Doğu,,https://www.hepsiemlak.com/istanbul-beylikduzu-adnan-kahveci-satilik/daire/133382-705
168673-25,Bostancı,Kadıköy,İstanbul,15.000.000 TL,105,88,3 + 1,2,8 Katlı,2. Kat,Sıfır Bina,Kombi,Eşyalı Değil,Boş,Kat Mülkiyeti,"Güney, Batı",,https://www.hepsiemlak.com/istanbul-kadikoy-bostanci-satilik/daire/168673-25
136942-160,Dumlupınar,Kadıköy,İstanbul,5.750.000 TL,59,45,1 + 1,1,22 Katlı,11. Kat,Sıfır Bina,Merkezi (Pay Öl...,Eşyalı Değil,Boş,Kat İrtifakı,Kuzey,,https://www.hepsiemlak.com/istanbul-kadikoy-dumlupinar-satilik/daire/136942-160
169794-1,Eski Habipler,Sultangazi,İstanbul,7.350.000 TL,120,102,3 + 1,1,12 Katlı,1. Kat,Sıfır Bina,Kombi,Eşyalı Değil,Boş,Kat Mülkiyeti,"Kuzey, Güney",1.000 TL,https://www.hepsiemlak.com/istanbul-sultangazi-eski-habipler-satilik/daire/169794-1
97573-737,Denizköşkler,Avcılar,İstanbul,10.500.000 TL,220,200,4 + 2,2,4 Katlı,3. Kat,Sıfır Bina,Kombi,Eşyalı Değil,Boş,Kat Mülkiyeti,"Güney, Doğu",200 TL,https://www.hepsiemlak.com/istanbul-avcilar-denizkoskler-satilik/daire/97573-737
134068-156,Cumhuriyet,Beylikdüzü,İstanbul,5.500.000 TL,78,66,1 + 1,1,8 Katlı,1. Kat,26 Yaşında,Merkezi,Eşyalı Değil,Kiracılı,Kat Mülkiyeti,Doğu,,https://www.hepsiemlak.com/istanbul-beylikduzu-cumhuriyet-satilik/daire/134068-156
161583-16,Beylikdüzü OSB,Beylikdüzü,İstanbul,4.198.000 TL,100,88,2 + 1,1,18 Katlı,14. Kat,5 Yaşında,Merkezi (Pay Öl...,Eşyalı Değil,Boş,Yabancıdan,Güney,,https://www.hepsiemlak.com/istanbul-beylikduzu-beylikduzu-osb-satilik/daire/161583-16
30133-4062,Yakacık Yeni,Kartal,İstanbul,14.500.000 TL,163,125,3 + 3,2,10 Katlı,Ara Kat,15 Yaşında,Kombi,Eşyalı Değil,Kiracılı,Kat Mülkiyeti,"Kuzey, Güney, Batı",6.000 TL,https://www.hepsiemlak.com/istanbul-kartal-yakacik-yeni-satilik/daire/30133-4062
2988-9212,Sahilköy,Şile,İstanbul,25.000.000 TL,350,275,7 + 1,6,4 Katlı,,Sıfır Bina,Yerden Isıtma,Eşyalı Değil,Boş,Kat Mülkiyeti,"Kuzey, Batı",,https://www.hepsiemlak.com/istanbul-sile-sahilkoy-satilik/villa/2988-9212
153267-578,Seyrantepe,Kağıthane,İstanbul,13.950.000 TL,200,180,4 + 2,3,4 Katlı,3. Kat,11 Yaşında,Kombi,Eşyalı Değil,Mülk Sahibi,Kat Mülkiyeti,"Kuzey, Batı",500 TL,https://www.hepsiemlak.com/istanbul-kagithane-seyrantepe-satilik/daire/153267-578
166803-78,Akşemsettin,Eyüpsultan,İstanbul,4.190.000 TL,85,80,2 + 1,1,3 Katlı,Kot 1,8 Yaşında,Kombi,Eşyalı Değil,Boş,Tapu Yok,"Güney, Doğu",,https://www.hepsiemlak.com/istanbul-eyupsultan-aksemsettin-satilik/daire/166803-78
168779-23,Barbaros Hayrettin Paşa,Esenyurt,İstanbul,2.650.000 TL,74,42,1 + 1,1,15 Katlı,12. Kat,11 Yaşında,Merkezi (Pay Öl...,Eşyalı Değil,Kiracılı,Kat Mülkiyeti,Güney,3.100 TL,https://www.hepsiemlak.com/istanbul-esenyurt-barbaros-hayrettin-pasa-satilik/residence/168779-23
165102-15,Kaynarca,Pendik,İstanbul,22.000.000 TL,301,262,7 + 3,4,18 Katlı,15. Kat,11 Yaşında,Kombi,Eşyalı Değil,Boş,Yabancıdan,"Güney, Batı",3.000 TL,https://www.hepsiemlak.com/istanbul-pendik-kaynarca-satilik/residence/165102-15
16829-2851,Atatürk,Ataşehir,İstanbul,22.500.000 TL,210,200,4 + 1,2,24 Katlı,7. Kat,21 Yaşında,Merkezi,Eşyalı Değil,Mülk Sahibi,Kat Mülkiyeti,Doğu,9.000 TL,https://www.hepsiemlak.com/istanbul-atasehir-ataturk-satilik/daire/16829-2851
3747-2821,Suadiye,Kadıköy,İstanbul,52.000.000 TL,185,160,4 + 1,2,4 Katlı,2. Kat,9 Yaşında,Kombi,,Mülk Sahibi,Kat Mülkiyeti,Güney,,https://www.hepsiemlak.com/istanbul-kadikoy-suadiye-satilik/daire/3747-2821
158228-58,Sultantepe,Üsküdar,İstanbul,110.000.000 TL,305,235,3 + 1,2,3 Katlı,3. Kat,5 Yaşında,VRV,Eşyalı Değil,Boş,Yabancıdan,"Güney, Doğu, Batı",25.000 TL,https://www.hepsiemlak.com/istanbul-uskudar-sultantepe-satilik/daire/158228-58
22752-16710,Taşdelen,Çekmeköy,İstanbul,9.375.000 TL,159,146,3 + 1,2,8 Katlı,6. Kat,20 Yaşında,Kombi,Eşyalı Değil,Boş,Kat İrtifakı,"Güney, Doğu",3.100 TL,https://www.hepsiemlak.com/istanbul-cekmekoy-tasdelen-satilik/daire/22752-16710
165962-128,Postane,Tuzla,İstanbul,47.550.000 TL,276,230,4 + 1,2,3 Katlı,Bahçe Katı,11 Yaşında,Yerden Isıtma,Eşyalı Değil,Mülk Sahibi,Kat Mülkiyeti,"Kuzey, Güney, Doğu, Batı",,https://www.hepsiemlak.com/istanbul-tuzla-postane-satilik/villa/165962-128
108361-537,Yeşilova,Küçükçekmece,İstanbul,6.100.000 TL,75,70,2 + 1,1,3 Katlı,3. Kat,6 Yaşında,Kombi,Eşyalı Değil,Mülk Sahibi,Kat Mülkiyeti,,300 TL,https://www.hepsiemlak.com/istanbul-kucukcekmece-yesilova-satilik/daire/108361-537
95585-5249,Hürriyet,Kağıthane,İstanbul,4.995.000 TL,65,60,2 + 1,1,6 Katlı,1. Kat,1 Yaşında,Kombi,Eşyalı,Kiracılı,Kat Mülkiyeti,"Kuzey, Güney",400 TL,https://www.hepsiemlak.com/istanbul-kagithane-hurriyet-satilik/daire/95585-5249
147910-162,Aydınlar,Çekmeköy,İstanbul,3.350.000 TL,65,50,1 + 1,1,6 Katlı,Zemin,6 Yaşında,Kombi,Eşyalı Değil,Boş,Kat Mülkiyeti,Kuzey,,https://www.hepsiemlak.com/istanbul-cekmekoy-aydinlar-satilik/daire/147910-162
95336-705,Boyalık,Arnavutköy,İstanbul,18.000.000 TL,260,240,5 + 1,3,2 Katlı,Bahçe Katı,21 Yaşında,Kombi,Eşyalı,Boş,Kooperatiften H...,Doğu,2.000 TL,https://www.hepsiemlak.com/istanbul-arnavutkoy-boyalik-satilik/villa/95336-705
104751-285,Acarlar,Beykoz,İstanbul,55.500.000 TL,250,200,4 + 1,3,5 Katlı,Bahçe Katı,Sıfır Bina,Merkezi (Pay Öl...,Eşyalı Değil,Boş,Kat İrtifakı,Güney,12.700 TL,https://www.hepsiemlak.com/istanbul-beykoz-acarlar-satilik/daire/104751-285
102526-763,Bahçeşehir 2. Kısım,Başakşehir,İstanbul,30.000.000 TL,245,200,5 + 1,4,2 Katlı,Bahçe Katı,2 Yaşında,Yerden Isıtma,Eşyalı Değil,Mülk Sahibi,Kat Mülkiyeti,"Güney, Doğu, Batı",9.000 TL,https://www.hepsiemlak.com/istanbul-basaksehir-bahcesehir-2-kisim-satilik/villa/102526-763
144341-31,Seyyid Ömer,Fatih,İstanbul,6.500.000 TL,135,115,3 + 1,1,4 Katlı,4. Kat,39 Yaşında,Kombi,Eşyalı Değil,Boş,Kat Mülkiyeti,Güney,,https://www.hepsiemlak.com/istanbul-fatih-seyyid-omer-satilik/daire/144341-31
62761-876,Doğu,Pendik,İstanbul,8.450.000 TL,90,70,2 + 1,1,10 Katlı,3. Kat,Sıfır Bina,Yerden Isıtma,Eşyalı Değil,Boş,Kat Mülkiyeti,"Güney, Doğu",,https://www.hepsiemlak.com/istanbul-pendik-dogu-satilik/daire/62761-876
23185-4984,Türkali,Beşiktaş,İstanbul,11.450.000 TL,90,70,2 + 1,1,5 Katlı,5. Kat,8 Yaşında,Kombi,Eşyalı Değil,Kiracılı,Kat Mülkiyeti,,750 TL,https://www.hepsiemlak.com/istanbul-besiktas-turkali-satilik/daire/23185-4984
169469-77,Göztepe,Bağcılar,İstanbul,6.550.000 TL,75,65,2 + 1,2,13 Katlı,Giriş Katı,Sıfır Bina,Kombi,Eşyalı Değil,Boş,Kat İrtifakı,"Kuzey, Doğu, Batı",,https://www.hepsiemlak.com/istanbul-bagcilar-goztepe-satilik/daire/169469-77
168768-55,Yenişehir,Ataşehir,İstanbul,12.500.000 TL,130,110,3 + 1,2,6 Katlı,1. Kat,26 Yaşında,Kombi,Eşyalı Değil,Boş,Kat İrtifakı,"Güney, Batı",4.000 TL,https://www.hepsiemlak.com/istanbul-atasehir-yenisehir-satilik/daire/168768-55
139888-314,Yeni,Silivri,İstanbul,5.650.000 TL,100,90,2 + 1,2,6 Katlı,2. Kat,Sıfır Bina,Kombi,Eşyalı Değil,Boş,Kat İrtifakı,"Kuzey, Güney, Doğu, Batı",,https://www.hepsiemlak.com/istanbul-silivri-yeni-satilik/daire/139888-314
34125-5053,Cihangir,Beyoğlu,İstanbul,9.000.000 TL,100,85,1 + 1,1,5 Katlı,Bahçe Katı,5 Yaşında,Kombi,Eşyalı Değil,Boş,Kat Mülkiyeti,"Güney, Batı",,https://www.hepsiemlak.com/istanbul-beyoglu-cihangir-satilik/daire/34125-5053
167715-79,İstiklal,Ümraniye,İstanbul,6.930.000 TL,75,57,2 + 1,1,10 Katlı,2. Kat,2 Yaşında,Merkezi (Pay Öl...,Eşyalı Değil,Boş,Kat Mülkiyeti,"Güney, Doğu",1.750 TL,https://www.hepsiemlak.com/istanbul-umraniye-istiklal-satilik/daire/167715-79
164142-50,Safa,Sancaktepe,İstanbul,6.150.000 TL,110,100,2 + 1,2,5 Katlı,Yüksek Giriş,6 Yaşında,Kombi,Eşyalı Değil,Mülk Sahibi,Kat Mülkiyeti,,400 TL,https://www.hepsiemlak.com/istanbul-sancaktepe-safa-satilik/daire/164142-50
126619-95,Esentepe,Kartal,İstanbul,12.900.000 TL,190,170,4 + 2,2,5 Katlı,5. Kat,Sıfır Bina,Yerden Isıtma,Eşyalı Değil,Boş,Kat Mülkiyeti,"Güney, Doğu, Batı",1.000 TL,https://www.hepsiemlak.com/istanbul-kartal-esentepe-satilik/daire/126619-95
155324-55,Çakmak,Ümraniye,İstanbul,4.750.000 TL,80,70,2 + 1,2,4 Katlı,Bahçe Katı,6 Yaşında,Kombi,Eşyalı Değil,Mülk Sahibi,Kat Mülkiyeti,"Güney, Batı",250 TL,https://www.hepsiemlak.com/istanbul-umraniye-cakmak-satilik/daire/155324-55
32964-11268,Koza,Esenyurt,İstanbul,13.000.000 TL,180,160,4 + 1,3,40 Katlı,21 ve üzeri,7 Yaşında,Merkezi (Pay Öl...,Eşyalı Değil,Boş,Kat İrtifakı,"Güney, Batı",11.000 TL,https://www.hepsiemlak.com/istanbul-esenyurt-koza-satilik/daire/32964-11268
26546-5428,Atatürk,Büyükçekmece,İstanbul,7.450.000 TL,220,200,4 + 1,2,3 Katlı,3. Kat,16 Yaşında,Kombi,Eşyalı Değil,Mülk Sahibi,Kat Mülkiyeti,"Güney, Batı",400 TL,https://www.hepsiemlak.com/istanbul-buyukcekmece-ataturk-satilik/daire/26546-5428
39816-503,Alibeyköy,Eyüpsultan,İstanbul,5.100.000 TL,83,42,1 + 1,1,10 Katlı,2. Kat,Sıfır Bina,Merkezi (Pay Öl...,Eşyalı Değil,Boş,Tapu Yok,"Güney, Batı",,https://www.hepsiemlak.com/istanbul-eyupsultan-alibeykoy-satilik/daire/39816-503
64057-1046,Çağlayan,Kağıthane,İstanbul,7.250.000 TL,130,110,3 + 1,2,6 Katlı,6. Kat,Sıfır Bina,Kombi,Eşyalı Değil,Boş,Kat Mülkiyeti,"Güney, Doğu, Batı",500 TL,https://www.hepsiemlak.com/istanbul-kagithane-caglayan-satilik/daire/64057-1046
169399-7,Cumhuriyet,Silivri,İstanbul,16.500.000 TL,275,250,5 + 1,3,3 Katlı,Bahçe Katı,6 Yaşında,Kombi,Eşyalı Değil,Boş,Kat Mülkiyeti,"Kuzey, Güney, Doğu, Batı",,https://www.hepsiemlak.com/istanbul-silivri-cumhuriyet-satilik/villa/169399-7
125158-124,Güllü Bağlar,Pendik,İstanbul,9.750.000 TL,136,105,3 + 1,2,9 Katlı,3. Kat,4 Yaşında,Kombi,Eşyalı Değil,Boş,Kat Mülkiyeti,Güney,,https://www.hepsiemlak.com/istanbul-pendik-gullu-baglar-satilik/daire/125158-124
169364-10,Esenler,Pendik,İstanbul,6.000.000 TL,85,75,2 + 1,1,6 Katlı,3. Kat,2 Yaşında,Kombi,Eşyalı Değil,Mülk Sahibi,Kat Mülkiyeti,Güney,,https://www.hepsiemlak.com/istanbul-pendik-esenler-satilik/daire/169364-10
117140-139,Abdurrahman Nafiz Gürman,Güngören,İstanbul,6.250.000 TL,106,95,2 + 1,2,5 Katlı,3. Kat,31 Yaşında,Kombi,Eşyalı Değil,Kiracılı,Kat Mülkiyeti,Doğu,250 TL,https://www.hepsiemlak.com/istanbul-gungoren-abdurrahman-nafiz-gurman-satilik/daire/117140-139
167147-281,Bahçeşehir 1. Kısım,Başakşehir,İstanbul,14.850.000 TL,234,160,4 + 1,2,7 Katlı,5. Kat,6 Yaşında,Merkezi (Pay Öl...,Eşyalı Değil,Boş,Kat Mülkiyeti,"Güney, Doğu",,https://www.hepsiemlak.com/istanbul-basaksehir-bahcesehir-1-kisim-satilik/daire/167147-281
88804-1575,Aydıntepe,Tuzla,İstanbul,9.250.000 TL,107,77,2 + 1,1,17 Katlı,13. Kat,12 Yaşında,Merkezi (Pay Öl...,Eşyalı Değil,Mülk Sahibi,Kat Mülkiyeti,Güney,4.400 TL,https://www.hepsiemlak.com/istanbul-tuzla-aydintepe-satilik/daire/88804-1575
163846-47,İdealtepe,Maltepe,İstanbul,15.500.000 TL,135,122,3 + 1,2,5 Katlı,2. Kat,4 Yaşında,Merkezi (Pay Öl...,Eşyalı Değil,Kiracılı,Kat Mülkiyeti,"Doğu, Batı",1.000 TL,https://www.hepsiemlak.com/istanbul-maltepe-idealtepe-satilik/daire/163846-47
7488-5684,Kozyatağı,Kadıköy,İstanbul,15.850.000 TL,110,87,2 + 1,2,13 Katlı,2. Kat,6 Yaşında,Merkezi (Pay Öl...,Eşyalı Değil,Boş,Kat İrtifakı,,2.300 TL,https://www.hepsiemlak.com/istanbul-kadikoy-kozyatagi-satilik/daire/7488-5684
166775-61,Mustafa Kemal Paşa,Avcılar,İstanbul,5.500.000 TL,100,85,2 + 1,1,4 Katlı,3. Kat,Sıfır Bina,Kombi,Eşyalı Değil,Boş,Yabancıdan,Güney,350 TL,https://www.hepsiemlak.com/istanbul-avcilar-mustafa-kemal-pasa-satilik/daire/166775-61
2022-68813,Akat,Beşiktaş,İstanbul,66.000.000 TL,250,220,4 + 1,3,7 Katlı,7. Kat,23 Yaşında,Merkezi (Pay Öl...,Eşyalı Değil,,Kat Mülkiyeti,"Güney, Doğu, Batı",,https://www.hepsiemlak.com/istanbul-besiktas-akat-satilik/daire/2022-68813
36118-17761,Çınar,Maltepe,İstanbul,28.000.000 TL,280,238,5 + 2,3,2 Katlı,3. Kat,17 Yaşında,Kombi,Eşyalı Değil,Mülk Sahibi,Kat İrtifakı,"Güney, Doğu",3.000 TL,https://www.hepsiemlak.com/istanbul-maltepe-cinar-satilik/daire/36118-17761
135402-638,Rami Cuma,Eyüpsultan,İstanbul,2.800.000 TL,90,70,2 + 1,1,5 Katlı,Ara Kat,35 Yaşında,Doğalgaz Sobası,Eşyalı Değil,Boş,Arsa,Kuzey,,https://www.hepsiemlak.com/istanbul-eyupsultan-rami-cuma-satilik/daire/135402-638
141145-190,Sahrayı Cedit,Kadıköy,İstanbul,16.950.000 TL,90,75,2 + 1,1,10 Katlı,5. Kat,1 Yaşında,Kombi,Eşyalı Değil,Kiracılı,Kat İrtifakı,"Güney, Doğu, Batı",2.250 TL,https://www.hepsiemlak.com/istanbul-kadikoy-sahrayi-cedit-satilik/daire/141145-190
91888-164,Ferhatpaşa,Çatalca,İstanbul,7.300.000 TL,150,135,3 + 1,2,5 Katlı,Yüksek Giriş,11 Yaşında,Yerden Isıtma,Eşyalı Değil,Mülk Sahibi,Kat İrtifakı,"Kuzey, Güney, Doğu",2.000 TL,https://www.hepsiemlak.com/istanbul-catalca-ferhatpasa-satilik/daire/91888-164
161549-43,İslambey,Arnavutköy,İstanbul,4.200.000 TL,90,85,2 + 1,1,6 Katlı,4. Kat,6 Yaşında,Kombi,Eşyalı Değil,Mülk Sahibi,Kat İrtifakı,"Kuzey, Doğu",,https://www.hepsiemlak.com/istanbul-arnavutkoy-islambey-satilik/daire/161549-43
169038-5,Güneştepe,Güngören,İstanbul,9.950.000 TL,111,88,3 + 2,2,4 Katlı,4. Kat,Sıfır Bina,Kombi,Eşyalı Değil,Boş,Kat İrtifakı,Güney,,https://www.hepsiemlak.com/istanbul-gungoren-gunestepe-satilik/daire/169038-5
79750-70,Yakuplu,Beylikdüzü,İstanbul,23.500.000 TL,420,375,11 + 3,4,4 Katlı,,20 Yaşında,Merkezi,Eşyalı Değil,Mülk Sahibi,Arsa,,,https://www.hepsiemlak.com/istanbul-beylikduzu-yakuplu-satilik/mustakil-ev/79750-70
128754-328,Atakent,Küçükçekmece,İstanbul,6.150.000 TL,74,60,2 + 1,1,16 Katlı,16. Kat,11 Yaşında,Merkezi (Pay Öl...,Eşyalı Değil,Kiracılı,Kat Mülkiyeti,Güney,,https://www.hepsiemlak.com/istanbul-kucukcekmece-atakent-satilik/daire/128754-328
169020-2,Yunus Emre,Sancaktepe,İstanbul,5.400.000 TL,95,85,2 + 1,2,5 Katlı,4. Kat,6 Yaşında,Kombi,Eşyalı Değil,Mülk Sahibi,Kat Mülkiyeti,,,https://www.hepsiemlak.com/istanbul-sancaktepe-yunus-emre-satilik/daire/169020-2
168615-35,Piri Reis,Esenyurt,İstanbul,4.500.000 TL,125,100,2 + 1,1,10 Katlı,6. Kat,11 Yaşında,Kombi,Eşyalı,Boş,Yabancıdan,"Güney, Doğu, Batı",1.000 TL,https://www.hepsiemlak.com/istanbul-esenyurt-piri-reis-satilik/daire/168615-35
5167-2014,Salacak,Üsküdar,İstanbul,18.700.000 TL,120,95,3 + 1,1,4 Katlı,Giriş Katı,16 Yaşında,Kombi,Eşyalı Değil,Mülk Sahibi,Kat Mülkiyeti,"Kuzey, Batı",,https://www.hepsiemlak.com/istanbul-uskudar-salacak-satilik/daire/5167-2014
168649-15,Selahaddin Eyyubi,Esenyurt,İstanbul,1.745.000 TL,120,110,2 + 1,1,6 Katlı,2. Kat,6 Yaşında,Kombi,Eşyalı Değil,Kiracılı,Yabancıdan,"Güney, Doğu",250 TL,https://www.hepsiemlak.com/istanbul-esenyurt-selahaddin-eyyubi-satilik/daire/168649-15
162475-48,Merkez,Avcılar,İstanbul,8.000.000 TL,130,110,3 + 1,1,5 Katlı,2. Kat,3 Yaşında,Kombi,Eşyalı Değil,Boş,Kat Mülkiyeti,"Güney, Batı",,https://www.hepsiemlak.com/istanbul-avcilar-merkez-satilik/daire/162475-48
66267-1264,Çırçır,Eyüpsultan,İstanbul,9.750.000 TL,165,145,4 + 1,1,9 Katlı,9. Kat,7 Yaşında,Kombi,Eşyalı Değil,Kiracılı,Kat İrtifakı,"Doğu, Batı",,https://www.hepsiemlak.com/istanbul-eyupsultan-circir-satilik/daire/66267-1264
19061-1081,Burhaniye,Üsküdar,İstanbul,29.750.000 TL,200,170,4 + 1,2,4 Katlı,4. Kat,Sıfır Bina,Kombi,Eşyalı Değil,Boş,Kat Mülkiyeti,"Doğu, Batı",,https://www.hepsiemlak.com/istanbul-uskudar-burhaniye-satilik/daire/19061-1081
168943-9,Alibeyköy,Eyüpsultan,İstanbul,8.900.000 TL,150,140,4 + 1,2,10 Katlı,9. Kat,Sıfır Bina,Merkezi (Pay Öl...,Eşyalı Değil,Boş,Kat İrtifakı,Doğu,,https://www.hepsiemlak.com/istanbul-eyupsultan-alibeykoy-satilik/daire/168943-9
139323-50,Piri Reis,Esenyurt,İstanbul,4.100.000 TL,140,120,3 + 1,2,14 Katlı,3. Kat,6 Yaşında,Merkezi (Pay Öl...,Eşyalı Değil,Mülk Sahibi,Kat İrtifakı,Güney,4.000 TL,https://www.hepsiemlak.com/istanbul-esenyurt-piri-reis-satilik/daire/139323-50
126201-241,Marmara,Beylikdüzü,İstanbul,6.500.000 TL,220,150,3 + 2,3,5 Katlı,4. Kat,6 Yaşında,Kombi,Eşyalı Değil,Mülk Sahibi,Kat Mülkiyeti,"Kuzey, Güney, Doğu, Batı",600 TL,https://www.hepsiemlak.com/istanbul-beylikduzu-marmara-satilik/daire/126201-241
76675-1569,Soğanlı,Bahçelievler,İstanbul,6.600.000 TL,150,140,3 + 2,2,6 Katlı,En Üst Kat,28 Yaşında,Kombi,Eşyalı Değil,Kiracılı,Kat İrtifakı,Güney,,https://www.hepsiemlak.com/istanbul-bahcelievler-soganli-satilik/daire/76675-1569
85532-2302,Yayla,Şişli,İstanbul,8.750.000 TL,62,53,1 + 1,1,6 Katlı,5. Kat,16 Yaşında,Kombi,Eşyalı,Kiracılı,Kat Mülkiyeti,"Güney, Doğu",6.550 TL,https://www.hepsiemlak.com/istanbul-sisli-yayla-satilik/residence/85532-2302
168792-5,Ahmet Yesevi,Pendik,İstanbul,5.000.000 TL,80,75,2 + 1,1,4 Katlı,1. Kat,6 Yaşında,Kombi,Eşyalı Değil,Boş,Kat İrtifakı,Güney,,https://www.hepsiemlak.com/istanbul-pendik-ahmet-yesevi-satilik/daire/168792-5
168776-1,Mehterçeşme,Esenyurt,İstanbul,7.400.000 TL,241,230,4 + 2,2,12 Katlı,12. Kat,11 Yaşında,Merkezi,Eşyalı Değil,Kiracılı,Kat Mülkiyeti,Batı,2.000 TL,https://www.hepsiemlak.com/istanbul-esenyurt-mehtercesme-satilik/daire/168776-1
168759-17,Kavaklı,Beylikdüzü,İstanbul,13.000.000 TL,195,142,3 + 1,2,11 Katlı,3. Kat,6 Yaşında,Merkezi (Pay Öl...,Eşyalı Değil,Kiracılı,Kat Mülkiyeti,Batı,6.000 TL,https://www.hepsiemlak.com/istanbul-beylikduzu-kavakli-satilik/daire/168759-17
161477-50,Elmalıkent,Ümraniye,İstanbul,8.375.000 TL,130,120,3 + 1,1,9 Katlı,3. Kat,16 Yaşında,Kombi,Eşyalı Değil,Kiracılı,Kat İrtifakı,Güney,500 TL,https://www.hepsiemlak.com/istanbul-umraniye-elmalikent-satilik/daire/161477-50
167253-13,Cumhuriyet,Kartal,İstanbul,12.500.000 TL,96,70,2 + 1,2,13 Katlı,12. Kat,Sıfır Bina,Yerden Isıtma,Eşyalı Değil,Boş,Kat İrtifakı,"Kuzey, Güney, Doğu, Batı",,https://www.hepsiemlak.com/istanbul-kartal-cumhuriyet-satilik/daire/167253-13
164905-16,Karlıbayır,Arnavutköy,İstanbul,5.700.000 TL,55,36,1 + 1,1,5 Katlı,2. Kat,Sıfır Bina,Merkezi (Pay Öl...,Eşyalı Değil,Boş,Kat Mülkiyeti,"Kuzey, Batı",5.000 TL,https://www.hepsiemlak.com/istanbul-arnavutkoy-karlibayir-satilik/daire/164905-16
162330-29,Düğmeciler,Eyüpsultan,İstanbul,28.000.000 TL,290,200,4 + 1,4,9 Katlı,9. Kat,Sıfır Bina,Merkezi (Pay Öl...,Eşyalı Değil,Boş,Kat İrtifakı,"Kuzey, Güney",,https://www.hepsiemlak.com/istanbul-eyupsultan-dugmeciler-satilik/daire/162330-29
103070-110,Cumhuriyet,Küçükçekmece,İstanbul,6.250.000 TL,165,150,3 + 1,1,5 Katlı,1. Kat,18 Yaşında,Kombi,Eşyalı Değil,Kiracılı,Kat İrtifakı,"Kuzey, Batı",400 TL,https://www.hepsiemlak.com/istanbul-kucukcekmece-cumhuriyet-satilik/daire/103070-110
168511-22,Mevlana,Esenyurt,İstanbul,9.750.000 TL,214,150,4 + 1,2,10 Katlı,1. Kat,6 Yaşında,Merkezi (Pay Öl...,Eşyalı Değil,Boş,Yabancıdan,"Güney, Doğu, Batı",5.500 TL,https://www.hepsiemlak.com/istanbul-esenyurt-mevlana-satilik/daire/168511-22
168487-4,Esenler,Pendik,İstanbul,6.000.000 TL,85,75,2 + 1,1,6 Katlı,3. Kat,2 Yaşında,Kombi,Eşyalı Değil,Mülk Sahibi,Kat Mülkiyeti,Güney,,https://www.hepsiemlak.com/istanbul-pendik-esenler-satilik/daire/168487-4
2585-1330,Fetih,Ataşehir,İstanbul,8.500.000 TL,110,100,3 + 1,1,9 Katlı,Yüksek Giriş,31 Yaşında,Merkezi,Eşyalı Değil,Boş,Kat Mülkiyeti,"Kuzey, Batı",2.850 TL,https://www.hepsiemlak.com/istanbul-atasehir-fetih-satilik/daire/2585-1330
163740-37,Sarıyer Merkez,Sarıyer,İstanbul,23.200.000 TL,176,134,3 + 1,2,,Bahçe Katı,11 Yaşında,Yerden Isıtma,Eşyalı Değil,Boş,Kat Mülkiyeti,"Kuzey, Güney",,https://www.hepsiemlak.com/istanbul-sariyer-sariyer-merkez-satilik/mustakil-ev/163740-37
130307-1168,Bağlar,Bağcılar,İstanbul,7.150.000 TL,135,115,3 + 1,2,3 Katlı,3. Kat,Sıfır Bina,Kombi,Eşyalı Değil,Boş,Kat Mülkiyeti,"Güney, Doğu",200 TL,https://www.hepsiemlak.com/istanbul-bagcilar-baglar-satilik/daire/130307-1168
67656-124,Yeni,Pendik,İstanbul,9.750.000 TL,125,95,3 + 1,2,3 Katlı,1. Kat,Sıfır Bina,Kombi,Eşyalı Değil,Boş,Kat Mülkiyeti,"Kuzey, Batı",,https://www.hepsiemlak.com/istanbul-pendik-yeni-satilik/daire/67656-124
150692-175,Duatepe,Şişli,İstanbul,4.800.000 TL,85,80,2 + 1,1,6 Katlı,1. Kat,31 Yaşında,Kombi,Eşyalı Değil,Kiracılı,Kat Mülkiyeti,,,https://www.hepsiemlak.com/istanbul-sisli-duatepe-satilik/daire/150692-175
28284-3897,Kanlıca,Beykoz,İstanbul,225.000.000 TL,400,385,5 + 1,3,3 Katlı,3. Kat,45 Yaşında,Kombi,Eşyalı Değil,Boş,Kat Mülkiyeti,,,https://www.hepsiemlak.com/istanbul-beykoz-kanlica-satilik/yali-dairesi/28284-3897
22543-3595,Gayrettepe,Beşiktaş,İstanbul,35.000.000 TL,164,150,3 + 1,1,8 Katlı,7. Kat,35 Yaşında,Merkezi,Eşyalı Değil,Mülk Sahibi,Kat Mülkiyeti,"Güney, Batı",3.500 TL,https://www.hepsiemlak.com/istanbul-besiktas-gayrettepe-satilik/daire/22543-3595
1049-170972,Caddebostan,Kadıköy,İstanbul,59.500.000 TL,235,180,4 + 1,2,13 Katlı,11. Kat,6 Yaşında,Merkezi (Pay Öl...,Eşyalı Değil,Boş,Kat Mülkiyeti,,,https://www.hepsiemlak.com/istanbul-kadikoy-caddebostan-satilik/daire/1049-170972
116918-65,Çavuş,Şile,İstanbul,18.800.000 TL,180,165,4 + 1,4,3 Katlı,Bahçe Katı,Sıfır Bina,Yerden Isıtma,Eşyalı,Boş,Kat Mülkiyeti,"Güney, Batı",,https://www.hepsiemlak.com/istanbul-sile-cavus-satilik/villa/116918-65
48689-5732,Şirintepe,Kağıthane,İstanbul,6.950.000 TL,115,100,2 + 1,2,3 Katlı,Giriş Katı,5 Yaşında,Kombi,Eşyalı Değil,Mülk Sahibi,Kat Mülkiyeti,"Güney, Doğu, Batı",,https://www.hepsiemlak.com/istanbul-kagithane-sirintepe-satilik/daire/48689-5732
163693-22,Bahçeşehir 1. Kısım,Başakşehir,İstanbul,29.500.000 TL,350,320,5 + 1,2,3 Katlı,Bahçe Katı,26 Yaşında,Kombi,Eşyalı Değil,Boş,Kat Mülkiyeti,"Güney, Doğu",,https://www.hepsiemlak.com/istanbul-basaksehir-bahcesehir-1-kisim-satilik/villa/163693-22
167932-3,Atatürk,Büyükçekmece,İstanbul,5.190.000 TL,120,108,3 + 1,1,5 Katlı,Bahçe Katı,1 Yaşında,Yerden Isıtma,Eşyalı Değil,Boş,Kat Mülkiyeti,"Kuzey, Güney, Doğu, Batı",,https://www.hepsiemlak.com/istanbul-buyukcekmece-ataturk-satilik/daire/167932-3
131904-593,Küçükyalı,Maltepe,İstanbul,7.150.000 TL,46,36,1 + 1,1,4 Katlı,3. Kat,Sıfır Bina,Yerden Isıtma,Eşyalı Değil,Boş,Kat İrtifakı,Batı,,https://www.hepsiemlak.com/istanbul-maltepe-kucukyali-satilik/daire/131904-593
136086-51,Aşıkveysel,Ataşehir,İstanbul,10.690.000 TL,170,150,3 + 1,2,14 Katlı,6. Kat,11 Yaşında,Kombi,Eşyalı Değil,Kiracılı,Kat Mülkiyeti,"Güney, Doğu, Batı",7.000 TL,https://www.hepsiemlak.com/istanbul-atasehir-asikveysel-satilik/daire/136086-51
5924-2312,Feriköy,Şişli,İstanbul,15.000.000 TL,122,110,3 + 1,2,4 Katlı,4. Kat,6 Yaşında,Kombi,Eşyalı Değil,Boş,Kat Mülkiyeti,Doğu,1.000 TL,https://www.hepsiemlak.com/istanbul-sisli-ferikoy-satilik/daire/5924-2312
32754-3298,Fenerbahçe,Kadıköy,İstanbul,80.000.000 TL,170,125,3 + 1,3,14 Katlı,12. Kat,Sıfır Bina,Yerden Isıtma,Eşyalı Değil,Boş,Kat İrtifakı,"Kuzey, Güney, Doğu, Batı",,https://www.hepsiemlak.com/istanbul-kadikoy-fenerbahce-satilik/daire/32754-3298
131840-775,Güzeltepe,Eyüpsultan,İstanbul,7.250.000 TL,100,85,2 + 1,1,10 Katlı,6. Kat,6 Yaşında,Merkezi (Pay Öl...,Eşyalı Değil,Kiracılı,Kat Mülkiyeti,Güney,,https://www.hepsiemlak.com/istanbul-eyupsultan-guzeltepe-satilik/daire/131840-775
142666-97,Bostancı,Kadıköy,İstanbul,8.950.000 TL,80,70,2 + 1,1,5 Katlı,3. Kat,10 Yaşında,Kombi,Eşyalı Değil,Boş,Yabancıdan,"Güney, Doğu, Batı",500 TL,https://www.hepsiemlak.com/istanbul-kadikoy-bostanci-satilik/daire/142666-97
136321-804,Rumeli Kavağı,Sarıyer,İstanbul,12.000.000 TL,210,90,3 + 2,2,2 Katlı,,45 Yaşında,Kombi,Eşyalı Değil,Boş,İntifa Hakkı Te...,"Kuzey, Güney, Doğu, Batı",,https://www.hepsiemlak.com/istanbul-sariyer-rumeli-kavagi-satilik/mustakil-ev/136321-804
153572-105,Selami Ali,Üsküdar,İstanbul,15.500.000 TL,123,100,2 + 1,2,5 Katlı,5. Kat,Sıfır Bina,Kombi,Eşyalı Değil,Boş,Kat İrtifakı,Güney,,https://www.hepsiemlak.com/istanbul-uskudar-selami-ali-satilik/daire/153572-105
1994-3392,Reşitpaşa,Sarıyer,İstanbul,42.990.000 TL,280,240,4 + 4,4,4 Katlı,,30 Yaşında,Merkezi (Pay Öl...,Eşyalı,Kiracılı,Kat Mülkiyeti,"Kuzey, Güney, Doğu, Batı",,https://www.hepsiemlak.com/istanbul-sariyer-resitpasa-satilik/bina/1994-3392
88886-574,Esenkent,Esenyurt,İstanbul,12.200.000 TL,228,165,4 + 1,3,12 Katlı,3. Kat,11 Yaşında,Merkezi (Pay Öl...,Eşyalı Değil,Boş,Kat Mülkiyeti,,5.800 TL,https://www.hepsiemlak.com/istanbul-esenyurt-esenkent-satilik/daire/88886-574
165416-24,Fenerbahçe,Kadıköy,İstanbul,47.000.000 TL,170,120,4 + 1,2,11 Katlı,4. Kat,Sıfır Bina,Kombi,Eşyalı Değil,Boş,Kat Mülkiyeti,"Kuzey, Güney, Doğu, Batı",3.000 TL,https://www.hepsiemlak.com/istanbul-kadikoy-fenerbahce-satilik/daire/165416-24
147401-27,Başakşehir,Başakşehir,İstanbul,12.500.000 TL,140,110,3 + 1,2,10 Katlı,6. Kat,3 Yaşında,Yerden Isıtma,Eşyalı Değil,Boş,Kat Mülkiyeti,Doğu,,https://www.hepsiemlak.com/istanbul-basaksehir-basaksehir-satilik/daire/147401-27
1472-1152,Esentepe,Şişli,İstanbul,14.500.000 TL,95,85,2 + 1,1,5 Katlı,1. Kat,55 Yaşında,Kombi,Eşyalı Değil,,Kat Mülkiyeti,"Kuzey, Güney",750 TL,https://www.hepsiemlak.com/istanbul-sisli-esentepe-satilik/daire/1472-1152
164851-25,Gürsel,Kağıthane,İstanbul,4.650.000 TL,110,105,3 + 1,1,5 Katlı,4. Kat,30 Yaşında,Kombi,Eşyalı Değil,,Kat Mülkiyeti,,100 TL,https://www.hepsiemlak.com/istanbul-kagithane-gursel-satilik/daire/164851-25
44150-1951,Altıntepsi,Bayrampaşa,İstanbul,7.200.000 TL,120,110,3 + 1,1,5 Katlı,1. Kat,9 Yaşında,Kombi,Eşyalı Değil,Kiracılı,Kat Mülkiyeti,"Kuzey, Güney",300 TL,https://www.hepsiemlak.com/istanbul-bayrampasa-altintepsi-satilik/daire/44150-1951
129138-1022,Bahçelievler,Üsküdar,İstanbul,20.500.000 TL,170,115,3 + 1,2,7 Katlı,6. Kat,Sıfır Bina,Yerden Isıtma,Eşyalı Değil,Boş,Kat İrtifakı,"Kuzey, Doğu",,https://www.hepsiemlak.com/istanbul-uskudar-bahcelievler-satilik/daire/129138-1022
7609-3823,Yıldız,Beşiktaş,İstanbul,25.500.000 TL,140,120,2 + 1,1,5 Katlı,Bahçe Katı,Sıfır Bina,Yerden Isıtma,Eşyalı Değil,Boş,Kat Mülkiyeti,"Güney, Doğu",1.500 TL,https://www.hepsiemlak.com/istanbul-besiktas-yildiz-satilik/daire/7609-3823
140941-122,Cennet,Küçükçekmece,İstanbul,10.800.000 TL,290,250,5 + 2,3,5 Katlı,5. Kat,11 Yaşında,Kombi,Eşyalı Değil,Mülk Sahibi,Kat Mülkiyeti,"Güney, Batı",250 TL,https://www.hepsiemlak.com/istanbul-kucukcekmece-cennet-satilik/daire/140941-122
18825-2848,Ortabayır,Kağıthane,İstanbul,9.500.000 TL,145,135,3 + 2,2,5 Katlı,Bodrum ve Zemin,Sıfır Bina,Kombi,Eşyalı Değil,Boş,Yabancıdan,Güney,250 TL,https://www.hepsiemlak.com/istanbul-kagithane-ortabayir-satilik/daire/18825-2848
71928-1786,Yakacık Yeni,Kartal,İstanbul,19.000.000 TL,205,175,4 + 1,2,11 Katlı,11. Kat,11 Yaşında,Merkezi (Pay Öl...,Eşyalı Değil,Kiracılı,Kat Mülkiyeti,Güney,,https://www.hepsiemlak.com/istanbul-kartal-yakacik-yeni-satilik/daire/71928-1786
70850-2850,Soğuksu,Beykoz,İstanbul,180.000.000 TL,1100,950,8 + 2,6,4 Katlı,,16 Yaşında,Kombi,Eşyalı Değil,Mülk Sahibi,Kat Mülkiyeti,"Güney, Doğu, Batı",,https://www.hepsiemlak.com/istanbul-beykoz-soguksu-satilik/villa/70850-2850
19126-1451,Zuhuratbaba,Bakırköy,İstanbul,24.000.000 TL,300,280,5 + 1,4,5 Katlı,4. Kat,4 Yaşında,Kombi,Eşyalı Değil,Mülk Sahibi,Yabancıdan,"Güney, Doğu",300 TL,https://www.hepsiemlak.com/istanbul-bakirkoy-zuhuratbaba-satilik/daire/19126-1451
10656-1310,Kuzguncuk,Üsküdar,İstanbul,26.800.000 TL,115,105,2 + 1,1,3 Katlı,2. Kat,40 Yaşında,Kombi,Eşyalı Değil,Boş,Kat Mülkiyeti,"Doğu, Batı",2.000 TL,https://www.hepsiemlak.com/istanbul-uskudar-kuzguncuk-satilik/daire/10656-1310
43490-142,Boyalık,Arnavutköy,İstanbul,40.000.000 TL,450,425,4 + 1,4,2 Katlı,,Sıfır Bina,Kombi,Eşyalı,Boş,Kat İrtifakı,"Kuzey, Güney, Doğu, Batı",2.000 TL,https://www.hepsiemlak.com/istanbul-arnavutkoy-boyalik-satilik/villa/43490-142
1361-17620,Gümüşsuyu,Beyoğlu,İstanbul,24.800.000 TL,160,145,3 + 1,1,6 Katlı,1. Kat,50 Yaşında,Merkezi,Eşyalı Değil,Kiracılı,Kat Mülkiyeti,,4.000 TL,https://www.hepsiemlak.com/istanbul-beyoglu-gumussuyu-satilik/daire/1361-17620
169030-32,Akşemsettin,Eyüpsultan,İstanbul,6.100.000 TL,115,110,3 + 1,1,5 Katlı,5. Kat,21 Yaşında,Kombi,Eşyalı Değil,Mülk Sahibi,Kat Mülkiyeti,"Kuzey, Güney, Doğu",,https://www.hepsiemlak.com/istanbul-eyupsultan-aksemsettin-satilik/daire/169030-32
96848-3136,Bahçelievler,Bahçelievler,İstanbul,7.800.000 TL,75,70,2 + 1,1,3 Katlı,6. Kat,Sıfır Bina,Kombi,Eşyalı Değil,Boş,Yabancıdan,"Kuzey, Güney",,https://www.hepsiemlak.com/istanbul-bahcelievler-bahcelievler-satilik/daire/96848-3136
61811-2222,Yeşilova,Küçükçekmece,İstanbul,1.650.000 TL,90,75,2 + 1,1,5 Katlı,5. Kat,27 Yaşında,Kombi,Eşyalı Değil,Kiracılı,Hisseli Tapu,Güney,,https://www.hepsiemlak.com/istanbul-kucukcekmece-yesilova-satilik/daire/61811-2222
1042-2257,Ortaköy,Beşiktaş,İstanbul,6.000.000 TL,109,100,3 + 1,1,4 Katlı,Bodrum,20 Yaşında,Kombi,Eşyalı Değil,Mülk Sahibi,Kat İrtifakı,,,https://www.hepsiemlak.com/istanbul-besiktas-ortakoy-satilik/daire/1042-2257
3325-5696,Cevizli,Maltepe,İstanbul,9.420.000 TL,130,115,3 + 1,2,5 Katlı,3. Kat,16 Yaşında,Kombi,Eşyalı Değil,Boş,Kat Mülkiyeti,"Kuzey, Güney",,https://www.hepsiemlak.com/istanbul-maltepe-cevizli-satilik/daire/3325-5696
97262-1282,Piri Mehmet Paşa,Silivri,İstanbul,2.250.000 TL,80,75,2 + 1,1,5 Katlı,4. Kat,35 Yaşında,Kombi,Eşyalı Değil,Boş,Kat Mülkiyeti,"Doğu, Batı",,https://www.hepsiemlak.com/istanbul-silivri-piri-mehmet-pasa-satilik/daire/97262-1282
109495-2498,Doğu,Pendik,İstanbul,13.500.000 TL,110,96,3 + 1,2,8 Katlı,1. Kat,Sıfır Bina,Yerden Isıtma,Eşyalı Değil,Boş,Kat İrtifakı,"Güney, Batı",1.500 TL,https://www.hepsiemlak.com/istanbul-pendik-dogu-satilik/daire/109495-2498
73228-1124,Yenişehir,Ataşehir,İstanbul,11.000.000 TL,110,85,2 + 1,1,5 Katlı,2. Kat,21 Yaşında,Kombi,Eşyalı Değil,Boş,Kat Mülkiyeti,"Kuzey, Güney, Doğu",,https://www.hepsiemlak.com/istanbul-atasehir-yenisehir-satilik/daire/73228-1124
105196-349,Bostancı,Kadıköy,İstanbul,20.750.000 TL,78,67,2 + 1,1,7 Katlı,2. Kat,Sıfır Bina,Kombi,Eşyalı Değil,Boş,Kat İrtifakı,"Güney, Doğu",,https://www.hepsiemlak.com/istanbul-kadikoy-bostanci-satilik/daire/105196-349
104087-4104,Fikirtepe,Kadıköy,İstanbul,19.500.000 TL,203,176,3 + 1,2,23 Katlı,1. Kat,5 Yaşında,Yerden Isıtma,Eşyalı,Boş,Kat Mülkiyeti,Batı,6.000 TL,https://www.hepsiemlak.com/istanbul-kadikoy-fikirtepe-satilik/daire/104087-4104
4753-17753,Şenlikköy,Bakırköy,İstanbul,44.000.000 TL,210,195,4 + 1,2,3 Katlı,Ara Kat,10 Yaşında,Kombi,Eşyalı Değil,Kiracılı,Kat Mülkiyeti,"Güney, Doğu, Batı",,https://www.hepsiemlak.com/istanbul-bakirkoy-senlikkoy-satilik/daire/4753-17753
7218-1958,Sahrayı Cedit,Kadıköy,İstanbul,11.500.000 TL,135,105,3 + 1,1,13 Katlı,1. Kat,33 Yaşında,Merkezi (Pay Öl...,Eşyalı Değil,Mülk Sahibi,Kat Mülkiyeti,"Kuzey, Güney, Doğu, Batı",1.750 TL,https://www.hepsiemlak.com/istanbul-kadikoy-sahrayi-cedit-satilik/daire/7218-1958
81450-282,Cennet,Küçükçekmece,İstanbul,7.150.000 TL,75,70,2 + 1,1,4 Katlı,1. Kat,6 Yaşında,Kombi,Eşyalı Değil,Mülk Sahibi,Kat Mülkiyeti,Güney,,https://www.hepsiemlak.com/istanbul-kucukcekmece-cennet-satilik/daire/81450-282
27600-3631,Atatürk,Büyükçekmece,İstanbul,3.000.000 TL,100,70,2 + 1,1,4 Katlı,4. Kat,26 Yaşında,Kombi,Eşyalı Değil,Boş,Kat Mülkiyeti,"Kuzey, Güney, Doğu",200 TL,https://www.hepsiemlak.com/istanbul-buyukcekmece-ataturk-satilik/daire/27600-3631
87449-4047,Göztepe,Kadıköy,İstanbul,19.450.000 TL,100,75,3 + 1,1,7 Katlı,Yüksek Giriş,11 Yaşında,Kombi,Eşyalı Değil,Boş,Yabancıdan,Güney,,https://www.hepsiemlak.com/istanbul-kadikoy-goztepe-satilik/daire/87449-4047
34400-5282,Kozyatağı,Kadıköy,İstanbul,12.800.000 TL,135,104,3 + 1,2,6 Katlı,4. Kat,31 Yaşında,Merkezi (Pay Öl...,Eşyalı Değil,Kiracılı,Kat Mülkiyeti,"Güney, Doğu, Batı",,https://www.hepsiemlak.com/istanbul-kadikoy-kozyatagi-satilik/daire/34400-5282
1088-1879,Gümüşsuyu,Beyoğlu,İstanbul,4.200.000 TL,65,50,1 + 1,1,4 Katlı,4. Kat,38 Yaşında,Kombi,Eşyalı Değil,Boş,Kat İrtifakı,,,https://www.hepsiemlak.com/istanbul-beyoglu-gumussuyu-satilik/daire/1088-1879
85696-520,Sinanoba,Büyükçekmece,İstanbul,10.000.000 TL,135,120,2 + 1,2,5 Katlı,2. Kat,11 Yaşında,Kat Kaloriferi,Eşyalı Değil,Kiracılı,Kat Mülkiyeti,"Güney, Doğu, Batı",2.500 TL,https://www.hepsiemlak.com/istanbul-buyukcekmece-sinanoba-satilik/daire/85696-520
4722-586,Konaklar,Beşiktaş,İstanbul,26.000.000 TL,150,135,3 + 1,2,5 Katlı,4. Kat,26 Yaşında,Merkezi,Eşyalı Değil,Mülk Sahibi,Kat Mülkiyeti,"Güney, Doğu",5.500 TL,https://www.hepsiemlak.com/istanbul-besiktas-konaklar-satilik/daire/4722-586
123077-730,Nisbetiye,Beşiktaş,İstanbul,19.250.000 TL,120,110,2 + 1,1,3 Katlı,Bahçe Katı,31 Yaşında,Merkezi,,Mülk Sahibi,Kat Mülkiyeti,Batı,1.500 TL,https://www.hepsiemlak.com/istanbul-besiktas-nisbetiye-satilik/daire/123077-730
122353-574,Bağlar,Bağcılar,İstanbul,8.000.000 TL,102,62,2 + 1,1,18 Katlı,17. Kat,6 Yaşında,Merkezi (Pay Öl...,Eşyalı Değil,Boş,Yabancıdan,"Güney, Doğu",7.259 TL,https://www.hepsiemlak.com/istanbul-bagcilar-baglar-satilik/daire/122353-574
9979-1455,Halide Edip Adıvar,Şişli,İstanbul,15.000.000 TL,180,160,4 + 1,2,4 Katlı,4. Kat,12 Yaşında,Kombi,Eşyalı Değil,Kiracılı,Kat İrtifakı,"Doğu, Batı",,https://www.hepsiemlak.com/istanbul-sisli-halide-edip-adivar-satilik/daire/9979-1455
80027-1344,Dikilitaş,Beşiktaş,İstanbul,5.750.000 TL,80,70,2 + 1,1,6 Katlı,Bahçe Katı,20 Yaşında,Kombi,Eşyalı Değil,Boş,Kat Mülkiyeti,,100 TL,https://www.hepsiemlak.com/istanbul-besiktas-dikilitas-satilik/daire/80027-1344
169279-20,Hamidiye,Çekmeköy,İstanbul,6.250.000 TL,80,70,2 + 1,1,3 Katlı,Yüksek Giriş,11 Yaşında,Kombi,Eşyalı Değil,Kiracılı,Kat Mülkiyeti,"Güney, Doğu",,https://www.hepsiemlak.com/istanbul-cekmekoy-hamidiye-satilik/daire/169279-20
0-46929176,Alemdağ,Çekmeköy,İstanbul,4.490.000 TL,90,70,2 + 1,2,6 Katlı,Giriş Katı,1 Yaşında,Kombi,Eşyalı Değil,Boş,Kat Mülkiyeti,Güney,500 TL,https://www.hepsiemlak.com/istanbul-cekmekoy-alemdag-satilik/daire/0-46929176
169517-43,Anadolu,Arnavutköy,İstanbul,3.150.000 TL,110,95,2 + 1,1,5 Katlı,Bodrum,11 Yaşında,Kombi,Eşyalı Değil,Mülk Sahibi,Kat Mülkiyeti,"Kuzey, Güney",,https://www.hepsiemlak.com/istanbul-arnavutkoy-anadolu-satilik/daire/169517-43
162049-51,Kireçburnu,Sarıyer,İstanbul,15.000.000 TL,160,145,3 + 0,2,5 Katlı,Çatı Katı,29 Yaşında,Kombi,Eşyalı Değil,Boş,Hisseli Tapu,"Kuzey, Güney, Batı",10 TL,https://www.hepsiemlak.com/istanbul-sariyer-kirecburnu-satilik/daire/162049-51
169653-19,Bağlarbaşı,Maltepe,İstanbul,11.000.000 TL,104,90,3 + 1,1,6 Katlı,4. Kat,Sıfır Bina,Merkezi (Pay Öl...,Eşyalı Değil,Boş,Kat İrtifakı,Güney,,https://www.hepsiemlak.com/istanbul-maltepe-baglarbasi-satilik/daire/169653-19
132421-46,Kurtköy,Pendik,İstanbul,4.900.000 TL,50,40,1 + 1,1,8 Katlı,6. Kat,6 Yaşında,Kombi,Eşyalı Değil,Boş,Kat Mülkiyeti,Güney,600 TL,https://www.hepsiemlak.com/istanbul-pendik-kurtkoy-satilik/daire/132421-46
168590-5,Üçevler,Esenyurt,İstanbul,2.599.000 TL,72,60,1 + 1,1,13 Katlı,11. Kat,6 Yaşında,Merkezi (Pay Öl...,Eşyalı Değil,Boş,Yabancıdan,"Güney, Batı",2.550 TL,https://www.hepsiemlak.com/istanbul-esenyurt-ucevler-satilik/daire/168590-5
125915-367,Rami Cuma,Eyüpsultan,İstanbul,6.850.000 TL,120,100,3 + 1,1,3 Katlı,1. Kat,21 Yaşında,Kombi,Eşyalı Değil,Mülk Sahibi,Kat İrtifakı,"Güney, Batı",,https://www.hepsiemlak.com/istanbul-eyupsultan-rami-cuma-satilik/daire/125915-367
33052-1022,Cennet,Küçükçekmece,İstanbul,12.100.000 TL,120,110,3 + 1,1,5 Katlı,5. Kat,15 Yaşında,Kombi,Eşyalı Değil,Mülk Sahibi,Kat Mülkiyeti,"Kuzey, Güney, Batı",,https://www.hepsiemlak.com/istanbul-kucukcekmece-cennet-satilik/daire/33052-1022
3453-5360,Uğur Mumcu,Kartal,İstanbul,11.850.000 TL,110,85,2 + 1,1,11 Katlı,4. Kat,Sıfır Bina,Merkezi (Pay Öl...,Eşyalı Değil,Boş,Kat Mülkiyeti,"Kuzey, Güney, Batı",1.000 TL,https://www.hepsiemlak.com/istanbul-kartal-ugur-mumcu-satilik/daire/3453-5360
96953-296,Maden,Adalar,İstanbul,35.000.000 TL,300,255,6 + 3,3,3 Katlı,,74 Yaşında,Isıtma Yok,Eşyalı Değil,Boş,Müstakil Tapulu,"Kuzey, Güney, Doğu, Batı",,https://www.hepsiemlak.com/istanbul-adalar-maden-satilik/mustakil-ev/96953-296
124165-1267,Dumlupınar,Kadıköy,İstanbul,8.250.000 TL,69,45,1 + 1,1,23 Katlı,10. Kat,5 Yaşında,Merkezi (Pay Öl...,Eşyalı Değil,Boş,Kat Mülkiyeti,Doğu,5.800 TL,https://www.hepsiemlak.com/istanbul-kadikoy-dumlupinar-satilik/daire/124165-1267
74556-3755,Emirgan,Sarıyer,İstanbul,135.000.000 TL,410,250,4 + 1,3,2 Katlı,2. Kat,11 Yaşında,Kombi,Eşyalı Değil,Mülk Sahibi,Kat İrtifakı,"Kuzey, Güney, Doğu, Batı",45.000 TL,https://www.hepsiemlak.com/istanbul-sariyer-emirgan-satilik/daire/74556-3755
83415-2465,15 Temmuz,Esenler,İstanbul,10.000.000 TL,115,85,3 + 1,2,6 Katlı,3. Kat,Sıfır Bina,Merkezi (Pay Öl...,Eşyalı Değil,Boş,Yabancıdan,Batı,,https://www.hepsiemlak.com/istanbul-esenler-15-temmuz-satilik/daire/83415-2465
67619-2578,Cumhuriyet,Bahçelievler,İstanbul,6.900.000 TL,160,140,5 + 1,2,4 Katlı,4. Kat,21 Yaşında,Kombi,Eşyalı Değil,Kiracılı,Kat İrtifakı,Güney,,https://www.hepsiemlak.com/istanbul-bahcelievler-cumhuriyet-satilik/daire/67619-2578
111551-2161,Siyavuşpaşa,Bahçelievler,İstanbul,14.250.000 TL,165,150,3 + 1,1,5 Katlı,5. Kat,3 Yaşında,Kombi,Eşyalı Değil,Mülk Sahibi,Kat Mülkiyeti,Güney,,https://www.hepsiemlak.com/istanbul-bahcelievler-siyavuspasa-satilik/daire/111551-2161
129391-496,Yeşilkent,Esenyurt,İstanbul,3.380.000 TL,110,95,2 + 1,1,3 Katlı,3. Kat,5 Yaşında,Kombi,Eşyalı Değil,Kiracılı,Kat Mülkiyeti,"Güney, Doğu, Batı",,https://www.hepsiemlak.com/istanbul-esenyurt-yesilkent-satilik/daire/129391-496
143026-229,Kazım Karabekir,Esenler,İstanbul,6.850.000 TL,90,85,2 + 1,1,5 Katlı,1. Kat,6 Yaşında,Kombi,Eşyalı Değil,Mülk Sahibi,Kat İrtifakı,,200 TL,https://www.hepsiemlak.com/istanbul-esenler-kazim-karabekir-satilik/daire/143026-229
159553-57,Şeyhli,Pendik,İstanbul,6.000.000 TL,84,80,2 + 1,1,8 Katlı,Ara Kat,25 Yaşında,Merkezi,Eşyalı Değil,Kiracılı,Kat Mülkiyeti,,1.750 TL,https://www.hepsiemlak.com/istanbul-pendik-seyhli-satilik/daire/159553-57
42477-569,Çamlık,Ümraniye,İstanbul,17.900.000 TL,160,140,3 + 1,2,7 Katlı,1. Kat,15 Yaşında,Kombi,Eşyalı Değil,Mülk Sahibi,Kat Mülkiyeti,"Kuzey, Güney, Doğu, Batı",2.000 TL,https://www.hepsiemlak.com/istanbul-umraniye-camlik-satilik/daire/42477-569
135516-657,İnönü,Esenyurt,İstanbul,2.750.000 TL,100,90,2 + 1,1,6 Katlı,1. Kat,6 Yaşında,Kombi,Eşyalı Değil,Kiracılı,Kat İrtifakı,Güney,150 TL,https://www.hepsiemlak.com/istanbul-esenyurt-inonu-satilik/daire/135516-657
168661-1,Cumhuriyet,Esenyurt,İstanbul,1.550.000 TL,45,35,1 + 0,1,9 Katlı,9. Kat,6 Yaşında,Merkezi (Pay Öl...,Eşyalı,Kiracılı,Kat İrtifakı,Güney,2.400 TL,https://www.hepsiemlak.com/istanbul-esenyurt-cumhuriyet-satilik/daire/168661-1
91887-4915,Siyavuşpaşa,Bahçelievler,İstanbul,5.250.000 TL,115,100,3 + 1,1,5 Katlı,1. Kat,31 Yaşında,Kombi,Eşyalı Değil,Mülk Sahibi,Kat İrtifakı,Güney,250 TL,https://www.hepsiemlak.com/istanbul-bahcelievler-siyavuspasa-satilik/daire/91887-4915
6056-14171,Siyavuşpaşa,Bahçelievler,İstanbul,3.750.000 TL,90,75,2 + 1,1,5 Katlı,1. Kat,35 Yaşında,Kombi,Eşyalı Değil,Kiracılı,Kat Mülkiyeti,"Güney, Batı",,https://www.hepsiemlak.com/istanbul-bahcelievler-siyavuspasa-satilik/daire/6056-14171
52391-781,Emniyettepe,Eyüpsultan,İstanbul,5.500.000 TL,105,90,2 + 1,2,6 Katlı,Kot 1,15 Yaşında,Kombi,Eşyalı Değil,Boş,Kat Mülkiyeti,Güney,,https://www.hepsiemlak.com/istanbul-eyupsultan-emniyettepe-satilik/daire/52391-781
33886-3187,Nenehatun,Arnavutköy,İstanbul,5.250.000 TL,105,95,3 + 1,1,4 Katlı,2. Kat,Sıfır Bina,Kombi,Eşyalı Değil,Boş,Kat İrtifakı,,,https://www.hepsiemlak.com/istanbul-arnavutkoy-nenehatun-satilik/daire/33886-3187
73657-1605,Feyzullah,Maltepe,İstanbul,14.250.000 TL,125,110,3 + 1,2,6 Katlı,1. Kat,6 Yaşında,Kombi,Eşyalı Değil,Mülk Sahibi,Kat Mülkiyeti,"Güney, Doğu, Batı",,https://www.hepsiemlak.com/istanbul-maltepe-feyzullah-satilik/daire/73657-1605
101063-1044,Yakuplu,Beylikdüzü,İstanbul,2.450.000 TL,60,55,1 + 1,1,3 Katlı,Bahçe Katı,Sıfır Bina,Kombi,Eşyalı Değil,Boş,Kat İrtifakı,,,https://www.hepsiemlak.com/istanbul-beylikduzu-yakuplu-satilik/daire/101063-1044
8496-4793,Teşvikiye,Şişli,İstanbul,40.120.000 TL,115,100,2 + 1,1,7 Katlı,2. Kat,Sıfır Bina,Kombi,Eşyalı Değil,Mülk Sahibi,Kat Mülkiyeti,"Doğu, Batı",2.520 TL,https://www.hepsiemlak.com/istanbul-sisli-tesvikiye-satilik/daire/8496-4793
142265-411,Örnek,Esenyurt,İstanbul,2.999.000 TL,120,100,2 + 1,1,5 Katlı,Ara Kat,Sıfır Bina,Kombi,Eşyalı Değil,Boş,Kat Mülkiyeti,Güney,,https://www.hepsiemlak.com/istanbul-esenyurt-ornek-satilik/daire/142265-411
135253-899,Bostancı,Kadıköy,İstanbul,24.750.000 TL,150,110,3 + 1,2,9 Katlı,3. Kat,6 Yaşında,Kombi,Eşyalı Değil,Boş,Yabancıdan,"Güney, Doğu, Batı",,https://www.hepsiemlak.com/istanbul-kadikoy-bostanci-satilik/daire/135253-899
2150-4626,Altıntepe,Maltepe,İstanbul,13.750.000 TL,150,130,3 + 1,2,4 Katlı,4. Kat,Sıfır Bina,Merkezi (Pay Öl...,Eşyalı Değil,Boş,Kat Mülkiyeti,"Güney, Batı",,https://www.hepsiemlak.com/istanbul-maltepe-altintepe-satilik/daire/2150-4626
54895-1104,Nizam,Adalar,İstanbul,35.000.000 TL,198,161,4 + 1,3,3 Katlı,Bahçe Katı,Sıfır Bina,Kombi,Eşyalı Değil,Boş,Kat İrtifakı,"Kuzey, Güney, Doğu, Batı",10.000 TL,https://www.hepsiemlak.com/istanbul-adalar-nizam-satilik/daire/54895-1104
152568-23,Sazlıbosna,Arnavutköy,İstanbul,2.400.000 TL,110,90,3 + 1,1,5 Katlı,Yüksek Giriş,Sıfır Bina,Merkezi (Pay Öl...,Eşyalı Değil,Boş,Tapu Yok,"Güney, Doğu",,https://www.hepsiemlak.com/istanbul-arnavutkoy-sazlibosna-satilik/daire/152568-23
129202-1078,Mehmet Akif Ersoy,Esenyurt,İstanbul,2.525.000 TL,55,50,1 + 1,1,9 Katlı,4. Kat,4 Yaşında,Kombi,Eşyalı Değil,Kiracılı,Kat İrtifakı,Güney,2.000 TL,https://www.hepsiemlak.com/istanbul-esenyurt-mehmet-akif-ersoy-satilik/daire/129202-1078
66881-975,Merkez,Avcılar,İstanbul,5.650.000 TL,120,110,2 + 1,1,3 Katlı,3. Kat,6 Yaşında,Kombi,Eşyalı Değil,Mülk Sahibi,Kat Mülkiyeti,"Güney, Doğu, Batı",300 TL,https://www.hepsiemlak.com/istanbul-avcilar-merkez-satilik/daire/66881-975
27359-1676,Caferağa,Kadıköy,İstanbul,17.000.000 TL,150,119,4 + 1,3,4 Katlı,3. Kat,40 Yaşında,Kombi,Eşyalı Değil,Kiracılı,Kat Mülkiyeti,"Güney, Doğu, Batı",,https://www.hepsiemlak.com/istanbul-kadikoy-caferaga-satilik/daire/27359-1676
32083-6863,Meclis,Sancaktepe,İstanbul,9.900.000 TL,160,120,3 + 1,1,4 Katlı,1. Kat,11 Yaşında,Kombi,Eşyalı Değil,Mülk Sahibi,Kat Mülkiyeti,"Güney, Doğu",1.200 TL,https://www.hepsiemlak.com/istanbul-sancaktepe-meclis-satilik/daire/32083-6863
1006-19636,Feneryolu,Kadıköy,İstanbul,21.000.000 TL,127,93,3 + 1,1,9 Katlı,4. Kat,16 Yaşında,Kombi,Eşyalı Değil,Boş,Kat Mülkiyeti,Güney,,https://www.hepsiemlak.com/istanbul-kadikoy-feneryolu-satilik/daire/1006-19636
1217-6595,Türkali,Beşiktaş,İstanbul,25.000.000 TL,145,120,3 + 1,2,6 Katlı,5. Kat,2 Yaşında,Kombi,Eşyalı Değil,Kiracılı,Kat Mülkiyeti,"Kuzey, Doğu",,https://www.hepsiemlak.com/istanbul-besiktas-turkali-satilik/daire/1217-6595
9083-5061,Atatürk,Büyükçekmece,İstanbul,5.500.000 TL,80,70,2 + 1,1,4 Katlı,1. Kat,Sıfır Bina,Kombi,Eşyalı Değil,Boş,Kat İrtifakı,Güney,300 TL,https://www.hepsiemlak.com/istanbul-buyukcekmece-ataturk-satilik/daire/9083-5061
151853-453,Yeşilova,Küçükçekmece,İstanbul,6.500.000 TL,80,70,2 + 1,1,4 Katlı,Yüksek Giriş,Sıfır Bina,Kombi,Eşyalı Değil,Boş,Kat Mülkiyeti,"Kuzey, Güney",,https://www.hepsiemlak.com/istanbul-kucukcekmece-yesilova-satilik/daire/151853-453
42096-5827,Suadiye,Kadıköy,İstanbul,41.950.000 TL,145,110,3 + 1,2,11 Katlı,9. Kat,Sıfır Bina,Merkezi (Pay Öl...,Eşyalı Değil,Boş,Kat Mülkiyeti,"Güney, Batı",,https://www.hepsiemlak.com/istanbul-kadikoy-suadiye-satilik/daire/42096-5827
140643-643,Yeşilova,Küçükçekmece,İstanbul,3.150.000 TL,120,110,2 + 1,1,5 Katlı,5. Kat,26 Yaşında,Kombi,Eşyalı Değil,Mülk Sahibi,Hisseli Tapu,"Güney, Doğu",250 TL,https://www.hepsiemlak.com/istanbul-kucukcekmece-yesilova-satilik/daire/140643-643
169481-2,Kavakpınar,Pendik,İstanbul,2.230.000 TL,85,80,2 + 1,1,4 Katlı,3. Kat,26 Yaşında,Kombi,Eşyalı Değil,Boş,Arsa,Güney,,https://www.hepsiemlak.com/istanbul-pendik-kavakpinar-satilik/daire/169481-2
4245-11231,Reşitpaşa,Sarıyer,İstanbul,42.000.000 TL,140,115,1 + 1,1,5 Katlı,Kot 1,6 Yaşında,Merkezi (Pay Öl...,Eşyalı Değil,Mülk Sahibi,Kat Mülkiyeti,,,https://www.hepsiemlak.com/istanbul-sariyer-resitpasa-satilik/daire/4245-11231
27029-235,Battalgazi,Sultanbeyli,İstanbul,6.800.000 TL,140,125,3 + 2,2,5 Katlı,5. Kat,Sıfır Bina,Kombi,Eşyalı Değil,Boş,Kat İrtifakı,,,https://www.hepsiemlak.com/istanbul-sultanbeyli-battalgazi-satilik/daire/27029-235
0-46954272,Denizköşkler,Avcılar,İstanbul,6.850.000 TL,117,88,2 + 1,1,5 Katlı,2. Kat,Sıfır Bina,Kombi,Eşyalı Değil,,Kat İrtifakı,,,https://www.hepsiemlak.com/istanbul-avcilar-denizkoskler-satilik/daire/0-46954272
2848-2274,Atatürk,Ataşehir,İstanbul,28.500.000 TL,170,157,4 + 1,2,8 Katlı,2. Kat,26 Yaşında,Merkezi (Pay Öl...,Eşyalı Değil,Mülk Sahibi,Kat Mülkiyeti,"Kuzey, Doğu, Batı",,https://www.hepsiemlak.com/istanbul-atasehir-ataturk-satilik/daire/2848-2274
49897-222,Rami Cuma,Eyüpsultan,İstanbul,7.800.000 TL,135,120,3 + 1,1,5 Katlı,1. Kat,16 Yaşında,Kombi,Eşyalı Değil,Mülk Sahibi,Kat Mülkiyeti,"Güney, Batı",100 TL,https://www.hepsiemlak.com/istanbul-eyupsultan-rami-cuma-satilik/daire/49897-222
58790-506,Küçükyalı,Maltepe,İstanbul,7.100.000 TL,55,50,1 + 1,1,4 Katlı,1. Kat,Sıfır Bina,Yerden Isıtma,Eşyalı Değil,Boş,Tapu Yok,Güney,500 TL,https://www.hepsiemlak.com/istanbul-maltepe-kucukyali-satilik/daire/58790-506
33409-708,Göztepe,Kadıköy,İstanbul,17.500.000 TL,80,65,2 + 1,1,8 Katlı,5. Kat,Sıfır Bina,Kombi,Eşyalı Değil,Boş,Kat İrtifakı,"Kuzey, Doğu",1.500 TL,https://www.hepsiemlak.com/istanbul-kadikoy-goztepe-satilik/daire/33409-708
108186-42,Gümüşyaka,Silivri,İstanbul,5.500.000 TL,105,90,2 + 1,1,3 Katlı,2. Kat,Sıfır Bina,Kombi,Eşyalı Değil,Boş,Kat Mülkiyeti,"Kuzey, Batı",600 TL,https://www.hepsiemlak.com/istanbul-silivri-gumusyaka-satilik/daire/108186-42
2954-1899,Piri Reis,Esenyurt,İstanbul,3.650.000 TL,110,90,2 + 1,1,12 Katlı,12. Kat,8 Yaşında,Kombi,Eşyalı Değil,Boş,Kat Mülkiyeti,"Güney, Batı",2.350 TL,https://www.hepsiemlak.com/istanbul-esenyurt-piri-reis-satilik/daire/2954-1899
168282-1,Atatürk,Küçükçekmece,İstanbul,6.250.000 TL,60,48,1 + 1,1,24 Katlı,8. Kat,7 Yaşında,Merkezi (Pay Öl...,Eşyalı,,Kat Mülkiyeti,Güney,,https://www.hepsiemlak.com/istanbul-kucukcekmece-ataturk-satilik/daire/168282-1
25299-9855,Çobançeşme,Bahçelievler,İstanbul,7.500.000 TL,90,85,2 + 1,1,3 Katlı,1. Kat,Sıfır Bina,Kombi,Eşyalı Değil,Boş,Kat Mülkiyeti,Güney,,https://www.hepsiemlak.com/istanbul-bahcelievler-cobancesme-satilik/daire/25299-9855
65187-4407,15 Temmuz,Esenler,İstanbul,14.000.000 TL,110,88,3 + 1,3,5 Katlı,4. Kat,Sıfır Bina,Kombi,Eşyalı Değil,Boş,Kat Mülkiyeti,"Doğu, Batı",,https://www.hepsiemlak.com/istanbul-esenler-15-temmuz-satilik/daire/65187-4407
3433-10194,Bostancı,Kadıköy,İstanbul,17.900.000 TL,115,88,3 + 1,2,13 Katlı,1. Kat,Sıfır Bina,Yerden Isıtma,,Boş,Kat İrtifakı,"Güney, Batı",,https://www.hepsiemlak.com/istanbul-kadikoy-bostanci-satilik/daire/3433-10194
2791-7487,Murat Çeşme,Büyükçekmece,İstanbul,6.300.000 TL,140,130,4 + 2,2,4 Katlı,4. Kat,12 Yaşında,Kat Kaloriferi,Eşyalı Değil,Boş,Kat Mülkiyeti,"Güney, Doğu, Batı",250 TL,https://www.hepsiemlak.com/istanbul-buyukcekmece-murat-cesme-satilik/daire/2791-7487
62469-512,İçerenköy,Ataşehir,İstanbul,7.250.000 TL,85,80,2 + 1,,7 Katlı,5. Kat,28 Yaşında,Kombi,Eşyalı Değil,Mülk Sahibi,Kat Mülkiyeti,Güney,500 TL,https://www.hepsiemlak.com/istanbul-atasehir-icerenkoy-satilik/daire/62469-512
104770-7299,Cumhuriyet,Esenyurt,İstanbul,1.340.000 TL,125,110,2 + 1,1,7 Katlı,Bahçe Katı,3 Yaşında,Kombi,Eşyalı Değil,Boş,Kat Mülkiyeti,,,https://www.hepsiemlak.com/istanbul-esenyurt-cumhuriyet-satilik/daire/104770-7299
77582-2351,Hasanpaşa,Kadıköy,İstanbul,5.250.000 TL,70,60,2 + 1,1,2 Katlı,Bahçe Katı,31 Yaşında,Kombi,Eşyalı Değil,Kiracılı,Kat İrtifakı,,750 TL,https://www.hepsiemlak.com/istanbul-kadikoy-hasanpasa-satilik/daire/77582-2351
7203-2180,Yalı,Maltepe,İstanbul,14.250.000 TL,170,150,3 + 1,2,8 Katlı,2. Kat,30 Yaşında,Merkezi (Pay Öl...,Eşyalı Değil,Mülk Sahibi,Kat İrtifakı,"Kuzey, Güney, Doğu",2.750 TL,https://www.hepsiemlak.com/istanbul-maltepe-yali-satilik/daire/7203-2180
14722-1461,İdealtepe,Maltepe,İstanbul,13.000.000 TL,135,125,3 + 1,1,4 Katlı,1. Kat,26 Yaşında,Merkezi,Eşyalı Değil,Kiracılı,Kat İrtifakı,"Kuzey, Doğu",2.600 TL,https://www.hepsiemlak.com/istanbul-maltepe-idealtepe-satilik/daire/14722-1461
123806-238,Hürriyet,Gaziosmanpaşa,İstanbul,4.500.000 TL,85,75,2 + 1,1,5 Katlı,1. Kat,30 Yaşında,Kombi,Eşyalı Değil,,Kat İrtifakı,Batı,500 TL,https://www.hepsiemlak.com/istanbul-gaziosmanpasa-hurriyet-satilik/daire/123806-238
45254-4099,Rasimpaşa,Kadıköy,İstanbul,3.850.000 TL,45,40,1 + 1,1,2 Katlı,1. Kat,44 Yaşında,Soba,Eşyalı Değil,Kiracılı,Kat İrtifakı,"Güney, Doğu, Batı",10 TL,https://www.hepsiemlak.com/istanbul-kadikoy-rasimpasa-satilik/daire/45254-4099
63901-2370,Arnavutköy,Beşiktaş,İstanbul,24.000.000 TL,140,128,3 + 1,1,4 Katlı,2. Kat,35 Yaşında,Merkezi,Eşyalı Değil,Boş,Kat Mülkiyeti,Güney,,https://www.hepsiemlak.com/istanbul-besiktas-arnavutkoy-satilik/daire/63901-2370
128340-581,Küçükyalı,Maltepe,İstanbul,13.300.000 TL,150,115,3 + 1,1,6 Katlı,3. Kat,12 Yaşında,Merkezi,Eşyalı Değil,Mülk Sahibi,Kat Mülkiyeti,Doğu,1.000 TL,https://www.hepsiemlak.com/istanbul-maltepe-kucukyali-satilik/daire/128340-581
13108-1612,Arnavutköy,Beşiktaş,İstanbul,105.000.000 TL,500,450,6 + 2,3,4 Katlı,,60 Yaşında,Kombi,Eşyalı,Boş,Kat Mülkiyeti,Doğu,,https://www.hepsiemlak.com/istanbul-besiktas-arnavutkoy-satilik/mustakil-ev/13108-1612
169904-67,İsmetpaşa,Sultangazi,İstanbul,7.500.000 TL,130,125,3 + 1,1,5 Katlı,1. Kat,Sıfır Bina,Kombi,Eşyalı Değil,Boş,Yabancıdan,,,https://www.hepsiemlak.com/istanbul-sultangazi-ismetpasa-satilik/daire/169904-67
692590-413,Altayçeşme,Maltepe,İstanbul,12.750.000 TL,90,75,2 + 1,1,12 Katlı,9. Kat,6 Yaşında,Merkezi (Pay Öl...,Eşyalı Değil,Boş,Kat İrtifakı,Güney,5.150 TL,https://www.hepsiemlak.com/istanbul-maltepe-altaycesme-satilik/daire/692590-413
168515-173,İnönü,Esenyurt,İstanbul,2.290.000 TL,100,90,2 + 1,1,5 Katlı,Bahçe Katı,11 Yaşında,Kombi,Eşyalı Değil,Kiracılı,Kat Mülkiyeti,Güney,,https://www.hepsiemlak.com/istanbul-esenyurt-inonu-satilik/daire/168515-173
145847-368,Koca Mustafapaşa,Fatih,İstanbul,6.000.000 TL,55,42,1 + 1,3,2 Katlı,,45 Yaşında,Isıtma Yok,Eşyalı Değil,Kiracılı,Müstakil Tapulu,"Kuzey, Güney",,https://www.hepsiemlak.com/istanbul-fatih-koca-mustafapasa-satilik/bina/145847-368
126649-40,Mimar Sinan,Tuzla,İstanbul,5.300.000 TL,92,84,2 + 1,1,4 Katlı,2. Kat,Sıfır Bina,Kombi,Eşyalı Değil,Boş,Kat Mülkiyeti,"Güney, Doğu",,https://www.hepsiemlak.com/istanbul-tuzla-mimar-sinan-satilik/daire/126649-40
162949-559,Kavaklı İstiklal,Silivri,İstanbul,19.999.999 TL,280,180,3 + 1,4,2 Katlı,,Sıfır Bina,Yerden Isıtma,Eşyalı Değil,Boş,Kat Mülkiyeti,Güney,1 TL,https://www.hepsiemlak.com/istanbul-silivri-kavakli-istiklal-satilik/villa/162949-559
168570-94,Kemal Türkler,Sancaktepe,İstanbul,5.995.000 TL,90,80,2 + 1,1,4 Katlı,2. Kat,Sıfır Bina,Kombi,Eşyalı Değil,Boş,Kat Mülkiyeti,"Kuzey, Güney, Doğu, Batı",,https://www.hepsiemlak.com/istanbul-sancaktepe-kemal-turkler-satilik/daire/168570-94
92941-5913,Bahçeşehir 2. Kısım,Başakşehir,İstanbul,21.000.000 TL,360,330,5 + 2,4,4 Katlı,,25 Yaşında,Kombi,Eşyalı Değil,Boş,Kat Mülkiyeti,"Güney, Doğu, Batı",,https://www.hepsiemlak.com/istanbul-basaksehir-bahcesehir-2-kisim-satilik/villa/92941-5913
66507-4181,Çırçır,Eyüpsultan,İstanbul,13.500.000 TL,140,120,3 + 1,2,11 Katlı,11. Kat,Sıfır Bina,Merkezi (Pay Öl...,Eşyalı Değil,Boş,Kat Mülkiyeti,Güney,,https://www.hepsiemlak.com/istanbul-eyupsultan-circir-satilik/daire/66507-4181
168100-21,Burhaniye,Üsküdar,İstanbul,27.500.000 TL,250,220,5 + 2,3,5 Katlı,5. Kat,Sıfır Bina,Yerden Isıtma,Eşyalı Değil,Boş,Müstakil Tapulu,"Kuzey, Güney, Batı",,https://www.hepsiemlak.com/istanbul-uskudar-burhaniye-satilik/daire/168100-21
168780-57,Gökevler,Esenyurt,İstanbul,3.450.000 TL,103,80,2 + 1,1,30 Katlı,21 ve üzeri,3 Yaşında,Kombi,Eşyalı Değil,Kiracılı,Kat İrtifakı,Güney,3.500 TL,https://www.hepsiemlak.com/istanbul-esenyurt-gokevler-satilik/residence/168780-57
73663-6036,Cennet,Küçükçekmece,İstanbul,10.500.000 TL,165,155,4 + 1,3,4 Katlı,4. Kat,8 Yaşında,Kombi,Eşyalı Değil,Mülk Sahibi,Kat Mülkiyeti,Güney,500 TL,https://www.hepsiemlak.com/istanbul-kucukcekmece-cennet-satilik/daire/73663-6036
2062-896,Eyüp Sultan,Sancaktepe,İstanbul,7.000.000 TL,90,80,2 + 1,1,3 Katlı,1. Kat,Sıfır Bina,Kombi,Eşyalı Değil,Boş,Tapu Yok,"Güney, Doğu",,https://www.hepsiemlak.com/istanbul-sancaktepe-eyup-sultan-satilik/daire/2062-896
169058-28,Merkez,Güngören,İstanbul,9.000.000 TL,119,100,3 + 1,1,5 Katlı,Ara Kat,4 Yaşında,Kombi,Eşyalı Değil,Boş,Kat Mülkiyeti,Güney,,https://www.hepsiemlak.com/istanbul-gungoren-merkez-satilik/daire/169058-28
170089-41,Menderes,Esenler,İstanbul,8.300.000 TL,110,100,3 + 1,1,4 Katlı,1. Kat,Sıfır Bina,Kombi,Eşyalı Değil,Boş,Kat Mülkiyeti,Güney,,https://www.hepsiemlak.com/istanbul-esenler-menderes-satilik/daire/170089-41
162634-572,Yunus,Kartal,İstanbul,9.250.000 TL,95,70,2 + 1,1,15 Katlı,15. Kat,6 Yaşında,Merkezi (Pay Öl...,Eşyalı Değil,Mülk Sahibi,Kat Mülkiyeti,"Güney, Doğu, Batı",,https://www.hepsiemlak.com/istanbul-kartal-yunus-satilik/daire/162634-572
136685-3724,Fatih,Sancaktepe,İstanbul,4.300.000 TL,80,60,2 + 1,1,4 Katlı,1. Kat,6 Yaşında,Kombi,Eşyalı Değil,Boş,Kat İrtifakı,,,https://www.hepsiemlak.com/istanbul-sancaktepe-fatih-satilik/daire/136685-3724
130410-36,Kumburgaz,Büyükçekmece,İstanbul,27.000.000 TL,500,300,6 + 2,5,3 Katlı,Bahçe Katı,Sıfır Bina,Yerden Isıtma,Eşyalı Değil,Boş,Kat Mülkiyeti,"Kuzey, Güney, Doğu, Batı",,https://www.hepsiemlak.com/istanbul-buyukcekmece-kumburgaz-satilik/villa/130410-36
169470-32,Cevizli,Maltepe,İstanbul,5.350.000 TL,65,52,1 + 1,1,5 Katlı,5. Kat,5 Yaşında,Kombi,Eşyalı Değil,Mülk Sahibi,Kat İrtifakı,"Kuzey, Batı",,https://www.hepsiemlak.com/istanbul-maltepe-cevizli-satilik/daire/169470-32
2137-28746,Barbaros,Ataşehir,İstanbul,11.250.000 TL,70,60,1 + 1,1,30 Katlı,3. Kat,18 Yaşında,Kombi,Eşyalı Değil,Mülk Sahibi,Kat Mülkiyeti,Güney,10.689 TL,https://www.hepsiemlak.com/istanbul-atasehir-barbaros-satilik/daire/2137-28746
141464-690,Bağlarbaşı,Maltepe,İstanbul,8.750.000 TL,150,130,3 + 1,2,10 Katlı,8. Kat,26 Yaşında,Kombi,Eşyalı Değil,Kiracılı,Kat İrtifakı,"Güney, Doğu, Batı",,https://www.hepsiemlak.com/istanbul-maltepe-baglarbasi-satilik/daire/141464-690
165769-528,Mehmet Akif,Sultanbeyli,İstanbul,12.750.000 TL,190,170,6 + 1,2,5 Katlı,5. Kat,Sıfır Bina,Kombi,Eşyalı Değil,Boş,Kat İrtifakı,,,https://www.hepsiemlak.com/istanbul-sultanbeyli-mehmet-akif-satilik/daire/165769-528
156328-361,Feyzullah,Maltepe,İstanbul,8.475.000 TL,62,51,2 + 1,1,4 Katlı,Yüksek Giriş,Sıfır Bina,Yerden Isıtma,Eşyalı Değil,Boş,Kat Mülkiyeti,"Güney, Doğu",,https://www.hepsiemlak.com/istanbul-maltepe-feyzullah-satilik/daire/156328-361
6181-24429,Kayışdağı,Ataşehir,İstanbul,5.100.000 TL,75,65,2 + 1,1,3 Katlı,Bahçe Katı,12 Yaşında,Kombi,Eşyalı Değil,Mülk Sahibi,Kat İrtifakı,"Kuzey, Güney, Doğu, Batı",500 TL,https://www.hepsiemlak.com/istanbul-atasehir-kayisdagi-satilik/daire/6181-24429
158860-445,Kartaltepe,Bakırköy,İstanbul,8.500.000 TL,90,50,2 + 1,1,5 Katlı,3. Kat,2 Yaşında,Kombi,Eşyalı Değil,Kiracılı,Kat Mülkiyeti,Güney,,https://www.hepsiemlak.com/istanbul-bakirkoy-kartaltepe-satilik/daire/158860-445
162168-81,Zafer,Bahçelievler,İstanbul,6.490.000 TL,140,120,3 + 1,2,5 Katlı,3. Kat,11 Yaşında,Kombi,Eşyalı Değil,Mülk Sahibi,Kat Mülkiyeti,"Güney, Doğu",,https://www.hepsiemlak.com/istanbul-bahcelievler-zafer-satilik/daire/162168-81
46589-3695,Zümrütevler,Maltepe,İstanbul,11.050.000 TL,140,130,3 + 1,2,5 Katlı,3. Kat,11 Yaşında,Kombi,Eşyalı Değil,Kiracılı,Kat Mülkiyeti,"Kuzey, Güney, Batı",,https://www.hepsiemlak.com/istanbul-maltepe-zumrutevler-satilik/daire/46589-3695
154076-40,Göktürk Merkez,Eyüpsultan,İstanbul,13.000.000 TL,140,130,3 + 1,2,4 Katlı,2. Kat,11 Yaşında,Kombi,Eşyalı Değil,Mülk Sahibi,Kat İrtifakı,Güney,1.000 TL,https://www.hepsiemlak.com/istanbul-eyupsultan-gokturk-merkez-satilik/daire/154076-40
155606-315,Yenişehir,Pendik,İstanbul,7.950.000 TL,108,79,2 + 1,1,9 Katlı,7. Kat,2 Yaşında,Yerden Isıtma,Eşyalı Değil,Boş,Kat İrtifakı,"Güney, Doğu",5.150 TL,https://www.hepsiemlak.com/istanbul-pendik-yenisehir-satilik/daire/155606-315
162805-142,Ekşioğlu,Çekmeköy,İstanbul,8.600.000 TL,130,115,3 + 1,2,6 Katlı,4. Kat,2 Yaşında,Kombi,Eşyalı Değil,Boş,Kat Mülkiyeti,Güney,,https://www.hepsiemlak.com/istanbul-cekmekoy-eksioglu-satilik/daire/162805-142
37889-968,Postane,Tuzla,İstanbul,28.000.000 TL,250,230,4 + 2,2,4 Katlı,Bahçe Katı,26 Yaşında,Kombi,Eşyalı Değil,Boş,Kat Mülkiyeti,Güney,4.500 TL,https://www.hepsiemlak.com/istanbul-tuzla-postane-satilik/villa/37889-968
163902-300,Atatürk,Sancaktepe,İstanbul,9.000.000 TL,130,110,3 + 1,1,5 Katlı,3. Kat,Sıfır Bina,Merkezi (Pay Öl...,Eşyalı Değil,Boş,Kat Mülkiyeti,"Güney, Doğu",,https://www.hepsiemlak.com/istanbul-sancaktepe-ataturk-satilik/daire/163902-300
103274-1610,Soğanlı,Bahçelievler,İstanbul,3.690.000 TL,65,52,1 + 1,1,4 Katlı,Bahçe Katı,2 Yaşında,Kombi,Eşyalı Değil,Boş,Kat İrtifakı,Güney,,https://www.hepsiemlak.com/istanbul-bahcelievler-soganli-satilik/daire/103274-1610
164076-152,Yunus Emre,Sancaktepe,İstanbul,5.175.000 TL,100,90,2 + 1,1,4 Katlı,2. Kat,6 Yaşında,Kombi,,Kiracılı,Kat Mülkiyeti,"Güney, Doğu",,https://www.hepsiemlak.com/istanbul-sancaktepe-yunus-emre-satilik/daire/164076-152
170291-2,Bahçelievler,Bahçelievler,İstanbul,16.500.000 TL,116,86,3 + 1,1,7 Katlı,6. Kat,11 Yaşında,Kombi,Eşyalı Değil,Kiracılı,Kat Mülkiyeti,"Kuzey, Batı",9.019 TL,https://www.hepsiemlak.com/istanbul-bahcelievler-bahcelievler-satilik/daire/170291-2
159853-14,Girne,Maltepe,İstanbul,4.999.000 TL,55,42,1 + 1,1,9 Katlı,8. Kat,5 Yaşında,Merkezi (Pay Öl...,Eşyalı Değil,Kiracılı,Kat İrtifakı,"Kuzey, Doğu",1.250 TL,https://www.hepsiemlak.com/istanbul-maltepe-girne-satilik/daire/159853-14
168865-28,Adnan Kahveci,Beylikdüzü,İstanbul,10.250.000 TL,270,230,4 + 2,3,4 Katlı,3. Kat,6 Yaşında,Kombi,Eşyalı Değil,Boş,Kat Mülkiyeti,"Güney, Doğu, Batı",500 TL,https://www.hepsiemlak.com/istanbul-beylikduzu-adnan-kahveci-satilik/daire/168865-28
157979-850,Yavuz Selim,Sultanbeyli,İstanbul,6.750.000 TL,160,130,3 + 1,2,4 Katlı,4. Kat,Sıfır Bina,Yerden Isıtma,Eşyalı Değil,Boş,Kat Mülkiyeti,"Güney, Doğu, Batı",,https://www.hepsiemlak.com/istanbul-sultanbeyli-yavuz-selim-satilik/daire/157979-850
138817-289,Yayla,Tuzla,İstanbul,7.250.000 TL,95,77,3 + 1,2,3 Katlı,1. Kat,4 Yaşında,Kombi,Eşyalı Değil,Mülk Sahibi,Kat Mülkiyeti,"Kuzey, Güney, Doğu, Batı",200 TL,https://www.hepsiemlak.com/istanbul-tuzla-yayla-satilik/daire/138817-289
145390-934,Bostancı,Kadıköy,İstanbul,21.900.000 TL,125,95,3 + 1,1,10 Katlı,6. Kat,8 Yaşında,Kombi,Eşyalı Değil,Boş,Kat Mülkiyeti,"Güney, Batı",2.000 TL,https://www.hepsiemlak.com/istanbul-kadikoy-bostanci-satilik/daire/145390-934
168778-57,Safa,Sancaktepe,İstanbul,5.185.000 TL,135,125,3 + 1,1,4 Katlı,1. Kat,6 Yaşında,Kombi,Eşyalı Değil,Mülk Sahibi,Kat Mülkiyeti,"Kuzey, Güney, Doğu, Batı",,https://www.hepsiemlak.com/istanbul-sancaktepe-safa-satilik/daire/168778-57
81240-12525,Emniyet Evleri,Kağıthane,İstanbul,12.750.000 TL,70,45,1 + 1,1,14 Katlı,9. Kat,2 Yaşında,Merkezi (Pay Öl...,Eşyalı Değil,Kiracılı,Kat Mülkiyeti,Güney,,https://www.hepsiemlak.com/istanbul-kagithane-emniyet-evleri-satilik/residence/81240-12525
1202-97244,Bebek,Beşiktaş,İstanbul,103.500.000 TL,200,180,3 + 1,2,4 Katlı,3. Kat,31 Yaşında,Kombi,Eşyalı Değil,Boş,Kat Mülkiyeti,,,https://www.hepsiemlak.com/istanbul-besiktas-bebek-satilik/daire/1202-97244
169614-43,Aydınlar,Çekmeköy,İstanbul,5.750.000 TL,100,80,2 + 1,2,6 Katlı,2. Kat,6 Yaşında,Kombi,Eşyalı Değil,Kiracılı,Kat Mülkiyeti,"Doğu, Batı",400 TL,https://www.hepsiemlak.com/istanbul-cekmekoy-aydinlar-satilik/daire/169614-43
164895-99,Kumbaba,Şile,İstanbul,12.500.000 TL,160,130,4 + 1,2,2 Katlı,Bahçe Katı,26 Yaşında,Kombi,Eşyalı Değil,Boş,Kat Mülkiyeti,"Kuzey, Güney, Doğu, Batı",,https://www.hepsiemlak.com/istanbul-sile-kumbaba-satilik/villa/164895-99
23950-682,Hürriyet,Kartal,İstanbul,8.500.000 TL,180,150,4 + 1,2,2 Katlı,2. Kat,16 Yaşında,Kombi,,Boş,Kat İrtifakı,"Kuzey, Güney, Doğu, Batı",,https://www.hepsiemlak.com/istanbul-kartal-hurriyet-satilik/daire/23950-682
153245-2835,Bağlar,Bağcılar,İstanbul,7.100.000 TL,130,120,3 + 1,1,5 Katlı,2. Kat,11 Yaşında,Kombi,Eşyalı Değil,Kiracılı,Kat Mülkiyeti,Güney,,https://www.hepsiemlak.com/istanbul-bagcilar-baglar-satilik/daire/153245-2835
170299-6,Kavaklı,Beylikdüzü,İstanbul,4.850.000 TL,110,90,2 + 1,1,4 Katlı,Bahçe Katı,Sıfır Bina,Kombi,Eşyalı Değil,Boş,Kat Mülkiyeti,"Kuzey, Güney, Doğu, Batı",,https://www.hepsiemlak.com/istanbul-beylikduzu-kavakli-satilik/daire/170299-6
163115-195,Bolluca,Arnavutköy,İstanbul,6.500.000 TL,90,82,2 + 1,1,6 Katlı,2. Kat,Sıfır Bina,Kombi,Eşyalı Değil,Boş,Kat İrtifakı,Güney,,https://www.hepsiemlak.com/istanbul-arnavutkoy-bolluca-satilik/daire/163115-195
42720-6389,Esenevler,Ümraniye,İstanbul,16.000.000 TL,142,106,4 + 2,2,5 Katlı,5. Kat,Sıfır Bina,Kombi,Eşyalı Değil,Boş,Kat Mülkiyeti,"Kuzey, Güney",,https://www.hepsiemlak.com/istanbul-umraniye-esenevler-satilik/daire/42720-6389
168478-97,Osmangazi,Sancaktepe,İstanbul,6.490.000 TL,90,82,2 + 1,1,5 Katlı,Yüksek Giriş,Sıfır Bina,Yerden Isıtma,Eşyalı Değil,Boş,Kat Mülkiyeti,Güney,,https://www.hepsiemlak.com/istanbul-sancaktepe-osmangazi-satilik/daire/168478-97
136372-91,Cevizli,Maltepe,İstanbul,5.750.000 TL,90,60,1 + 1,1,4 Katlı,Yüksek Giriş,6 Yaşında,Kombi,Eşyalı Değil,Mülk Sahibi,Kat Mülkiyeti,"Güney, Doğu",300 TL,https://www.hepsiemlak.com/istanbul-maltepe-cevizli-satilik/daire/136372-91
43996-30008,Merkez,Kağıthane,İstanbul,8.300.000 TL,90,70,2 + 1,2,3 Katlı,1. Kat,2 Yaşında,Kombi,Eşyalı Değil,Boş,Kat Mülkiyeti,"Güney, Doğu",250 TL,https://www.hepsiemlak.com/istanbul-kagithane-merkez-satilik/daire/43996-30008
95208-285,Aydınlı,Tuzla,İstanbul,5.490.000 TL,90,80,2 + 1,1,5 Katlı,2. Kat,2 Yaşında,Kombi,Eşyalı Değil,Boş,Tapu Yok,Doğu,,https://www.hepsiemlak.com/istanbul-tuzla-aydinli-satilik/daire/95208-285
81705-11738,Zafer,Bahçelievler,İstanbul,4.300.000 TL,120,110,3 + 1,1,4 Katlı,4. Kat,26 Yaşında,Kombi,Eşyalı Değil,Mülk Sahibi,Arsa,"Kuzey, Güney",,https://www.hepsiemlak.com/istanbul-bahcelievler-zafer-satilik/daire/81705-11738
1999-4768,Elmalıkent,Ümraniye,İstanbul,8.250.000 TL,75,60,2 + 1,1,14 Katlı,Giriş Katı,5 Yaşında,Merkezi (Pay Öl...,Eşyalı Değil,Boş,Kat Mülkiyeti,"Güney, Doğu",3.500 TL,https://www.hepsiemlak.com/istanbul-umraniye-elmalikent-satilik/daire/1999-4768
6485-6473,Yıldız,Beşiktaş,İstanbul,12.500.000 TL,80,70,2 + 1,1,5 Katlı,3. Kat,31 Yaşında,Kombi,Eşyalı Değil,Mülk Sahibi,Kat Mülkiyeti,"Kuzey, Güney",,https://www.hepsiemlak.com/istanbul-besiktas-yildiz-satilik/daire/6485-6473
116955-5895,Zümrütevler,Maltepe,İstanbul,24.500.000 TL,170,140,3 + 1,2,24 Katlı,21 ve üzeri,12 Yaşında,Merkezi (Pay Öl...,Eşyalı Değil,Mülk Sahibi,Kat Mülkiyeti,"Kuzey, Güney, Doğu, Batı",4.500 TL,https://www.hepsiemlak.com/istanbul-maltepe-zumrutevler-satilik/daire/116955-5895
169475-34,Harmantepe,Kağıthane,İstanbul,5.450.000 TL,90,78,2 + 1,1,7 Katlı,Yüksek Giriş,1 Yaşında,Kombi,Eşyalı Değil,Mülk Sahibi,Kat Mülkiyeti,"Güney, Doğu",400 TL,https://www.hepsiemlak.com/istanbul-kagithane-harmantepe-satilik/daire/169475-34
164308-83,Güzelce,Büyükçekmece,İstanbul,13.300.000 TL,214,155,4 + 1,3,10 Katlı,Yüksek Giriş,3 Yaşında,Merkezi (Pay Öl...,Eşyalı Değil,Boş,Yabancıdan,"Kuzey, Güney, Doğu, Batı",,https://www.hepsiemlak.com/istanbul-buyukcekmece-guzelce-satilik/daire/164308-83
141321-311,Yeşilpınar,Eyüpsultan,İstanbul,8.200.000 TL,110,100,2 + 1,1,10 Katlı,7. Kat,6 Yaşında,Kombi,Eşyalı Değil,Boş,Kat Mülkiyeti,"Güney, Doğu, Batı",800 TL,https://www.hepsiemlak.com/istanbul-eyupsultan-yesilpinar-satilik/daire/141321-311
123163-3776,Ovayenice,Çatalca,İstanbul,85.000.000 TL,330,300,7 + 1,6,1 Katlı,Bahçe Katı,21 Yaşında,Kombi,Eşyalı,Mülk Sahibi,Müstakil Tapulu,"Kuzey, Güney, Doğu, Batı",,https://www.hepsiemlak.com/istanbul-catalca-ovayenice-satilik/villa/123163-3776
161261-510,Kurtköy,Pendik,İstanbul,8.350.000 TL,100,85,3 + 1,2,6 Katlı,4. Kat,6 Yaşında,Kombi,Eşyalı Değil,Boş,Kat Mülkiyeti,"Güney, Batı",,https://www.hepsiemlak.com/istanbul-pendik-kurtkoy-satilik/daire/161261-510
125044-788,Akevler,Esenyurt,İstanbul,3.590.000 TL,110,100,2 + 1,1,11 Katlı,1. Kat,6 Yaşında,Kombi,Eşyalı Değil,Boş,Kat İrtifakı,Güney,,https://www.hepsiemlak.com/istanbul-esenyurt-akevler-satilik/daire/125044-788
166864-250,Huzur,Sarıyer,İstanbul,22.000.000 TL,116,85,2 + 1,2,30 Katlı,1. Kat,6 Yaşında,Merkezi (Pay Öl...,Eşyalı Değil,Boş,Kat Mülkiyeti,"Kuzey, Güney, Doğu, Batı",,https://www.hepsiemlak.com/istanbul-sariyer-huzur-satilik/daire/166864-250
164804-207,Sultan Murat,Küçükçekmece,İstanbul,2.800.000 TL,55,45,1 + 1,1,3 Katlı,Bahçe Katı,10 Yaşında,Kombi,Eşyalı Değil,Mülk Sahibi,Yabancıdan,"Kuzey, Güney, Doğu, Batı",,https://www.hepsiemlak.com/istanbul-kucukcekmece-sultan-murat-satilik/daire/164804-207
148484-363,Kordonboyu,Kartal,İstanbul,8.850.000 TL,105,90,3 + 1,1,7 Katlı,4. Kat,28 Yaşında,Kombi,Eşyalı Değil,Kiracılı,Kat Mülkiyeti,"Güney, Doğu, Batı",400 TL,https://www.hepsiemlak.com/istanbul-kartal-kordonboyu-satilik/daire/148484-363
146913-59,Yayla,Tuzla,İstanbul,4.350.000 TL,65,46,1 + 1,1,6 Katlı,Yüksek Giriş,4 Yaşında,Kombi,Eşyalı Değil,Kiracılı,Kat Mülkiyeti,"Güney, Doğu",900 TL,https://www.hepsiemlak.com/istanbul-tuzla-yayla-satilik/daire/146913-59
166547-104,Tahtakale,Avcılar,İstanbul,7.400.000 TL,120,80,2 + 1,2,23 Katlı,2. Kat,Sıfır Bina,Merkezi (Pay Öl...,Eşyalı Değil,Boş,Tapu Yok,Doğu,,https://www.hepsiemlak.com/istanbul-avcilar-tahtakale-satilik/daire/166547-104
1400-8227,İsmet Paşa,Bayrampaşa,İstanbul,8.500.000 TL,65,53,2 + 1,1,11 Katlı,1. Kat,5 Yaşında,Merkezi (Pay Öl...,Eşyalı Değil,Boş,Kat Mülkiyeti,,,https://www.hepsiemlak.com/istanbul-bayrampasa-ismet-pasa-satilik/daire/1400-8227
128306-851,Yeni Mahalle,Küçükçekmece,İstanbul,10.500.000 TL,180,165,3 + 2,3,4 Katlı,3. Kat,11 Yaşında,Kombi,Eşyalı Değil,Mülk Sahibi,Kat Mülkiyeti,Güney,,https://www.hepsiemlak.com/istanbul-kucukcekmece-yeni-mahalle-satilik/daire/128306-851
168709-59,Esentepe,Kartal,İstanbul,6.850.000 TL,90,80,2 + 1,1,5 Katlı,5. Kat,6 Yaşında,Kombi,Eşyalı Değil,Mülk Sahibi,Kat Mülkiyeti,"Güney, Doğu",,https://www.hepsiemlak.com/istanbul-kartal-esentepe-satilik/daire/168709-59
169695-17,Fındıklı,Maltepe,İstanbul,7.500.000 TL,135,120,2 + 1,2,5 Katlı,4. Kat,11 Yaşında,Kombi,Eşyalı Değil,Kiracılı,Kat Mülkiyeti,"Güney, Doğu",,https://www.hepsiemlak.com/istanbul-maltepe-findikli-satilik/daire/169695-17
1003-13871,Küçükyalı,Maltepe,İstanbul,14.250.000 TL,115,100,3 + 1,2,4 Katlı,3. Kat,6 Yaşında,Yerden Isıtma,Eşyalı Değil,Mülk Sahibi,Kat Mülkiyeti,"Güney, Doğu",,https://www.hepsiemlak.com/istanbul-maltepe-kucukyali-satilik/daire/1003-13871
117621-1386,Kartaltepe,Bayrampaşa,İstanbul,12.750.000 TL,115,95,4 + 2,2,6 Katlı,3. Kat,6 Yaşında,Kombi,Eşyalı Değil,,Kat Mülkiyeti,Batı,,https://www.hepsiemlak.com/istanbul-bayrampasa-kartaltepe-satilik/daire/117621-1386
169547-53,Yeşilkent,Esenyurt,İstanbul,5.500.000 TL,135,125,3 + 1,1,6 Katlı,1. Kat,11 Yaşında,Kombi,Eşyalı Değil,Kiracılı,Kat İrtifakı,Kuzey,,https://www.hepsiemlak.com/istanbul-esenyurt-yesilkent-satilik/daire/169547-53
85342-1220,Bağlar,Bağcılar,İstanbul,8.200.000 TL,115,102,2 + 1,2,20 Katlı,7. Kat,6 Yaşında,Merkezi (Pay Öl...,Eşyalı Değil,Mülk Sahibi,Kat Mülkiyeti,"Güney, Doğu",4.970 TL,https://www.hepsiemlak.com/istanbul-bagcilar-baglar-satilik/daire/85342-1220
153412-311,Zümrütevler,Maltepe,İstanbul,4.185.000 TL,75,65,2 + 1,1,5 Katlı,Bahçe Katı,11 Yaşında,Kombi,Eşyalı,Kiracılı,Kat Mülkiyeti,"Doğu, Batı",300 TL,https://www.hepsiemlak.com/istanbul-maltepe-zumrutevler-satilik/daire/153412-311
11217-10468,Zekeriyaköy,Sarıyer,İstanbul,76.500.000 TL,320,275,5 + 1,4,3 Katlı,,Sıfır Bina,Kombi,Eşyalı Değil,Boş,Kat Mülkiyeti,Doğu,,https://www.hepsiemlak.com/istanbul-sariyer-zekeriyakoy-satilik/villa/11217-10468
168955-32,Abdurrahmangazi,Sancaktepe,İstanbul,8.800.000 TL,140,123,3 + 1,2,4 Katlı,4. Kat,6 Yaşında,Kombi,Eşyalı Değil,Kiracılı,Kat Mülkiyeti,Güney,500 TL,https://www.hepsiemlak.com/istanbul-sancaktepe-abdurrahmangazi-satilik/daire/168955-32
31234-79853,Altunizade,Üsküdar,İstanbul,29.750.000 TL,210,165,3 + 2,2,5 Katlı,5. Kat,Sıfır Bina,Kombi,Eşyalı Değil,Boş,Kat Mülkiyeti,"Güney, Batı",,https://www.hepsiemlak.com/istanbul-uskudar-altunizade-satilik/daire/31234-79853
166969-177,Yenişehir,Ataşehir,İstanbul,12.000.000 TL,125,100,3 + 1,1,5 Katlı,3. Kat,16 Yaşında,Kombi,Eşyalı Değil,Mülk Sahibi,Kat İrtifakı,"Kuzey, Doğu",500 TL,https://www.hepsiemlak.com/istanbul-atasehir-yenisehir-satilik/daire/166969-177
169034-15,Hürriyet,Kartal,İstanbul,7.850.000 TL,106,96,2 + 1,2,7 Katlı,Yüksek Giriş,6 Yaşında,Kombi,Eşyalı Değil,Mülk Sahibi,Kat Mülkiyeti,Güney,700 TL,https://www.hepsiemlak.com/istanbul-kartal-hurriyet-satilik/daire/169034-15
5700-2627,Caferağa,Kadıköy,İstanbul,17.000.000 TL,120,110,3 + 1,2,5 Katlı,4. Kat,31 Yaşında,Kombi,Eşyalı,Kiracılı,Kat Mülkiyeti,Güney,,https://www.hepsiemlak.com/istanbul-kadikoy-caferaga-satilik/daire/5700-2627
145309-983,Talatpaşa,Kağıthane,İstanbul,5.900.000 TL,90,55,2 + 1,1,14 Katlı,1. Kat,Sıfır Bina,Merkezi (Pay Öl...,Eşyalı Değil,Boş,Kat İrtifakı,"Güney, Batı",6.190 TL,https://www.hepsiemlak.com/istanbul-kagithane-talatpasa-satilik/residence/145309-983
77943-4880,Güneşli,Bağcılar,İstanbul,6.650.000 TL,120,105,3 + 1,1,3 Katlı,1. Kat,11 Yaşında,Kombi,Eşyalı Değil,Kiracılı,Kat İrtifakı,,,https://www.hepsiemlak.com/istanbul-bagcilar-gunesli-satilik/daire/77943-4880
101119-319,Yamanevler,Ümraniye,İstanbul,6.550.000 TL,55,45,1 + 1,1,9 Katlı,6. Kat,6 Yaşında,Kombi,Eşyalı Değil,Kiracılı,Kat Mülkiyeti,"Güney, Batı",,https://www.hepsiemlak.com/istanbul-umraniye-yamanevler-satilik/daire/101119-319
24435-4647,Çağlayan,Kağıthane,İstanbul,6.450.000 TL,80,65,2 + 1,1,5 Katlı,2. Kat,13 Yaşında,Kombi,Eşyalı Değil,Mülk Sahibi,Kat İrtifakı,Doğu,300 TL,https://www.hepsiemlak.com/istanbul-kagithane-caglayan-satilik/daire/24435-4647
116271-202,Yalı,Kartal,İstanbul,7.500.000 TL,90,70,2 + 1,1,6 Katlı,4. Kat,3 Yaşında,Kombi,Eşyalı Değil,Boş,Kat Mülkiyeti,"Güney, Doğu, Batı",,https://www.hepsiemlak.com/istanbul-kartal-yali-satilik/daire/116271-202
40658-22476,Ayazağa,Sarıyer,İstanbul,5.600.000 TL,69,55,1 + 1,1,9 Katlı,Ara Kat,15 Yaşında,Kombi,Eşyalı Değil,Kiracılı,Kooperatiften H...,"Güney, Doğu",4.200 TL,https://www.hepsiemlak.com/istanbul-sariyer-ayazaga-satilik/daire/40658-22476
170044-16,Yeşilköy,Bakırköy,İstanbul,74.500.000 TL,355,285,5 + 2,3,5 Katlı,4. Kat,11 Yaşında,Kombi,Eşyalı Değil,Boş,Yabancıdan,,,https://www.hepsiemlak.com/istanbul-bakirkoy-yesilkoy-satilik/daire/170044-16
